-- --------------------------------------------------------
-- Host:                         127.0.0.1
-- Server version:               5.1.70-community - MySQL Community Server (GPL)
-- Server OS:                    Win64
-- HeidiSQL Version:             8.0.0.4396
-- --------------------------------------------------------

/*!40101 SET @OLD_CHARACTER_SET_CLIENT=@@CHARACTER_SET_CLIENT */;
/*!40101 SET NAMES utf8 */;
/*!40014 SET @OLD_FOREIGN_KEY_CHECKS=@@FOREIGN_KEY_CHECKS, FOREIGN_KEY_CHECKS=0 */;
/*!40101 SET @OLD_SQL_MODE=@@SQL_MODE, SQL_MODE='NO_AUTO_VALUE_ON_ZERO' */;

-- Dumping database structure for labbooking
CREATE DATABASE IF NOT EXISTS `labbooking` /*!40100 DEFAULT CHARACTER SET utf8 COLLATE utf8_czech_ci */;
USE `labbooking`;


-- Dumping structure for table labbooking.approvers
DROP TABLE IF EXISTS `approvers`;
CREATE TABLE IF NOT EXISTS `approvers` (
  `id` int(10) unsigned NOT NULL AUTO_INCREMENT,
  `user_eid` varchar(7) CHARACTER SET utf8 COLLATE utf8_czech_ci NOT NULL,
  `devices_id` int(11) NOT NULL,
  PRIMARY KEY (`id`)
) ENGINE=InnoDB AUTO_INCREMENT=20 DEFAULT CHARSET=utf8 COLLATE=utf8_unicode_ci ROW_FORMAT=COMPACT;

-- Dumping data for table labbooking.approvers: ~18 rows (approximately)
DELETE FROM `approvers`;
/*!40000 ALTER TABLE `approvers` DISABLE KEYS */;
INSERT INTO `approvers` (`id`, `user_eid`, `devices_id`) VALUES
	(1, 'e228392', 170),
	(2, 'e275009', 119),
	(3, 'e275009', 121),
	(4, 'e275009', 136),
	(5, 'e324601', 4),
	(6, 'e324601', 6),
	(7, 'e324601', 114),
	(8, 'e324601', 124),
	(9, 'e324601', 128),
	(10, 'e677413', 5),
	(11, 'e677413', 113),
	(12, 'e677413', 118),
	(13, 'e677413', 120),
	(14, 'e228392', 175),
	(15, 'e390270', 176),
	(17, 'e555540', 186),
	(18, 'e425703', 187),
	(19, 'E555540', 9);
/*!40000 ALTER TABLE `approvers` ENABLE KEYS */;


-- Dumping structure for table labbooking.devices
DROP TABLE IF EXISTS `devices`;
CREATE TABLE IF NOT EXISTS `devices` (
  `id` int(11) NOT NULL AUTO_INCREMENT,
  `reservable` enum('YES','NO') COLLATE utf8_czech_ci NOT NULL DEFAULT 'YES',
  `serialnum` varchar(50) COLLATE utf8_czech_ci NOT NULL,
  `invnum` varchar(50) COLLATE utf8_czech_ci NOT NULL,
  `location_id` int(10) unsigned DEFAULT NULL,
  `workplace_number` varchar(10) COLLATE utf8_czech_ci DEFAULT '0',
  `sort_id` int(10) unsigned NOT NULL,
  `manufacturer_id` int(10) unsigned DEFAULT NULL,
  `model` varchar(50) COLLATE utf8_czech_ci NOT NULL,
  `description` text COLLATE utf8_czech_ci,
  `group_id` int(11) NOT NULL,
  `need_approval` enum('Y','N') COLLATE utf8_czech_ci NOT NULL DEFAULT 'N',
  `calibration_due_date` date NOT NULL DEFAULT '1900-01-01',
  `calibration_certificate_number` varchar(45) COLLATE utf8_czech_ci DEFAULT NULL,
  `image_id` int(10) DEFAULT NULL,
  `approver` varchar(7) COLLATE utf8_czech_ci DEFAULT NULL,
  `garant` varchar(7) COLLATE utf8_czech_ci DEFAULT NULL,
  `active` enum('yes','no') COLLATE utf8_czech_ci NOT NULL DEFAULT 'yes',
  PRIMARY KEY (`id`)
) ENGINE=MyISAM AUTO_INCREMENT=188 DEFAULT CHARSET=utf8 COLLATE=utf8_czech_ci ROW_FORMAT=DYNAMIC;

-- Dumping data for table labbooking.devices: 70 rows
DELETE FROM `devices`;
/*!40000 ALTER TABLE `devices` DISABLE KEYS */;
INSERT INTO `devices` (`id`, `reservable`, `serialnum`, `invnum`, `location_id`, `workplace_number`, `sort_id`, `manufacturer_id`, `model`, `description`, `group_id`, `need_approval`, `calibration_due_date`, `calibration_certificate_number`, `image_id`, `approver`, `garant`, `active`) VALUES
	(165, 'YES', '', '', 0, '', 20, 25, 'Buildings 1', '', 6, 'N', '1900-01-01', NULL, 34, NULL, NULL, 'yes'),
	(128, 'YES', '58566122020010', '950027', 2, '1', 4, 14, 'VC3 (1-Sobotka)', 'Modernejsi design PC Terminal s 12“ barevnym-Touch a jednoduchym menu na plose ke komfortni obsluze Dalkove ovladani pres Intranet nebo internet Integrovane uloziste namerenych dat Dobre odecitatelny CONTROLPAD ve dverich Elektricky dverni zamek s dalkovym ovladanim Zesileny zvlhcovaci system Spolehlivost i pri vyssich teplotach v okoli Zlepsena prostorova homogenita teploty prostrednictvim optimalizovane cirkulace vzduchu Zasobovaci pripojka a zasobnik vody lepe dostupna USB- a ethernetove rozhrani Nizsi hlucnost', 2, 'Y', '1900-01-01', NULL, 6, 'e324601', NULL, 'yes'),
	(136, 'YES', '58226067770010', '202360', 2, '11', 4, 5, 'WK 340/40(11-Hrebicek)', 'Climatic testing cabinets WK are economical standard testing systems of the latest generation for climatic testing. Test space volume 180 … 1,500 l Temperature range -70°V … +180°C Humidity range 10 … 98 % r.h.', 2, 'Y', '2012-07-26', 'CKS-093/2011 Holab', 19, 'e275009', NULL, 'yes'),
	(114, 'YES', '58226047920060', '200792', 5, '2', 4, 5, 'WK 340/70(2-Sobotka)', 'Climatic testing cabinets WK WT and WK are economical standard testing systems of the latest generation for temperature and climatic testing. Test space volume 180 … 1,500 l Temperature range -70°V … +180°C Humidity range 10 … 98 % r.h.', 2, 'Y', '2012-04-19', 'HoLab CKS038/2011', 16, 'e324601', NULL, 'yes'),
	(123, 'YES', 'V0548100914', '201367', 3, '9', 7, 10, 'UCS500M', '', 1, 'N', '2012-11-02', 'EM TEST CE-D18193-UCS500M6B-111102', 26, NULL, NULL, 'yes'),
	(121, 'YES', '58226055080010', '201116', 2, '7', 4, 5, 'WK 340/40(7-Hrebicek)', 'Climatic testing cabinets WK are economical standard testing systems of the latest generation for climatic testing. Test space volume 180 … 1,500 l Temperature range -70°V … +180°C Humidity range 10 … 98 % r.h.', 2, 'Y', '2012-07-27', 'CKS-094/2011 Holab', 18, 'e275009', NULL, 'yes'),
	(157, 'NO', '', '', 0, '', 21, 23, 'Water Leakage Test', '', 7, 'N', '1900-01-01', NULL, NULL, NULL, NULL, 'yes'),
	(155, 'NO', '', '', 0, '', 21, 23, 'Break Test', '', 7, 'N', '1900-01-01', NULL, NULL, NULL, NULL, 'yes'),
	(175, 'YES', '1012001812', '', 12, '0', 4, 28, 'LHU-113 (Martinik)', '', 2, 'Y', '1900-01-01', NULL, 45, 'e228392', NULL, 'yes'),
	(8, 'NO', '', '200051', 0, '', 5, 6, '2700', '&#65279;Combines functions of DMM, switch system, and datalogger, true 6-1&#8260;2-digit (22-bit) resolution, choice of 12 switch/control plug-in modules, up to 200 differential input channels (with 300V isolation) for measurement and control, GPIB, RS-232', 4, 'N', '2012-03-15', '11027', NULL, NULL, NULL, 'yes'),
	(164, 'YES', '', '', 0, '', 20, 25, 'Electro 3', '', 6, 'N', '1900-01-01', NULL, NULL, NULL, NULL, 'yes'),
	(122, 'YES', 'V0548100913', '201366', 3, '10', 7, 10, 'UCS500M', '', 1, 'N', '2012-01-13', 'CE-D18193-UCS500M6B-110113 EM test', 25, NULL, NULL, 'yes'),
	(171, 'YES', '200361', '16000066', 9, '0', 8, 9, 'FSQ26', '', 4, 'N', '1900-01-01', NULL, 42, NULL, NULL, 'yes'),
	(125, 'YES', 'V0644101912', '201968', 3, '1', 7, 10, 'UCS500M', '', 1, 'N', '2013-04-11', '94/12/S energize group s.r.o.', 27, NULL, NULL, 'yes'),
	(115, 'YES', '', '200709', 8, '0', 8, 9, 'ESPI3', 'Test Receiver The model range is 9 kHz to 3 GHz Fitted with the optional preselector/preamplifier, ESPI models feature an excellent dynamic range and are therefore able to perform precise interference measurements with pulse repetition frequencies (PRF) from 10 Hz to CISPR 16-1.', 4, 'N', '2013-04-18', '4150-K0033/12 rohde&schwarz', 12, NULL, NULL, 'yes'),
	(139, 'YES', '', '200557', 4, 'rack', 15, 20, 'WT 200', 'A high frequency range and improved precision make this power meter an excellent tool. Maximum input with assured accuracy: 26 A Basic accuracy: 0.1% DC measurement: 0.5 Hz to 100 kHz frequency range Compact design (half-rack size) 5 mA range for very low current measurements (model WT210 only) Line filter function High-speed data update (as fast as 10 readings per second) Harmonic measurement function available User calibration capability Large-current measurement capability using external sensor input Basic Characteristics Comparison with Former Models Easily Acquire and Manage Power Measurement Data from Your PC', 4, 'N', '2012-07-11', '11103', 13, NULL, NULL, 'yes'),
	(162, 'YES', '', '', 0, '', 20, 25, 'Electro 1', '', 6, 'N', '1900-01-01', NULL, NULL, NULL, NULL, 'yes'),
	(166, 'YES', '', '', 0, '', 20, 25, 'Buildings 2', '', 6, 'N', '1900-01-01', NULL, 35, NULL, NULL, 'yes'),
	(178, 'YES', '', '', 0, '0', 28, 0, 'RF Chamber RIGHT', '', 4, 'N', '1900-01-01', NULL, NULL, NULL, NULL, 'yes'),
	(159, 'NO', '', '', 0, '', 22, 23, '', '', 7, 'N', '1900-01-01', NULL, 32, NULL, NULL, 'yes'),
	(149, 'YES', '100790', '203070', 9, '0', 8, 9, 'FSL3', '', 4, 'N', '1900-01-01', NULL, 38, NULL, NULL, 'yes'),
	(147, 'NO', '', '', 0, '', 18, 23, 'Small Flow bench', '', 7, 'N', '1900-01-01', NULL, NULL, NULL, NULL, 'yes'),
	(9, 'YES', '55623', '200224', 3, '8', 2, 7, 'iX 5001', 'AC power: 5000 VA DC Power: 3500 W Output Phases: 1 Frequency: DC, 16-500 Hz Line Input: 208 VAC L-L, 3 Phase a full featured, compact, high output AC and DC power unit, offering transient generation, arbitrary waveform generation, standard measureme', 1, 'Y', '2012-06-29', '2476/2011 HES', 4, 'E555540', NULL, 'yes'),
	(6, 'YES', '58226039870090', '200227', 2, '5', 4, 5, 'WK 340/70(5-Sobotka)', 'Climatic testing cabinets WK WT and WK are economical standard testing systems of the latest generation for temperature and climatic testing. Test space volume 180 … 1,500 l Temperature range -70°V … +180°C Humidity range 10 … 98 % r.h.', 2, 'Y', '2012-08-22', 'CKS-100/2011 Holab', 15, 'e324601', NULL, 'yes'),
	(187, 'YES', '', '123456', 5, '0', 18, 2, 'MojeZarizeni', '', 2, 'Y', '1900-01-01', NULL, NULL, NULL, NULL, 'yes'),
	(172, 'YES', '101250', '16000062', 9, '0', 8, 9, 'SMJ100A', '', 4, 'N', '1900-01-01', NULL, 43, NULL, NULL, 'yes'),
	(138, 'YES', '', '201119', 12, '1', 14, 19, 'Promi PC3000', '', 4, 'N', '2013-02-06', '6252-KL-S0052-12', 39, NULL, NULL, 'yes'),
	(154, 'NO', '', '', 0, '', 21, 23, 'Operating Torque Test', '', 7, 'N', '1900-01-01', NULL, NULL, NULL, NULL, 'yes'),
	(163, 'YES', '', '', 0, '', 20, 25, 'Electro 2', '', 6, 'N', '1900-01-01', NULL, NULL, NULL, NULL, 'yes'),
	(129, 'YES', '', '203190', 0, '', 10, 15, 'VMS2/08/20/125', 'Zkusebni zarizeni umoznujici zjisteni vlastnosti materialu, chovani vyrobku a zarizeni pri rychle zmene okolnich teplot. Rychlost zmeny je dana mechanickou zmenou polohy (pneumaticky valec) mezi dvema zkusebnimi prostory s nezavislym nastavenim teplot. V Honeywell IDC Brno je vybaveni predurceno pro testovani odolnosti elektronickych/mechanickych vyrobku (osazene desky plosnych spoju) vuci teplotnim sokum. objem prostoru 120 litr zatizeni zdvihu max. 20 kg tepla komora okolni teplota az +220°C studena komora -80°C az okolni teplota mistnosti Teplotni presnost ±1°C za ustalenych podminek Rozmery vnitrniho pracovniho prostoru S=480mm, H=650mm, V=400mm Casove prodlevy v obou extremech Nastavitelne pomoci dvou casovych rele v rozsahu 5minut az 30 hodin.', 3, 'N', '2011-12-09', 'CKS-029/2010 Holab s.r.o.', 37, NULL, NULL, 'yes'),
	(142, 'YES', 'V0644101912', '200941', 3, '7', 7, 10, 'EFT 503', '', 1, 'N', '2012-06-21', 'CE-D18193-EFT500-110621 EMTEST', 28, NULL, NULL, 'yes'),
	(176, 'YES', '58226112300010', '30000453', 2, '3', 4, 5, 'WK3 340/40(3-Tlach)', 'Available in a range of capacities from 190 litres to 1540 litres\r\n    Temperature Range: -70°C or -40°C to +180°C\r\n    Humidity Range: 10%RH to 98%RH (+10°C to +95°C)\r\n    12&quot; Colour Touchscreen\r\n    Integrated recording of data\r\n    Data transfer via Ethernet or USB\r\n    Remote control and monitoring possible', 2, 'Y', '1900-01-01', NULL, 46, 'e390270', NULL, 'yes'),
	(181, 'YES', '41019906', '200622', 4, '0', 29, 29, '3540-03', 'milliohm meter', 4, 'N', '2013-04-05', '1495/12/A energize group s.r.o.', 49, NULL, NULL, 'yes'),
	(119, 'YES', '58.22605676.0010', '201428', 2, '9', 3, 5, 'WT 340/70(9-Hrebicek)', 'Temperature testing cabinets WT are economical standard testing systems of the latest generation for temperature testing. Test space volume 180 … 1,500 l Temperature range -70°V … +180°C Humidity range 10 … 98 % r.h.', 2, 'Y', '2012-08-22', 'CKS-101/2011 Holab', 22, 'e275009', NULL, 'yes'),
	(177, 'YES', '', '', 0, '0', 28, 0, 'RF Chamber LEFT', '', 4, 'N', '1900-01-01', NULL, NULL, NULL, NULL, 'yes'),
	(161, 'YES', '14173421', '', 0, '', 24, 24, 'REAL 30G4', '', 3, 'N', '1900-01-01', NULL, 11, NULL, NULL, 'yes'),
	(116, 'YES', '0710283', '200713', 3, '2', 7, 8, 'EMCPro Plus', 'An efficient, easy-to-use EMC immunity test system • Test capabilities for EMC Directives PLUS: ANSI/IEEE, CCITT, ETSI, UL, &amp; others • Can be configured with up to seven test capabilities • Combination &amp; ring wave surge test to 6kV • Many options: mains &amp; I/O coupler/decouplers, magnetic field monitors, coils, etc.', 1, 'N', '2012-02-24', '69997 ThermoFisher', 24, NULL, NULL, 'yes'),
	(10, 'YES', '0710280', '200229', 3, '3', 7, 8, 'EMCPro', 'An efficient, easy-to-use EMC immunity test system • Test capabilities for EMC Directives PLUS: ANSI/IEEE, CCITT, ETSI, UL, &amp; others • Can be configured with up to seven test capabilities • Combination &amp; ring wave surge test to 6kV • Many options: mains &amp; I/O coupler/decouplers, magnetic field monitors, coils, etc.', 1, 'N', '2011-12-15', '0069456 ThermoFisher Scientific', 9, NULL, NULL, 'yes'),
	(12, 'YES', '403233', '200315', 4, 'rack', 6, 8, '2034', 'Industry recognized 0 to 25kV ESD simulator that can be hand-held or tripod-mounted. • Library of interchangeable discharge networks, current injection adapters &amp; tips plug into discharge barrel • Air discharge simulation • Dirtect current injection', 1, 'N', '2013-01-25', '7240-070/2012 VOP-026 stenberk', 8, NULL, NULL, 'yes'),
	(169, 'YES', '', '200039', 0, '', 25, 1, 'P6015A', '', 4, 'N', '2012-03-01', '817/2011 HES', 40, NULL, NULL, 'yes'),
	(4, 'YES', '58226039870050', '200226', 1, '3', 3, 5, 'WT 340/70(3-Sobotka)', 'Temperature testing cabinets WT are economical standard testing systems of the latest generation for temperature testing. Test space volume 180 … 1,500 l Temperature range -70°V … +180°C Humidity range 10 … 98 % r.h.', 2, 'Y', '2013-01-04', 'JD Dvorak 59JD-402/12', 20, 'e324601', NULL, 'yes'),
	(120, 'YES', '58.22605725.0100', '201120', 2, '8', 4, 5, 'WK 340/70(8-Rab)', 'Climatic testing cabinets WK WT and WK are economical standard testing systems of the latest generation for temperature and climatic testing. Test space volume 180 … 1,500 l Temperature range -70°V … +180°C Humidity range 10 … 98 % r.h.', 2, 'Y', '2012-04-19', 'HoLab CKS039/2011', 17, 'e677413', NULL, 'yes'),
	(130, 'YES', 'VO645101936', '202344', 3, '6', 7, 10, 'CWS500CS1', 'Sada pro 61000-4-6', 1, 'N', '2012-06-22', 'CE-D18193-CWS500CS1-110622 EMTEST', 5, NULL, NULL, 'yes'),
	(131, 'YES', 'DM9541051', '203151', 4, 'rack', 5, 16, '435', 'Tento analyzator site umoznuje identifikovat, predvidat, zabranit a resit problemy s distribucni trifazovou siti. Jednoduche ovladani a robustni provedeni delaji z Fluke 435 idealni prostredek pro potreby udrzby napajeci soustavy. Navic pristroj dokaze zaznamenavat parametry siti pro potreby norem 61000-4-30 Class A plus EN 50160, takze vyhovuje pro ucely IEC 61000-4-7.', 4, 'N', '2013-01-18', 'CALNet Fluke', 23, NULL, NULL, 'yes'),
	(5, 'YES', '58226039870010', '200228', 2, '4', 4, 5, 'WK 340/40(4Rab)', 'Climatic testing cabinets WK are economical standard testing systems of the latest generation for climatic testing. Test space volume 180 … 1,500 l Temperature range -70°V … +180°C Humidity range 10 … 98 % r.h.', 2, 'Y', '2012-08-23', 'CKS-102/2011 Holab', 14, 'e677413', NULL, 'yes'),
	(140, 'YES', '25000404', '201362', 3, '4', 16, 21, 'Thermo Vision A40', 'The ThermoVision® A40M Researcher infrared camera is an affordable, accurate, intelligent infrared imaging and temperature measurement camera for industrial process development and monitoring, product verification, and security applications. The ultra-compact, rugged A40M features built-in logic, intuitive menu-driven configuration, multiple cursors and independent alarms, real-time color video output, numerous connectivity interfaces, and plug-and-play network configuration.', 4, 'N', '2013-04-05', '87/12/S energize group sro', 2, NULL, NULL, 'yes'),
	(170, 'YES', '58566140960010', '16000161', 2, '13', 4, 14, 'VC3 (13-Martinik)', '', 2, 'Y', '1900-01-01', NULL, 41, 'e228392', NULL, 'yes'),
	(11, 'YES', '403215', '200314', 4, 'rack', 6, 8, 'MiniZap', 'The KeyTek MiniZap® ESD simulator meets mandatory requirements for company-wide ESD test programs: • High performance in a rugged hand-held unit for the manufacturing floor and the field as well as the lab • Safely &amp; easily generates reliable real world, repeatable &amp; correlatable ESD simulation pulses • Direct contact mode &amp; air discharge testing, plus coupling planes for indirect ESD tests', 1, 'N', '1900-01-01', NULL, 10, NULL, NULL, 'yes'),
	(113, 'YES', '58226047920010', '200791', 2, '6', 3, 5, 'WT 340/70/5(6-Rab)', 'Temperature testing cabinets WT are economical standard testing systems of the latest generation for temperature testing. Test space volume 180 … 1,500 l Temperature range -70°V … +180°C Humidity range 10 … 98 % r.h. Speed 5k/min', 2, 'Y', '2012-07-26', 'CKS-092/2011 Holab', 21, 'e677413', NULL, 'yes'),
	(153, 'NO', '', '', 0, '', 21, 23, 'Mechanical Endurance Test', '', 7, 'N', '1900-01-01', NULL, NULL, NULL, NULL, 'yes'),
	(180, 'YES', 'V1138110835', '30000489-1', 3, '0', 6, 10, 'OCS 500N', 'Oscillatory Compact Simulator', 1, 'N', '1900-01-01', NULL, 48, NULL, NULL, 'yes'),
	(141, 'YES', 'dito707029', '202849', 3, '5', 6, 10, 'dito', '', 1, 'N', '2011-10-20', '1013-KL-80038-10 CMI/VTUPV', 30, NULL, NULL, 'yes'),
	(137, 'YES', '9330503', '200335', 4, 'rack', 13, 18, 'Hypot III', 'Model 3705 je 5KV AC Hipot meric izolacniho odporu s grafickym LCD. Necha se pouzit jako samostatny zkusebni pristroj anebo diky vestavenemu seriovemu kanalu RS-232 zaclenit do automatizovaneho zkusebniho pracoviste.', 4, 'N', '2012-12-07', '4532/2010 HES', 7, NULL, NULL, 'yes'),
	(118, 'YES', '56226049340010', '200817', 2, '14', 3, 5, 'WTL 34/40(14-Rab)', '', 2, 'Y', '2012-07-26', 'CKS-095/2011 Holab', NULL, 'e677413', NULL, 'yes'),
	(146, 'NO', '', '', 0, '', 18, 23, 'Big Flow bench', '', 7, 'N', '1900-01-01', NULL, NULL, NULL, NULL, 'yes'),
	(158, 'NO', '', '', 0, '', 21, 23, 'Air Leakage Test', '', 7, 'N', '1900-01-01', NULL, NULL, NULL, NULL, 'yes'),
	(144, 'YES', '', '', 6, '2', 12, 16, '5500A', 'Kalibrator', 4, 'N', '1900-01-01', NULL, 33, NULL, NULL, 'yes'),
	(186, 'YES', '', '', NULL, '0', 18, NULL, 'ewewewewewewewew', 'vwevwvwv', 2, 'Y', '1900-01-01', NULL, NULL, NULL, NULL, 'no'),
	(156, 'NO', '', '', 0, '', 21, 23, 'EN 215 Charact. curves Test', '', 7, 'N', '1900-01-01', NULL, NULL, NULL, NULL, 'yes'),
	(145, 'YES', '', '', 6, '3', 17, 22, 'Navitar', '', 4, 'N', '1900-01-01', NULL, 36, NULL, NULL, 'yes'),
	(7, 'NO', '', '200050', 0, '', 5, 6, '2700', '&#65279;Combines functions of DMM, switch system, and datalogger, true 6-1&#8260;2-digit (22-bit) resolution, choice of 12 switch/control plug-in modules, up to 200 differential input channels (with 300V isolation) for measurement and control, GPIB, RS-232', 4, 'N', '2013-02-08', '12050', NULL, NULL, NULL, 'yes'),
	(179, 'YES', '58566161910010', '950147', 1, '0', 10, 14, 'VT3 7006 S2', '', 3, 'N', '1900-01-01', NULL, 47, NULL, NULL, 'yes'),
	(148, 'NO', '', '', 0, '', 18, 23, 'Leakage bench', '', 7, 'N', '1900-01-01', NULL, NULL, NULL, NULL, 'yes'),
	(167, 'YES', '', '', 0, '', 26, 25, 'No. 4', '', 8, 'N', '1900-01-01', NULL, NULL, NULL, NULL, 'yes'),
	(160, 'NO', '', '', 0, '', 23, 23, '', '', 7, 'N', '1900-01-01', NULL, 31, NULL, NULL, 'yes'),
	(173, 'YES', '', '', 12, '0', 27, 25, 'MV QP 40', '', 9, 'N', '1900-01-01', NULL, NULL, NULL, NULL, 'yes'),
	(168, 'YES', '', '', 0, '', 26, 25, 'No. 5', '', 8, 'N', '1900-01-01', NULL, NULL, NULL, NULL, 'yes'),
	(174, 'YES', '', '', 13, '0', 10, 26, 'TSS-70/32', 'Temperature shock chamber \r\n\r\nKontakt:\r\nZkušební zařízení se nachází v budově CZ23 – Turbo laboratoř!\r\nSuchá Petra (E530005)\r\nPařil, Lukáš (Brno Test Lab) (E362488)', 3, 'N', '1900-01-01', NULL, 44, NULL, NULL, 'yes'),
	(124, 'YES', '44235', '202387', 2, '10', 4, 11, 'CH340(10-Sobotka)', '', 2, 'Y', '2011-11-15', 'CKS-025/2010 Holab s.r.o.', 3, 'e324601', NULL, 'yes'),
	(117, 'YES', 'dito305047', '201044', 3, '4', 6, 10, 'dito', '', 1, 'N', '2011-10-14', '1013-KL-80034-10 CMI/VTUPV', 29, NULL, NULL, 'yes');
/*!40000 ALTER TABLE `devices` ENABLE KEYS */;


-- Dumping structure for table labbooking.device_documents
DROP TABLE IF EXISTS `device_documents`;
CREATE TABLE IF NOT EXISTS `device_documents` (
  `id` int(10) NOT NULL AUTO_INCREMENT,
  `file_name` varchar(100) COLLATE utf8_czech_ci NOT NULL,
  `device_id` int(11) NOT NULL,
  `display_file_name` varchar(100) COLLATE utf8_czech_ci DEFAULT NULL,
  PRIMARY KEY (`id`)
) ENGINE=InnoDB AUTO_INCREMENT=148 DEFAULT CHARSET=utf8 COLLATE=utf8_czech_ci;

-- Dumping data for table labbooking.device_documents: ~3 rows (approximately)
DELETE FROM `device_documents`;
/*!40000 ALTER TABLE `device_documents` DISABLE KEYS */;
INSERT INTO `device_documents` (`id`, `file_name`, `device_id`, `display_file_name`) VALUES
	(131, '187-51e39aee26525.xml', 187, 'scvd'),
	(146, '146-51e3af6345291.xml', 146, 'test'),
	(147, '146-51e3af9c34ead.xml', 146, 'dgdf');
/*!40000 ALTER TABLE `device_documents` ENABLE KEYS */;


-- Dumping structure for table labbooking.group
DROP TABLE IF EXISTS `group`;
CREATE TABLE IF NOT EXISTS `group` (
  `id` int(11) unsigned NOT NULL AUTO_INCREMENT,
  `name` varchar(30) COLLATE utf8_unicode_ci NOT NULL,
  `need_approval` enum('0','1') COLLATE utf8_unicode_ci NOT NULL,
  `comment` varchar(50) CHARACTER SET utf8 COLLATE utf8_czech_ci DEFAULT NULL,
  PRIMARY KEY (`id`)
) ENGINE=InnoDB AUTO_INCREMENT=10 DEFAULT CHARSET=utf8 COLLATE=utf8_unicode_ci ROW_FORMAT=COMPACT;

-- Dumping data for table labbooking.group: ~7 rows (approximately)
DELETE FROM `group`;
/*!40000 ALTER TABLE `group` DISABLE KEYS */;
INSERT INTO `group` (`id`, `name`, `need_approval`, `comment`) VALUES
	(1, 'EMC tests', '0', NULL),
	(2, 'Climatic tests', '0', NULL),
	(3, 'Reliability tests', '0', NULL),
	(4, 'Other tests', '0', NULL),
	(6, 'Life tests', '0', NULL),
	(8, 'Workbench', '0', NULL),
	(9, 'Hydraulic tests', '0', NULL);
/*!40000 ALTER TABLE `group` ENABLE KEYS */;


-- Dumping structure for table labbooking.images
DROP TABLE IF EXISTS `images`;
CREATE TABLE IF NOT EXISTS `images` (
  `id` int(11) unsigned NOT NULL AUTO_INCREMENT,
  `devices_id` int(11) NOT NULL,
  `info` varchar(255) COLLATE utf8_czech_ci NOT NULL,
  `path` varchar(255) COLLATE utf8_czech_ci NOT NULL,
  PRIMARY KEY (`id`),
  KEY `fk_images_devices1` (`devices_id`)
) ENGINE=InnoDB AUTO_INCREMENT=54 DEFAULT CHARSET=utf8 COLLATE=utf8_czech_ci;

-- Dumping data for table labbooking.images: ~49 rows (approximately)
DELETE FROM `images`;
/*!40000 ALTER TABLE `images` DISABLE KEYS */;
INSERT INTO `images` (`id`, `devices_id`, `info`, `path`) VALUES
	(2, 140, 'Infra Red Camera Flir Systems', 'infra_camera.png'),
	(3, 124, 'Climat. Chamber Angelantoni', 'angelantoni.png'),
	(4, 9, 'Power Source California', 'ix5001.png'),
	(5, 130, 'EMC Simulator CWS500CS1', 'cws500cs1.png'),
	(6, 128, 'Climat. Chamber Vötsch  VC3 4034', 'votsch.png'),
	(7, 137, 'Dielectric withstand tester  Hypot III', 'hypot_III.png'),
	(8, 12, 'ESD Simulator Keytek  2034', 'keytek_2000.jpg'),
	(9, 10, 'EMC Simulator Keytek EMCPro', 'keytek_emcpro.png'),
	(10, 11, 'ESD Simulator Keytek  MiniZap', 'keytek_minizap.jpg'),
	(11, 161, 'HALT/HASS Chamber REAL 30G4', 'Real_30G4.png'),
	(12, 115, 'Spectrum Analyser R&S ESPI3', 'espi3.png'),
	(13, 139, 'Wattmetr Yokogawa  WT 200', 'wt_200.png'),
	(14, 5, 'Climat. Chamber Weiss  WK 340/40', 'weiss_wt_wk.png'),
	(15, 6, 'Climat. Chamber Weiss  WK 340/70', 'weiss_wt_wk.png'),
	(16, 114, 'Climat. Chamber Weiss WK 340/70', 'weiss_wt_wk.png'),
	(17, 120, 'Climat. Chamber Weiss WK 340/70', 'weiss_wt_wk.png'),
	(18, 121, 'Climat. Chamber Weiss WK 340/70', 'weiss_wt_wk.png'),
	(19, 136, 'Climat. Chamber Weiss  WK 340/40', 'weiss_wt_wk.png'),
	(20, 4, 'Temp. Chamber Weiss WT 340/70', 'weiss_wt_wk.png'),
	(21, 113, 'Temp. Chamber Weiss WT 340/70/5', 'weiss_wt_wk.png'),
	(22, 119, 'Temp. Chamber Weiss	WT 340/70', 'weiss_wt_wk.png'),
	(23, 131, 'Datalogger Fluke 435', 'fluke_435.png'),
	(24, 116, 'EMC Simulator Keytek EMCPro Plus', 'keytek_emcpro.png'),
	(25, 122, 'EMC Simulator UCS500M', 'UCS500M.png'),
	(26, 123, 'EMC Simulator UCS500M', 'UCS500M.png'),
	(27, 125, 'EMC Simulator UCS500M', 'UCS500M.png'),
	(28, 142, 'EMC Simulator EFT 503', 'EFT503.png'),
	(29, 117, 'ESD Simulator dito', 'dito.png'),
	(30, 141, 'ESD Simulator dito', 'dito.png'),
	(31, 160, 'Gas lab', 'gas.png'),
	(32, 159, 'IAQ lab', 'iaq.png'),
	(33, 144, 'Kalibrator Fluke 5500A', 'calibrator.png'),
	(34, 165, 'Life tests Buildings 1', 'life.png'),
	(35, 166, 'Life tests Buildings 2', 'life.png'),
	(36, 145, 'Microscope Navitar', 'microscope_navitar.png'),
	(37, 129, 'Shock chamber VMS2/08/20/125', 'Shock_chamber_VMS2.png'),
	(38, 149, 'Spectrum Analyser R&S FSL3', 'FSL3.png'),
	(39, 138, 'Trhacka Prominent Promi PC3000', 'trhacka_PC3000.png'),
	(40, 169, 'VN sonda Tektronix P6015A', 'Tektronix_P6015A.png'),
	(41, 170, 'Climat. Chamber Vötsch VC3 (13-Martinik)', '1294826522votsch.png'),
	(42, 171, 'Spectrum Analyser R&amp;S FSQ26 (16000066)', '1296649077WEBROHDEFSQ26.jpg'),
	(43, 172, 'Spectrum Analyser R&amp;S SMJ100A (16000062)', '1296649670SMJ_start44d7369f2dc43.gif'),
	(44, 174, 'Temp. shock chamber CTS TSS-70/32', '1317710832turbosokovka.PNG'),
	(45, 175, 'Climat. Chamber hielkema Testequipment LHU-113', '1322134860LHU-113.JPG'),
	(46, 176, 'Climat. Chamber Weiss WK3 340/40 (30000453)', '1322466512wt-wk3.jpg'),
	(47, 179, 'Temp. shock chamber Vötsch VT3 7006 S2 (950147)', '1326979154de-choques-termicos-424369.jpg'),
	(48, 180, 'ESD Simulator EM Test OCS 500N (30000489-1)', '1330093694OCS_500N6.jpg'),
	(49, 181, 'multimeter hioki 3540-03 (200622)', '1334242719hioki_3540-500x500.jpg'),
	(53, 148, 'AirFlowBench Honeywell Leakage bench', '1373629509retro-spoofs-beer-i3171.jpg');
/*!40000 ALTER TABLE `images` ENABLE KEYS */;


-- Dumping structure for table labbooking.langstrings
DROP TABLE IF EXISTS `langstrings`;
CREATE TABLE IF NOT EXISTS `langstrings` (
  `id` int(10) unsigned NOT NULL AUTO_INCREMENT,
  `variable` varchar(45) COLLATE utf8_unicode_ci NOT NULL,
  `text` text COLLATE utf8_unicode_ci NOT NULL,
  `language_id` int(10) unsigned NOT NULL,
  PRIMARY KEY (`id`),
  KEY `INDEX_variable` (`variable`) USING BTREE
) ENGINE=InnoDB AUTO_INCREMENT=5873 DEFAULT CHARSET=utf8 COLLATE=utf8_unicode_ci ROW_FORMAT=COMPACT;

-- Dumping data for table labbooking.langstrings: ~703 rows (approximately)
DELETE FROM `langstrings`;
/*!40000 ALTER TABLE `langstrings` DISABLE KEYS */;
INSERT INTO `langstrings` (`id`, `variable`, `text`, `language_id`) VALUES
	(5139, 'menu_home', 'HOME', 1),
	(5140, 'menu_devices', 'DEVICES', 1),
	(5141, 'menu_users', 'USERS', 1),
	(5142, 'menu_add_res', 'ADD RESERVATION', 1),
	(5143, 'menu_my_res', 'MY RESERVATIONS', 1),
	(5144, 'reservation_approvals', 'RESERVATION APPROVALS', 1),
	(5145, 'menu_reports', 'Reports', 1),
	(5146, 'menu_logout', 'LOGOUT', 1),
	(5147, 'menu_help', 'Help', 1),
	(5148, 'calendar', 'Calendar', 1),
	(5149, 'filter', 'Filter', 1),
	(5150, 'prev_year', 'Previous year', 1),
	(5151, 'next_year', 'Next year', 1),
	(5152, 'prev_month', 'Previous', 1),
	(5153, 'next_month', 'Next', 1),
	(5154, 'edit_device', 'Edit device', 1),
	(5155, 'add_device', 'Add device', 1),
	(5156, 'confirm_logout', 'Do you really want to log out?', 1),
	(5157, 'forgot_password', 'Forgot Password?', 1),
	(5158, 'forgot_eid', 'Forgot Your EID?', 1),
	(5159, 'honeywell_id_man', 'Honeywell ID Management', 1),
	(5160, 'need_help', 'Need Help?', 1),
	(5161, 'login', 'Login', 1),
	(5162, 'submit', 'Submit', 1),
	(5163, 'cancel', 'Cancel', 1),
	(5164, 'january', 'January', 1),
	(5165, 'february', 'February', 1),
	(5166, 'march', 'March', 1),
	(5167, 'april', 'April', 1),
	(5168, 'may', 'May', 1),
	(5169, 'june', 'June ', 1),
	(5170, 'july', 'July', 1),
	(5171, 'august', 'August', 1),
	(5172, 'september', 'September', 1),
	(5173, 'october', 'October', 1),
	(5174, 'november', 'November', 1),
	(5175, 'december', 'December', 1),
	(5176, 'month_name_1', 'January', 1),
	(5177, 'month_name_2', 'February', 1),
	(5178, 'month_name_3', 'March', 1),
	(5179, 'month_name_4', 'April', 1),
	(5180, 'month_name_5', 'May', 1),
	(5181, 'month_name_6', 'June', 1),
	(5182, 'month_name_7', 'July', 1),
	(5183, 'month_name_8', 'August', 1),
	(5184, 'month_name_9', 'September', 1),
	(5185, 'month_name_10', 'October', 1),
	(5186, 'month_name_11', 'November', 1),
	(5187, 'month_name_12', 'December', 1),
	(5188, 'month_name_short_1', 'Jan', 1),
	(5189, 'month_name_short_2', 'Feb', 1),
	(5190, 'month_name_short_3', 'Mar', 1),
	(5191, 'month_name_short_4', 'Apr', 1),
	(5192, 'month_name_short_5', 'May', 1),
	(5193, 'month_name_short_6', 'Jun', 1),
	(5194, 'month_name_short_7', 'Jul', 1),
	(5195, 'month_name_short_8', 'Aug', 1),
	(5196, 'month_name_short_9', 'Sep', 1),
	(5197, 'month_name_short_10', 'Oct', 1),
	(5198, 'month_name_short_11', 'Nov', 1),
	(5199, 'month_name_short_12', 'Dec', 1),
	(5200, 'device', 'Device', 1),
	(5201, 'from_format', 'From (YYYY-MM-DD)', 1),
	(5202, 'to_format', 'To (YYYY-MM-DD)', 1),
	(5203, 'notify_also', 'Notify also', 1),
	(5204, 'notes', 'Notes', 1),
	(5205, 'invalid_emails_in_notify_also', 'You have entered invalid email address(es) in the Notify also field. Please check your input.', 1),
	(5206, 'submit_reservation', 'SUBMIT RESERVATION', 1),
	(5207, 'back', 'Back', 1),
	(5208, 'warning', 'Warning!', 1),
	(5209, 'conflict_reservation', 'The request you are trying to insert is in conflict with these reservations', 1),
	(5210, 'save', 'Save', 1),
	(5211, 'reserved', 'Reserved', 1),
	(5212, 'submit_anyway', 'Do you really want to submit this request to the system?', 1),
	(5213, 'fill_in_required_fields', 'Please, fill in all required fields.', 1),
	(5214, 'approved', 'Approved', 1),
	(5215, 'code', 'en', 1),
	(5216, 'reservation_successfully_inserted', 'Your reservation has been successfully inserted to the system.', 1),
	(5217, 'error_inserting_reservation', 'Error inserting reservation.', 1),
	(5218, 'login_error_bad_value', 'Invalid user name or password. Please try again.', 1),
	(5219, 'login_error_other', 'Login error. Please try again later.', 1),
	(5220, 'submit_not_allowed', 'The equipment is reserved in this date.', 1),
	(5221, 'reservation_detail', 'RESERVATION DETAIL', 1),
	(5222, 'name', 'Name', 1),
	(5223, 'requested_reservation', 'The reservation is waiting for approval.', 1),
	(5224, 'datefrom', 'From', 1),
	(5225, 'dateto', 'To', 1),
	(5226, 'phone', 'Phone', 1),
	(5227, 'error_loading_request', 'We found error while loading your reservation. Please check your reservation number.', 1),
	(5228, 'delete', 'Delete', 1),
	(5229, 'confirm_delete_request', 'Do you really want to delete the selected request?', 1),
	(5230, 'menu_requests', 'APPROVER', 1),
	(5231, 'refresh', 'Refresh', 1),
	(5232, 'from_to', 'From - To', 1),
	(5233, 'applicant', 'Applicant', 1),
	(5234, 'equipment', 'Equipment', 1),
	(5235, 'waiting', 'Waiting for approval', 1),
	(5236, 'declined', 'Declined', 1),
	(5237, 'reservation_status', 'Reservation status', 1),
	(5238, 'records', 'record(s)', 1),
	(5239, 'no_requests_at_this_moment', 'There are no requests for the selected group and the time interval (month/year).', 1),
	(5240, 'reservation_not_need_approval', 'RESERVATIONS WITHOUT NEED OF APPROVAL', 1),
	(5241, 'need_approval', 'Awaiting approval', 1),
	(5242, 'error_approved', 'Error! Reservation wasn\'t approved/declined!', 1),
	(5243, 'edit', 'Edit', 1),
	(5244, 'approval_history', 'APPROVAL HISTORY', 1),
	(5245, 'reservation_approved', 'Reservation was approved.', 1),
	(5246, 'reservation_declined', 'Reservation was declined', 1),
	(5247, 'manufacturer', 'Manufacturer', 1),
	(5248, 'model', 'Model', 1),
	(5249, 'group', 'Group', 1),
	(5250, 'status', 'Status', 1),
	(5251, 'reservation_deleted', 'Reservation was deleted.', 1),
	(5252, 'confirm_delete_reservation', 'Do you really want to delete the selected reservation?', 1),
	(5253, 'approver', 'Approver', 1),
	(5254, 'date', 'Date', 1),
	(5255, 'your_notes', 'Your Notes', 1),
	(5256, 'approve', 'Approve', 1),
	(5257, 'decline', 'Decline', 1),
	(5258, 'reservation_approvals_history', 'HISTORY OF RESERVATION APPROVALS', 1),
	(5259, 'reservation_need_approval', 'Reservation needs to be approved.', 1),
	(5260, 'menu_home', 'HOME', 2),
	(5261, 'menu_devices', 'PŘÍSTROJE', 2),
	(5262, 'menu_users', 'UŽIVATELÉ', 2),
	(5263, 'menu_add_res', 'VLOŽIT REZERVACI', 2),
	(5264, 'menu_my_res', 'MOJE REZERVACE', 2),
	(5265, 'reservation_approvals', 'SCHVALOVÁNÍ REZERVACÍ', 2),
	(5266, 'menu_reports', 'Statistiky', 2),
	(5267, 'menu_logout', 'ODHLÁSIT', 2),
	(5268, 'menu_help', 'Nápověda', 2),
	(5269, 'calendar', 'Kalendář', 2),
	(5270, 'filter', 'Filtr', 2),
	(5271, 'prev_year', 'Předchozí rok', 2),
	(5272, 'next_year', 'Další rok', 2),
	(5273, 'prev_month', 'Předchozí', 2),
	(5274, 'next_month', 'Další', 2),
	(5275, 'edit_device', 'Upravit přístroj', 2),
	(5276, 'add_device', 'Vložit přístroj', 2),
	(5277, 'confirm_logout', 'Opravdu se chcete odhlásit?', 2),
	(5278, 'forgot_password', 'Zapomenuté heslo?', 2),
	(5279, 'forgot_eid', 'Zapomenuté EID?', 2),
	(5280, 'honeywell_id_man', 'Honeywell ID Management', 2),
	(5281, 'need_help', 'Potřebujete pomoc?', 2),
	(5282, 'login', 'Přihlásit', 2),
	(5283, 'submit', 'Odeslat', 2),
	(5284, 'cancel', 'Storno', 2),
	(5285, 'january', 'Leden', 2),
	(5286, 'february', 'Únor', 2),
	(5287, 'march', 'Březen', 2),
	(5288, 'april', 'Duben', 2),
	(5289, 'may', 'Květen', 2),
	(5290, 'june', 'Červen', 2),
	(5291, 'july', 'Červenec', 2),
	(5292, 'august', 'Srpen', 2),
	(5293, 'september', 'Září', 2),
	(5294, 'october', 'Říjen', 2),
	(5295, 'november', 'Listopad', 2),
	(5296, 'december', 'Prosinec', 2),
	(5297, 'month_name_1', 'Leden', 2),
	(5298, 'month_name_2', 'Únor', 2),
	(5299, 'month_name_3', 'Březen', 2),
	(5300, 'month_name_4', 'Duben', 2),
	(5301, 'month_name_5', 'Květen', 2),
	(5302, 'month_name_6', 'Červen', 2),
	(5303, 'month_name_7', 'Červenec', 2),
	(5304, 'month_name_8', 'Srpen', 2),
	(5305, 'month_name_9', 'Září', 2),
	(5306, 'month_name_10', 'Říjen', 2),
	(5307, 'month_name_11', 'Listopad', 2),
	(5308, 'month_name_12', 'Prosinec', 2),
	(5309, 'month_name_short_1', 'Led', 2),
	(5310, 'month_name_short_2', 'Úno', 2),
	(5311, 'month_name_short_3', 'Bře', 2),
	(5312, 'month_name_short_4', 'Dub', 2),
	(5313, 'month_name_short_5', 'Kvě', 2),
	(5314, 'month_name_short_6', 'Čer', 2),
	(5315, 'month_name_short_7', 'Črc', 2),
	(5316, 'month_name_short_8', 'Srp', 2),
	(5317, 'month_name_short_9', 'Zář', 2),
	(5318, 'month_name_short_10', 'Říj', 2),
	(5319, 'month_name_short_11', 'Lis', 2),
	(5320, 'month_name_short_12', 'Pro', 2),
	(5321, 'device', 'Přístroj', 2),
	(5322, 'from_format', 'Od (RRRR-MM-DD)', 2),
	(5323, 'to_format', 'Do (RRRR-MM-DD)', 2),
	(5324, 'notify_also', 'Poslat oznámení', 2),
	(5325, 'notes', 'Poznámky', 2),
	(5326, 'invalid_emails_in_notify_also', 'Zadali jste neplatnou emailovou adresu do pole Poslat oznámení. Prosíme, zkontrolujte si svůj vstup.', 2),
	(5327, 'submit_reservation', 'ODESLAT REZERVACI', 2),
	(5328, 'back', 'Zpět', 2),
	(5329, 'warning', 'Varování!', 2),
	(5330, 'conflict_reservation', 'Právě vkládaná rezervace se Vám kryje s těmito již vloženými rezervacemi', 2),
	(5331, 'save', 'Uložit', 2),
	(5332, 'reserved', 'Rezervováno', 2),
	(5333, 'submit_anyway', 'Chcete i přesto vložit tuto žádost do systému?', 2),
	(5334, 'approved ', 'Schváleno', 2),
	(5335, 'code', 'cs', 2),
	(5336, 'reservation_successfully_inserted', 'Vaše rezervace byla úspěšně vložena do systému.', 2),
	(5337, 'error_inserting_reservation', 'Při vkládání Vaší rezervace došlo k chybě.', 2),
	(5338, 'login_error_bad_value', 'Zadali jste špatné uživatelské jméno nebo heslo. Zkuste to prosím znovu.', 2),
	(5339, 'login_error_other', 'Nastala chyba při přihlašování. Prosím zkuste se přihlásit později.', 2),
	(5340, 'submit_not_allowed', 'Zařízení je v tomto termínu obsazeno.', 2),
	(5341, 'reservation_detail', 'DETAIL REZERVACE', 2),
	(5342, 'name', 'Jméno', 2),
	(5343, 'requested_reservation', 'Rezervace čeká na schválení.', 2),
	(5344, 'datefrom', 'Od', 2),
	(5345, 'dateto', 'Do', 2),
	(5346, 'phone', 'Telefon', 2),
	(5347, 'error_loading_request', 'Vyskytla se chyba při načítání rezervace. Prosím, zkontrolujte číslo rezervace.', 2),
	(5348, 'delete', 'Odstranit', 2),
	(5349, 'confirm_delete_request', 'Opravdu si přejete odstranit zvolený záznam?', 2),
	(5350, 'menu_requests', 'SCHVALOVATEL', 2),
	(5351, 'refresh', 'Obnovit', 2),
	(5352, 'from_to', 'Od - Do', 2),
	(5353, 'applicant', 'Žadatel', 2),
	(5354, 'equipment', 'Zařízení', 2),
	(5355, 'waiting', 'Čeká na schválení', 2),
	(5356, 'declined', 'Zamítnutá', 2),
	(5357, 'reservation_status', 'Status rezervace', 2),
	(5358, 'records', 'záznam(ů)', 2),
	(5359, 'no_requests_at_this_moment', 'Databáze neobsahuje žádné žádosti pro zvolenou skupinu a časové období (měsíc/rok).', 2),
	(5360, 'reservation_not_need_approval', 'REZERVACE BEZ NUTNOSTI SCHVALOVÁNÍ', 2),
	(5361, 'need_approval', 'Čeká na schválení', 2),
	(5362, 'edit', 'Upravit', 2),
	(5363, 'approval_history', 'HISTORIE SCHVALOVÁNÍ', 2),
	(5364, 'reservation_approved', 'Rezervace byla schválena.', 2),
	(5365, 'reservation_declined', 'Rezervace byla zamítnuta.', 2),
	(5366, 'manufacturer', 'Výrobce', 2),
	(5367, 'model', 'Model', 2),
	(5368, 'group', 'Skupina', 2),
	(5369, 'status', 'Status', 2),
	(5370, 'reservation_deleted', 'Rezervace byl smazaná.', 2),
	(5371, 'confirm_delete_reservation', 'Opravdu si přejete odstranit zvolenou rezervaci?', 2),
	(5372, 'approver', 'Schvalovatel', 2),
	(5373, 'date', 'Datum', 2),
	(5374, 'your_notes', 'Vaše poznámky', 2),
	(5375, 'approve', 'Schválit', 2),
	(5376, 'decline', 'Zamítnout', 2),
	(5377, 'fill_in_required_fields', 'Vyplňte prosím všechny povinné údaje.', 2),
	(5378, 'reservation_approvals_history', 'HISTORIE SCHVALOVÁNÍ REZERVACÍ', 2),
	(5379, 'reservation_need_approval', 'Rezervace musí být potvrzena.', 2),
	(5380, 'nothing_changed', 'In reservation were not saved any changes.', 1),
	(5381, 'nothing_changed', 'V rezervaci nebyly uloženy žádné změny.', 2),
	(5382, 'legend', 'Legend', 1),
	(5383, 'legend', 'Legenda', 2),
	(5384, 'error_approved', 'Chyba! Rezervace nebyla schválena/zamítnuta!', 2),
	(5385, 'login_error_denied', 'You have no access privileges to login here.', 1),
	(5386, 'login_error_denied', 'Nemáte oprávnění se zde přihlásit.', 2),
	(5387, 'application_title', 'Lab reservation system 2.0', 1),
	(5388, 'application_title', 'Lab reservation system 2.0', 2),
	(5389, 'reservations_waiting_for_approval', 'RESERVATIONS WAITING FOR APPROVAL', 1),
	(5390, 'reservations_waiting_for_approval', 'REZERVACE ČEKAJÍCÍ NA SCHVÁLENÍ', 2),
	(5391, 'approved_reservations', 'APPROVED RESERVATIONS', 1),
	(5392, 'approved_reservations', 'SCHVÁLENÉ REZERVACE', 2),
	(5393, 'send_email', 'Send email', 1),
	(5394, 'send_email', 'Odeslat email', 2),
	(5395, 'change', 'Change', 1),
	(5396, 'change', 'Změnit', 2),
	(5397, 'insert', 'Insert', 1),
	(5398, 'insert', 'Vložit', 2),
	(5399, 'from', 'From', 1),
	(5400, 'from', 'Od', 2),
	(5401, 'to', 'To', 1),
	(5402, 'to', 'Do', 2),
	(5403, 'mail_successfully_sent_to_approvers', 'Approver were notified about your request via email.', 1),
	(5404, 'mail_successfully_sent_to_approvers', 'Schvalovatel byli o Vaší žádosti informováni e-mailem.', 2),
	(5405, 'appdec_mail_sent', 'User was informed via mail.', 1),
	(5406, 'appdec_mail_sent', 'Žadatel byl informován emailem.', 2),
	(5407, 'email_send_failed', 'Error occurred while sending notification emails.', 1),
	(5408, 'email_send_failed', 'Při odesílaní informačních emailů se vyskytla chyba.', 2),
	(5409, 'comment', 'Comment', 1),
	(5410, 'comment', 'Komentář', 2),
	(5411, 'location', 'Location', 1),
	(5412, 'location', 'Umístění', 2),
	(5413, 'approver_not_set', 'Approver is not set.', 1),
	(5414, 'approver_not_set', 'Schvalovatel není nastaven.', 2),
	(5415, 'project', 'Project', 1),
	(5416, 'project', 'Projekt', 2),
	(5417, 'requestor', 'Requestor', 1),
	(5418, 'requestor', 'Žadatel', 2),
	(5419, 'version', 'version 2.0.2', 1),
	(5420, 'version', 'verze 2.0.2', 2),
	(5421, 'login_err_failed', 'Couldn\'t connect to the server. Please try again later.', 1),
	(5422, 'login_err_failed', 'Nepodařilo se připojit k serveru. Prosím zkuste to později.', 2),
	(5423, 'changes_successfully_saved', 'Changes were successfully saved.', 1),
	(5424, 'changes_successfully_saved', 'Změny byly úspěšně uloženy.', 2),
	(5425, 'error_saving_changes', 'Changes weren\'t saved!', 1),
	(5426, 'error_saving_changes', 'Změny se nepodařilo uložit!', 2),
	(5427, 'user_info', 'User informations', 1),
	(5428, 'user_info', 'Informace o uživateli', 2),
	(5429, 'changelog_big', 'Change log', 1),
	(5430, 'changelog_big', 'Přehled změn', 2),
	(5431, 'changelog', 'Change log', 1),
	(5432, 'changelog', 'Přehled změn', 2),
	(5433, 'device_info', 'Device info', 1),
	(5434, 'device_info', 'Info o přístroji', 2),
	(5435, 'reserve_device', 'Reserve device', 1),
	(5436, 'reserve_device', 'Rezervovat přístroj', 2),
	(5437, 'export_to_xls', 'Export to xls', 1),
	(5438, 'export_to_xls', 'Export do xls', 2),
	(5439, 'search_name_eid', 'Search by name or EID.', 1),
	(5440, 'search_name_eid', 'Hledejte podle jména nebo EID.', 2),
	(5441, 'cannot_assign_yourself', 'Cannot assign yourself as an approver!', 1),
	(5442, 'cannot_assign_yourself', 'Nemůžete přiřadit sám sebe jako schvalovatele!', 2),
	(5443, 'no_results', 'No results!', 1),
	(5444, 'no_results', 'Žádné výsledky!', 2),
	(5445, 'save_approver', 'Save approver', 1),
	(5446, 'save_approver', 'Uložit schvalovatele', 2),
	(5447, 'approver_updated_successfully', 'Approver changed successfully!', 1),
	(5448, 'approver_updated_successfully', 'Schvalovatel byl úspěšně změněn!', 2),
	(5449, 'error_updating_approver', 'Error updating approver!', 1),
	(5450, 'error_updating_approver', 'Změna schvalovatele se nezdařila!', 2),
	(5451, 'confirm_delete_approver', 'Do you really want to delete the selected approver?', 1),
	(5452, 'confirm_delete_approver', 'Opravdu chcete smazat tohoto schvalovatele?', 2),
	(5453, 'error_deleting_approver', 'Error deleting approver!', 1),
	(5454, 'error_deleting_approver', 'Odstranění schvalovatele se nezdařilo!', 2),
	(5455, 'approver_of_devices', 'Summary of devices where user is approver for:', 1),
	(5456, 'approver_of_devices', 'Seznam zařízení, pro které je uživatel schvalovatel:', 2),
	(5457, 'include_weekend', 'Include weekends', 1),
	(5458, 'include_weekend', 'Zahrnout víkendy', 2),
	(5459, 'approver_deleted_successfully', 'Approver deleted successfully!', 1),
	(5460, 'approver_deleted_successfully', 'Schvalovatel byl úspěšně vymazán!', 2),
	(5461, 'user_rights', 'User roles', 1),
	(5462, 'user_rights', 'Uživatelská oprávnění', 2),
	(5463, 'all_devices', 'All devices', 1),
	(5464, 'all_devices', 'Všechna zařízení', 2),
	(5465, 'in_group', 'in group', 1),
	(5466, 'in_group', 've skupině', 2),
	(5467, 'no_user_selected', 'No user was selected.', 1),
	(5468, 'no_user_selected', 'Nebyl vybrán žádný uživatel.', 2),
	(5469, 'running_tests', 'Running tests', 1),
	(5470, 'running_tests', 'Běžící testy', 2),
	(5471, 'user_report', 'User reports', 1),
	(5472, 'user_report', 'Statistiky uživatelů', 2),
	(5473, 'edit_groups', 'Edit groups', 1),
	(5474, 'edit_groups', 'Upravit skupiny', 2),
	(5475, 'add_new_group', 'Add new group', 1),
	(5476, 'add_new_group', 'Přidej skupinu', 2),
	(5477, 'show_devices', 'Show devices', 1),
	(5478, 'show_devices', 'Zobraz zařízení', 2),
	(5479, 'question_really_delete_group', 'Do you really want to delete selected group of devices?', 1),
	(5480, 'question_really_delete_group', 'Skutečně chcete smazat vybranou skupinu zařízení?', 2),
	(5481, 'group_created_successfully', 'New group was successfully created.', 1),
	(5482, 'group_created_successfully', 'Nová skupina byla úspěšně vytvořena.', 2),
	(5483, 'group_deleted_successfully', 'The group was successfully deleted.', 1),
	(5484, 'group_deleted_successfully', 'Skupina byla úspěšně smazána.', 2),
	(5485, 'number_of_devices', 'Number of devices', 1),
	(5486, 'number_of_devices', 'Počet zařízení', 2),
	(5487, 'hide_devices', 'Hide devices', 1),
	(5488, 'hide_devices', 'Skryj zařízení', 2),
	(5489, 'group_edited_successfully', 'The group name was successfully edited.', 1),
	(5490, 'group_edited_successfully', 'Název skupiny byl úspěšně změnen.', 2),
	(5491, 'group_name', 'Group name', 1),
	(5492, 'group_name', 'Název skupiny', 2),
	(5493, 'group_creating_error', 'There was an error while creating new group.', 1),
	(5494, 'group_creating_error', 'Při vytváření nové skupiny se vyskytla chyba.', 2),
	(5495, 'user', 'user', 1),
	(5496, 'user', 'uživatel', 2),
	(5497, 'admin', 'administrator', 1),
	(5498, 'admin', 'administrátor', 2),
	(5499, 'loginerrinvalid', 'Invalid user name or password. Please try again.', 1),
	(5500, 'loginerrinvalid', 'Zadali jste špatné uživatelské jméno nebo heslo. Zkuste to prosím znovu.', 2),
	(5501, 'loginerrfailed', 'Login error. Please try again later.', 1),
	(5502, 'loginerrfailed', 'Nastala chyba při přihlašování. Prosím zkuste se přihlásit později.', 2),
	(5503, 'yes', 'Yes', 1),
	(5504, 'yes', 'Ano', 2),
	(5505, 'no', 'No', 1),
	(5506, 'no', 'Ne', 2),
	(5507, 'reservable', 'Reservable', 1),
	(5508, 'reservable', 'Rezervovatelné', 2),
	(5509, 'invnum', 'Inventory number', 1),
	(5510, 'invnum', 'Inventární číslo', 2),
	(5511, 'serialnum', 'Serial number', 1),
	(5512, 'serialnum', 'Sériové číslo', 2),
	(5513, 'sort', 'Sort', 1),
	(5514, 'sort', 'Druh', 2),
	(5515, 'description', 'Description', 1),
	(5516, 'description', 'Popis', 2),
	(5517, 'approval_needed', 'Device requires approval', 1),
	(5518, 'approval_needed', 'Zařízení vyžaduje schválení', 2),
	(5519, 'edit_sorts', 'Edit sorts', 1),
	(5520, 'edit_sorts', 'Upravit druhy', 2),
	(5521, 'not_reservable', 'Not reservable', 1),
	(5522, 'not_reservable', 'Nerezervovatelné', 2),
	(5523, 'device_added', 'New device was succesfully inserted to database.', 1),
	(5524, 'device_added', 'Nové zařízení bylo úspěšně vloženo do databáze.', 2),
	(5525, 'edit_manufacturers', 'Edit manufacturers', 1),
	(5526, 'edit_manufacturers', 'Upravit výrobce', 2),
	(5527, 'add_new_sort', 'Add new sort', 1),
	(5528, 'add_new_sort', 'Přidej druh', 2),
	(5529, 'sort_name', 'Sort name', 1),
	(5530, 'sort_name', 'Název druhu', 2),
	(5531, 'photo', 'Photo', 1),
	(5532, 'photo', 'Fotka', 2),
	(5533, 'device_details_updated', 'Details of device were updated.', 1),
	(5534, 'device_details_updated', 'Detaily zařízení byly změněny.', 2),
	(5535, 'error_update_device', 'Error when updating device details.', 1),
	(5536, 'error_update_device', 'Chyba při změně detailů zařízení.', 2),
	(5537, 'error_add_device', 'Error when adding new device.', 1),
	(5538, 'error_add_device', 'Chyba při přidávání nového zařízení.', 2),
	(5539, 'device_not_reservable', 'This device is inactive and not reservable.', 1),
	(5540, 'device_not_reservable', 'Toto zařízení je neaktivní a není ho možno rezervovat.', 2),
	(5541, 'edit_users', 'Edit users', 1),
	(5542, 'edit_users', 'Editace uživatelů', 2),
	(5543, 'add_user', 'ADD USER', 1),
	(5544, 'add_user', 'PŘIDEJ UŽIVATELE', 2),
	(5545, 'email', 'Email', 1),
	(5546, 'email', 'Email', 2),
	(5547, 'set_admin', 'Set as admininistrator', 1),
	(5548, 'set_admin', 'Nastavit práva administrátora', 2),
	(5549, 'set_user', 'Set as common user', 1),
	(5550, 'set_user', 'Nastavit práva běžného uživatele', 2),
	(5551, 'user_already_exist', 'User is already stored in database.', 1),
	(5552, 'user_already_exist', 'Uživatel je už v databázi uložen.', 2),
	(5553, 'user_inserted', 'User was successfully stored into database.', 1),
	(5554, 'user_inserted', 'Uživatel byl ůspěšně vložen do databáze.', 2),
	(5555, 'user_not_exist', 'Inserted EID does not exist.', 1),
	(5556, 'user_not_exist', 'Vložené EID neexistuje.', 2),
	(5557, 'not_connected_to_database', 'Error when connecting database.', 1),
	(5558, 'not_connected_to_database', 'Chyba při přpojování do databáze.', 2),
	(5559, 'user_is_enabled', 'Enabled', 1),
	(5560, 'user_is_enabled', 'Povolen', 2),
	(5561, 'user_is_blocked', 'Blocked', 1),
	(5562, 'user_is_blocked', 'Blokován', 2),
	(5563, 'enable_user', 'Enable user', 1),
	(5564, 'enable_user', 'Povolit uživatele', 2),
	(5565, 'block_user', 'Block user', 1),
	(5566, 'block_user', 'Blokovat uživatele', 2),
	(5567, 'logininactiveuser', 'Account for this user is inactive.', 1),
	(5568, 'logininactiveuser', 'Účet zadaného uživatele je neaktivní.', 2),
	(5569, 'all_users', 'All users', 1),
	(5570, 'all_users', 'Všichni uživatelé', 2),
	(5571, 'approvers', 'Approvers', 1),
	(5572, 'approvers', 'Schvalovatelé', 2),
	(5573, 'admins', 'Administrators', 1),
	(5574, 'admins', 'Administrátoři', 2),
	(5575, 'users', 'Common users', 1),
	(5576, 'users', 'Běžní uživatelé', 2),
	(5577, 'active', 'Active', 1),
	(5578, 'active', 'Aktivní', 2),
	(5579, 'inactive', 'Inactive', 1),
	(5580, 'inactive', 'Neaktivní', 2),
	(5581, 'sort_created_successfully', 'New sort was successfully created.', 1),
	(5582, 'sort_created_successfully', 'Nový druh zařízení byl úspěšně vytvořen.', 2),
	(5583, 'sort_deleted_successfully', 'The sort was successfully deleted.', 1),
	(5584, 'sort_deleted_successfully', 'Druh zařízení byl úspěšně smazán.', 2),
	(5585, 'sort_edited_successfully', 'The sort name was successfully edited.', 1),
	(5586, 'sort_edited_successfully', 'Název druhu zařízení byl úspěšně změněn.', 2),
	(5587, 'wrong_eid_pattern', 'Inserted string doesn\'t have EID format.', 1),
	(5588, 'wrong_eid_pattern', 'Vložený řetězec nemá správny formát EID.', 2),
	(5589, 'insert_eid', 'Insert EID', 1),
	(5590, 'insert_eid', 'Vlož EID', 2),
	(5591, 'all_roles', 'All roles', 1),
	(5592, 'all_roles', 'Všechny role', 2),
	(5593, 'user_is_inactive', 'user is inactive.', 1),
	(5594, 'user_is_inactive', 'uživatel je neaktivní.', 2),
	(5595, 'enabled_users', 'Enabled users', 1),
	(5596, 'enabled_users', 'Povolení uživatelé', 2),
	(5597, 'blocked_users', 'Blocked users', 1),
	(5598, 'blocked_users', 'Blokovaní uživatelé', 2),
	(5599, 'no_selected_users', 'No users in selection.', 1),
	(5600, 'no_selected_users', 'Žádní uživatelé ve výběru.', 2),
	(5601, 'rights', 'Rights', 1),
	(5602, 'rights', 'Práva', 2),
	(5603, 'user_state', 'User state', 1),
	(5604, 'user_state', 'Stav uživatele', 2),
	(5605, 'empty_name', 'It is not possible to save empty name.', 1),
	(5606, 'empty_name', 'Není možné uložit prázdné jméno.', 2),
	(5607, 'manufacturer_name', 'Manufacturer name', 1),
	(5608, 'manufacturer_name', 'Název výrobce', 2),
	(5609, 'add_new_manufacturer', 'Add new manufacturer', 1),
	(5610, 'add_new_manufacturer', 'Přidej výrobce', 2),
	(5611, 'manufacturer_edited_successfully', 'The manufacturer name was successfully edited.', 1),
	(5612, 'manufacturer_edited_successfully', 'Název výrobce byl úspěšně změněn.', 2),
	(5613, 'manufacturer_deleted_successfully', 'The manufacturer was successfully deleted.', 1),
	(5614, 'manufacturer_deleted_successfully', 'Výrobce byl úspěšně smazán.', 2),
	(5615, 'test_started', 'Start test', 1),
	(5616, 'test_started', 'Spustit test', 2),
	(5617, 'test_paused', 'Test paused', 1),
	(5618, 'test_paused', 'Testování přerušeno', 2),
	(5619, 'test_stoped', 'Test stopped', 1),
	(5620, 'test_stoped', 'Testování ukončeno', 2),
	(5621, 'running_test', 'Running test', 1),
	(5622, 'running_test', 'Běžící test', 2),
	(5623, 'confirm_test_stop', 'Do you really want to set state as &quot;test stopped&quot;?', 1),
	(5624, 'confirm_test_stop', 'Opravdu chcete nastavit stav &quot;testování ukončeno&quot;?', 2),
	(5625, 'confirm_test_pause', 'Do you really want to set state as &quot;test paused&quot;?', 1),
	(5626, 'confirm_test_pause', 'Opravdu chcete nastavit stav na &quot;testování pozastaveno&quot;?', 2),
	(5627, 'confirm_test_start', 'Do you really want to set state as &quot;running test&quot;?', 1),
	(5628, 'confirm_test_start', 'Opravdu chcete nastavit stav na &quot;testování&quot;?', 2),
	(5629, 'started_later', 'Started later', 1),
	(5630, 'started_later', 'Pozdější začátek', 2),
	(5631, 'test_continue', 'Continue testing', 1),
	(5632, 'test_continue', 'Pokračovat v testování', 2),
	(5633, 'overtime', 'Testing overtime', 1),
	(5634, 'overtime', 'Testování přesčas', 2),
	(5635, 'previous_reservation_not_ended', 'Test on device from previous reservation has not ended so far.', 1),
	(5636, 'previous_reservation_not_ended', 'Testy z předcházející rezervace ještě neskončili.', 2),
	(5637, 'close', 'Close', 1),
	(5638, 'close', 'Zavřít', 2),
	(5639, 'pause_form', 'Pause details', 1),
	(5640, 'pause_form', 'Detaily přestávky', 2),
	(5641, 'pause_reason', 'Pause reason', 1),
	(5642, 'pause_reason', 'Důvod přestávky', 2),
	(5643, 'number_of_days', 'Number of days', 1),
	(5644, 'number_of_days', 'Počet dnů', 2),
	(5645, 'until', 'Until', 1),
	(5646, 'until', 'Do', 2),
	(5647, 'reason', 'Reason', 1),
	(5648, 'reason', 'Důvod', 2),
	(5649, 'email_to_next_owner_sent', 'Email to owner of next reservations successfully sent.', 1),
	(5650, 'email_to_next_owner_sent', 'Email vlastníkovi nasledující rezervace byl úspěšně poslán.', 2),
	(5651, 'delegate', 'delegate', 1),
	(5652, 'delegate', 'zástupce', 2),
	(5653, 'cannot_delegate_yourself', 'Cannot assign yourself as an delegate!', 1),
	(5654, 'cannot_delegate_yourself', 'Nemůžete přiřadit sám sebe jako zástupce!', 2),
	(5655, 'delegate_removed_ok', 'Delegate removed successfully.', 1),
	(5656, 'delegate_removed_ok', 'Delegát byl úspěšně smazán.', 2),
	(5657, 'delegate_removed_failed', 'Attempt to remove delegate failed. Please try again later.', 1),
	(5658, 'delegate_removed_failed', 'Odstranění zástupce selhalo. Prosím, vyzkoušejte to později.', 2),
	(5659, 'delegate_set_ok', 'Delegate set up successfully.', 1),
	(5660, 'delegate_set_ok', 'Zástupce úspěšně nastaven.', 2),
	(5661, 'delegate_set_failed', 'Attempt to set up delegate failed. Please try again later.', 1),
	(5662, 'delegate_set_failed', 'Nastavení zástupce selhalo. Prosím, vyzkoušejte to později.', 2),
	(5663, 'click_to_add', 'Click on caption to add image.', 1),
	(5664, 'click_to_add', 'Pro přidání obrázku klikni na nápis.', 2),
	(5665, 'maximal_pause_duration', 'Maximal pause duration for this reservation is only %u day/s.', 1),
	(5666, 'maximal_pause_duration', 'Maximální délka přestávky pro tuto rezervaci je jen %u den/dní.', 2),
	(5667, 'picture_saved', 'Picture was saved.', 1),
	(5668, 'picture_saved', 'Obrázek byl uložen.', 2),
	(5669, 'search_name_eid_empty_set_delegate_yourself', 'Search by name or EID. If is left empty, you will set delegate for yourself.', 1),
	(5670, 'search_name_eid_empty_set_delegate_yourself', 'Hledejte podle jména nebo EID. Pokud je ponecháno prázdné, nastaví delegáta Vám.', 2),
	(5671, 'sort_by', 'Sort by', 1),
	(5672, 'sort_by', 'Třídit podle', 2),
	(5673, 'save_settings', 'Save settings', 1),
	(5674, 'save_settings', 'Uložit nastavení', 2),
	(5675, 'load_settings', 'Load settings', 1),
	(5676, 'load_settings', 'Načítat nastavení', 2),
	(5677, 'locations', 'Locations', 1),
	(5678, 'locations', 'Lokace', 2),
	(5679, 'groups', 'Groups', 1),
	(5680, 'groups', 'Skupiny', 2),
	(5681, 'edit_locations', 'Edit locations', 1),
	(5682, 'edit_locations', 'Upravit lokace', 2),
	(5683, 'location_created_successfully', 'New location was successfully created.', 1),
	(5684, 'location_created_successfully', 'Nová lokace byla úspěšně vytvořena.', 2),
	(5685, 'manufacturer_created_successfully', 'New manufacturer was successfully created.', 1),
	(5686, 'manufacturer_created_successfully', 'Nový výrobce byl úspěšně přidán.', 2),
	(5687, 'workplace_number', 'Workplace number', 1),
	(5688, 'workplace_number', 'Číslo pracoviště', 2),
	(5689, 'delegated_devices', 'Devices with delegated responsibility.', 1),
	(5690, 'delegated_devices', 'Zařízení s delegovanou zodpovědností.', 2),
	(5691, 'order', 'Order', 1),
	(5692, 'order', 'Pořadí', 2),
	(5693, 'in_report', 'Display in report', 1),
	(5694, 'in_report', 'Zobrazit v reportu', 2),
	(5695, 'devices_with_no_location', 'No location', 1),
	(5696, 'devices_with_no_location', 'Bez lokace', 2),
	(5697, 'alert_delete_scenario', 'Do you really want to delete scenario?', 1),
	(5698, 'alert_delete_scenario', 'Skutečně chcete smazat tento scénář?', 2),
	(5699, 'scenario', 'Scenario', 1),
	(5700, 'scenario', 'Scénář', 2),
	(5701, 'saved_scenarios', 'Saved scenarios', 1),
	(5702, 'saved_scenarios', 'Uložené scénáře', 2),
	(5703, 'update_settings', 'Update settings', 1),
	(5704, 'update_settings', 'Aktualizovat nastavení', 2),
	(5705, 'no_saved_scenarios', 'No scenarios saved.', 1),
	(5706, 'no_saved_scenarios', 'Žádné uložené scénáře.', 2),
	(5707, 'add_new_location', 'Add new location', 1),
	(5708, 'add_new_location', 'Přidej lokaci', 2),
	(5709, 'location_name', 'Location name', 1),
	(5710, 'location_name', 'Název lokace', 2),
	(5711, 'can_see_user_report', 'Can access user report', 1),
	(5712, 'can_see_user_report', 'Má přístup k reportu uživatelů', 2),
	(5713, 'select_all', 'Select all', 1),
	(5714, 'select_all', 'Označit vše', 2),
	(5715, 'deselect_all', 'Deselect all', 1),
	(5716, 'deselect_all', 'Odznačit vše ', 2),
	(5717, 'select_at_least_one', 'Select at least one user.', 1),
	(5718, 'select_at_least_one', 'Vyber alespoň jednoho uživatele.', 2),
	(5719, 'if_empty_report_for_all_users', 'If nobody is selected, report will be genereated for all users with reservations in selected period.', 1),
	(5720, 'if_empty_report_for_all_users', 'Pokud není nikdo vybrán, report bude generován pro všechny uživatele s rezervací ve vybraném období.', 2),
	(5721, 'owner_was_notified', 'Owner of reservation was notified.', 1),
	(5722, 'owner_was_notified', 'Vlastník rezervace byl informován.', 2),
	(5723, 'cant_delegate_the_same_person', 'It is not possible to delegate the same user.', 1),
	(5724, 'cant_delegate_the_same_person', 'Není možné delegovat stejného uživatele.', 2),
	(5725, 'add_to_report', 'Add to report', 1),
	(5726, 'add_to_report', 'Přidej do reportu', 2),
	(5727, 'cant_add_empty_user', 'You have to select some user.', 1),
	(5728, 'cant_add_empty_user', 'Musíš zvolit uživatele.', 2),
	(5729, 'user_already_chosen', 'This user was already chosen.', 1),
	(5730, 'user_already_chosen', 'Tento uživatel už byl vybrán.', 2),
	(5731, 'email_to_owner_of_next_reservation_sent', 'Email to owner of next reservation was sent.', 1),
	(5732, 'email_to_owner_of_next_reservation_sent', 'Byl poslán email vlastníkovi navazující rezervace. ', 2),
	(5733, 'manufacturer_creating_error', 'There was an error while creating new manufacturer.', 1),
	(5734, 'manufacturer_creating_error', 'Při vytváření nového výrobce se vyskytla chyba.', 2),
	(5735, 'sort_creating_error', 'There was an error while creating new sort.', 1),
	(5736, 'sort_creating_error', 'Při vytváření nového druhu se vyskytla chyba.', 2),
	(5737, 'location_creating_error', 'There was an error while creating new location.', 1),
	(5738, 'location_creating_error', 'Při vytváření nové lokace se vyskytla chyba.', 2),
	(5739, 'question_really_delete_sort', 'Do you really want to delete selected sort of devices?', 1),
	(5740, 'question_really_delete_sort', 'Skutečně chcete smazat vybraný druh zařízení?', 2),
	(5741, 'question_really_delete_manufacturer', 'Do you really want to delete selected manufacturer?', 1),
	(5742, 'question_really_delete_manufacturer', 'Skutečně chcete smazat vybraného výrobce?', 2),
	(5743, 'question_really_delete_location', 'Do you really want to delete selected location?', 1),
	(5744, 'question_really_delete_location', 'Skutečně chcete smazat vybranou lokaci?', 2),
	(5745, 'delegated_by', 'Delegated by user', 1),
	(5746, 'delegated_by', 'Delegován uživatelem', 2),
	(5747, 'pause_test', 'Pause test', 1),
	(5748, 'pause_test', 'Přerušit test', 2),
	(5749, 'stop_test', 'Stop test', 1),
	(5750, 'stop_test', 'Ukončit test', 2),
	(5751, 'next_reservation_owner', 'Next reservation owner', 1),
	(5752, 'next_reservation_owner', 'Vlastník nasledující rezervace', 2),
	(5753, 'test_has_started', 'Test started', 1),
	(5754, 'test_has_started', 'Testování začalo', 2),
	(5755, 'reservation_start', 'Reservation beginning', 1),
	(5756, 'reservation_start', 'Začátek rezervace', 2),
	(5757, 'reservation_end', 'Reservation end', 1),
	(5758, 'reservation_end', 'Konec rezervace', 2),
	(5759, 'check_caldb', 'Import from calibration database', 1),
	(5760, 'check_caldb', 'Import z kalibrační databáze', 2),
	(5761, 'no_new_devices', 'No new devices.', 1),
	(5762, 'no_new_devices', 'Žádné nové zařízení', 2),
	(5763, 'add_new', 'Add', 1),
	(5764, 'add_new', 'Přidej', 2),
	(5765, 'device_creating_error', 'There was an error while creating new device.', 1),
	(5766, 'device_creating_error', 'Při vytváření novéhoa zařízení se vyskytla chyba.', 2),
	(5767, 'device_already_in_database', 'Device was already in database.', 1),
	(5768, 'device_already_in_database', 'Zařízení už v databáti bylo uloženo.', 2),
	(5769, 'check_and_edit_details', 'Please, check and edit details of this device.', 1),
	(5770, 'check_and_edit_details', 'Zkontrolujte a upravte detaily tohoto zařízení, prosím.', 2),
	(5771, 'trying_start_overtime', 'You are trying to start testing on device that is no longer reserved for you.', 1),
	(5772, 'trying_start_overtime', 'Zkoušíte spustit test na zařízení, které pro Vás už není rezerovováno.', 2),
	(5773, 'display_all_reservations', 'Display all reservations', 1),
	(5774, 'display_all_reservations', 'Zobraz všechny rezervace', 2),
	(5775, 'display_my_reservations', 'Display my reservations', 1),
	(5776, 'display_my_reservations', 'Zobraz mé rezervace', 2),
	(5777, 'no_reserved_devices', 'You have no reserved devices in this time period.', 1),
	(5778, 'no_reserved_devices', 'V tomto období nemáte žádné rezerované zařízení.', 2),
	(5779, 'all_reservations', 'All reservations', 1),
	(5780, 'all_reservations', 'Všechny rezervace', 2),
	(5781, 'my_reservations', 'My reservations', 1),
	(5782, 'my_reservations', 'Mé rezervace', 2),
	(5783, 'close_window', 'Close window', 1),
	(5784, 'close_window', 'Zavři okno', 2),
	(5785, 'laboratory_map', 'Laboratory map', 1),
	(5786, 'laboratory_map', 'Mapa laboratoře', 2),
	(5787, 'calibration_due_date', 'Calibration due date', 1),
	(5788, 'calibration_due_date', 'Nakalibrováno do', 2),
	(5789, 'calibration_certificate_number', 'Calibration certificate number', 1),
	(5790, 'calibration_certificate_number', 'Číslo kalibračního protokolu', 2),
	(5791, 'ReservationCoverOtherReservations', 'Reservation cover with other reservations!', 1),
	(5792, 'ReservationCoverOtherReservations', 'Rezervace se kryje s jinou rezervací1', 2),
	(5793, 'reservationCategory', 'Category', 1),
	(5794, 'reservationCategory', 'Kategorie', 2),
	(5795, 'category', 'Category', 1),
	(5796, 'category', 'Kategorie', 2),
	(5797, 'reservationWasSuccessfullyUpdated', 'Reservation was successfully updated.', 1),
	(5798, 'reservationWasSuccessfullyUpdated', 'Rezervace byla uspěšně aktualizována.', 2),
	(5799, 'CalibrationDueDate', 'calibration due date', 1),
	(5800, 'CalibrationDueDate', 'Kalibrace do data', 2),
	(5801, 'DeleteSelectedReservation', 'Delete selected reservation?', 1),
	(5802, 'DeleteSelectedReservation', 'Smazat vybranou rezervaci?', 2),
	(5803, 'layby', 'Layby', 1),
	(5804, 'layby', 'Odstávka', 2),
	(5805, 'calibration', 'Calibration', 1),
	(5806, 'calibration', 'Kalibrace', 2),
	(5807, 'DeviceCalibrationIsOverDueDate', 'Device calibration is over due date.', 1),
	(5808, 'DeviceCalibrationIsOverDueDate', 'Kalibrace zařízení vypršela.', 2),
	(5809, 'ReservationIsConditional', 'Reservation is conditional.', 1),
	(5810, 'ReservationIsConditional', 'Rezervace je podmíněná.', 2),
	(5811, 'eid', 'EID', 1),
	(5812, 'eid', 'EID', 2),
	(5813, 'reservation_category', 'Category', 1),
	(5814, 'reservation_category', 'Kategorie ', 2),
	(5815, 'stopped', 'Stopped', 2),
	(5816, 'stopped', 'Stopped', 1),
	(5817, 'ReservationIsBlockedByOtherReservation', 'Reservation blocked by other reservation.', 1),
	(5818, 'ReservationIsBlockedByOtherReservation', 'Rezervace blokována jinou rezervací.', 2),
	(5819, 'ReservationCoverWithTheseReservations', 'Reservation cover with there reservation.', 1),
	(5820, 'ReservationCoverWithTheseReservations', 'Rezervace se kryje s následujícími rezervaceni.', 2),
	(5821, 'reservationDetail', 'Reservation detail', 1),
	(5822, 'reservationDetail', 'Detail rezervace', 2),
	(5823, 'ReservationCoverWithDeviceCalibration', 'Reservation cover with device calibration.', 1),
	(5824, 'ReservationCoverWithDeviceCalibration', 'Rezervace koliduje s kalibrací zařízení.', 2),
	(5825, 'DoYouWantToCOntinue', 'Do you want to continue?', 1),
	(5826, 'DoYouWantToCOntinue', 'Chcete pokračovat?', 2),
	(5827, 'ReservationStatus', 'Reservation status', 1),
	(5828, 'ReservationStatus', 'Status rezervace', 2),
	(5829, 'TheseReservationsWillBeStopped', 'These reservation will be stopped.', 1),
	(5830, 'TheseReservationsWillBeStopped', 'Nasledujicí rezervace budou zastaveny.', 2),
	(5831, 'YouCanPauseTestOnlyFor', 'You can pause reservation only for ', 1),
	(5832, 'YouCanPauseTestOnlyFor', 'Můžete pozastavit rezervaci pouze na ', 2),
	(5833, 'reservationstart', 'Test starts in reserved device.', 1),
	(5834, 'reservationstart', 'Na zarezervovaném zařízení byl spustěn test.', 2),
	(5835, 'Conditional', 'Conditional reservation', 1),
	(5836, 'Conditional', 'Podmíněná rezervace', 2),
	(5837, 'Definite ', 'Definite reservation', 1),
	(5838, 'Definite', 'Pevná rezervace', 1),
	(5839, 'PauseTest', 'Pause test', 1),
	(5840, 'PauseTest', 'Pozastavit test', 2),
	(5841, 'reservationpaused', 'Reservation paused', 1),
	(5842, 'reservationpaused', 'Rezervace pozastavena', 2),
	(5843, 'reservationstop', 'Reservation stopped', 1),
	(5844, 'reservationstop', 'Rezervace ukončena', 2),
	(5845, 'paused', 'Paused', 1),
	(5846, 'paused', 'Paused', 1),
	(5847, 'running', 'Running', 1),
	(5848, 'running', 'Spuštěná', 2),
	(5849, 'search', 'Search', 1),
	(5850, 'search', 'Hledej', 2),
	(5851, 'fulltext_search', 'Full-text search', 1),
	(5852, 'fulltext_search', 'Hledat text', 2),
	(5853, 'device_deleted', 'Device was deleted successfully!', 1),
	(5854, 'device_deleted', 'Zařízení bylo úspěšně smazáno!', 2),
	(5855, 'not_allowed', 'You are not allowed to do this operation!', 1),
	(5856, 'not_allowed', 'Nemáte oprávnění k vykonání této operace!', 2),
	(5857, 'not_allowed', 'You are not allowed to do this operation!', 1),
	(5858, 'not_allowed', 'Nemáte oprávnění k vykonání této operace!', 2),
	(5859, 'delete_device', 'Delete device', 1),
	(5860, 'delete_device', 'Smazat zařízení', 2),
	(5861, 'display_my_devices', 'Show my devices', 1),
	(5862, 'display_my_devices', 'Zobraz mé přístroje', 2),
	(5863, 'my_devices', 'My devices', 1),
	(5864, 'my_devices', 'Mé přístroje', 2),
	(5865, 'Documents', 'Documents', 1),
	(5866, 'Documents', 'Dokumnety', 2),
	(5867, 'documentName', 'Document Name', 1),
	(5868, 'documentName', 'Jméno dokumentu', 2),
	(5869, 'DocumentWasSaved', 'Document was saved.', 1),
	(5870, 'DocumentWasSaved', 'Dokument byl uložen na server.', 2),
	(5871, 'DeleteFile', 'Do you want to delete this file?', 1),
	(5872, 'DeleteFile', 'Opravdu chcete smazat tento soubor?', 2);
/*!40000 ALTER TABLE `langstrings` ENABLE KEYS */;


-- Dumping structure for table labbooking.language
DROP TABLE IF EXISTS `language`;
CREATE TABLE IF NOT EXISTS `language` (
  `id` int(10) unsigned NOT NULL AUTO_INCREMENT,
  `langName` text CHARACTER SET utf8 COLLATE utf8_czech_ci NOT NULL,
  `locale` varchar(20) CHARACTER SET utf8 COLLATE utf8_czech_ci NOT NULL,
  `dateFormat` varchar(20) CHARACTER SET utf8 COLLATE utf8_czech_ci NOT NULL,
  `enabled` int(1) unsigned NOT NULL DEFAULT '1',
  PRIMARY KEY (`id`),
  UNIQUE KEY `id` (`id`) USING BTREE
) ENGINE=InnoDB AUTO_INCREMENT=3 DEFAULT CHARSET=utf8 COLLATE=utf8_unicode_ci ROW_FORMAT=COMPACT;

-- Dumping data for table labbooking.language: ~2 rows (approximately)
DELETE FROM `language`;
/*!40000 ALTER TABLE `language` DISABLE KEYS */;
INSERT INTO `language` (`id`, `langName`, `locale`, `dateFormat`, `enabled`) VALUES
	(1, 'English', 'en_US.UTF-8', '%A, %B %d, %Y', 1),
	(2, 'Česky', 'cs_CZ.UTF-8', '%A, %d. %B %Y', 1);
/*!40000 ALTER TABLE `language` ENABLE KEYS */;


-- Dumping structure for table labbooking.location
DROP TABLE IF EXISTS `location`;
CREATE TABLE IF NOT EXISTS `location` (
  `id` int(10) unsigned NOT NULL AUTO_INCREMENT,
  `name` varchar(255) CHARACTER SET utf8 COLLATE utf8_czech_ci NOT NULL,
  `division` enum('HTT','ACS','AERO') COLLATE utf8_unicode_ci DEFAULT 'ACS',
  `location` enum('CZ23','CZ27','CZ09') COLLATE utf8_unicode_ci DEFAULT 'CZ09',
  PRIMARY KEY (`id`)
) ENGINE=InnoDB AUTO_INCREMENT=14 DEFAULT CHARSET=utf8 COLLATE=utf8_unicode_ci;

-- Dumping data for table labbooking.location: ~12 rows (approximately)
DELETE FROM `location`;
/*!40000 ALTER TABLE `location` DISABLE KEYS */;
INSERT INTO `location` (`id`, `name`, `division`, `location`) VALUES
	(1, 'Reliability Lab', 'ACS', 'CZ09'),
	(2, 'Environmental Lab', 'ACS', 'CZ09'),
	(3, 'EMC Lab', 'ACS', 'CZ09'),
	(4, 'Electro Lab', 'ACS', 'CZ09'),
	(5, 'AirFlowBench Lab', 'ACS', 'CZ09'),
	(6, 'Metrology Lab', 'ACS', 'CZ09'),
	(8, 'RF Lab 1', 'ACS', 'CZ09'),
	(9, 'RF Lab 2', 'ACS', 'CZ09'),
	(10, 'Thermostat Lab-za Prototypkou', 'ACS', 'CZ09'),
	(11, 'Life tests Lab', 'ACS', 'CZ09'),
	(12, 'Water Flow Bench Lab', 'ACS', 'CZ09'),
	(13, 'CZ23 Turbo lab', 'ACS', 'CZ09');
/*!40000 ALTER TABLE `location` ENABLE KEYS */;


-- Dumping structure for table labbooking.manufacturer
DROP TABLE IF EXISTS `manufacturer`;
CREATE TABLE IF NOT EXISTS `manufacturer` (
  `id` int(10) unsigned NOT NULL AUTO_INCREMENT,
  `name` varchar(255) CHARACTER SET utf8 COLLATE utf8_czech_ci NOT NULL,
  `www` varchar(255) CHARACTER SET utf8 COLLATE utf8_czech_ci DEFAULT NULL,
  `email` varchar(255) CHARACTER SET utf8 COLLATE utf8_czech_ci DEFAULT NULL,
  `contact` varchar(255) CHARACTER SET utf8 COLLATE utf8_czech_ci DEFAULT NULL,
  `_comment` varchar(255) CHARACTER SET utf8 COLLATE utf8_czech_ci DEFAULT NULL,
  PRIMARY KEY (`id`)
) ENGINE=InnoDB AUTO_INCREMENT=30 DEFAULT CHARSET=utf8 COLLATE=utf8_unicode_ci ROW_FORMAT=COMPACT;

-- Dumping data for table labbooking.manufacturer: ~27 rows (approximately)
DELETE FROM `manufacturer`;
/*!40000 ALTER TABLE `manufacturer` DISABLE KEYS */;
INSERT INTO `manufacturer` (`id`, `name`, `www`, `email`, `contact`, `_comment`) VALUES
	(1, 'Tektronix', '', '', '', ''),
	(2, 'Agilent', 'http://www.agilent.com/', '', '', ''),
	(3, 'TM Direct', '', '', '', 'Distributor pristroju Tektronix'),
	(4, 'H-Test', 'http://www.htest.cz/', '', '', 'Distributor pristroju Agilent'),
	(5, 'Weiss', 'http://www.weisstechnik.co.uk/', '', '', ''),
	(6, 'Keithley', 'http://www.keithley.com/', '', '', 'Keithley Instruments, Inc.'),
	(7, 'California', 'http://www.calinst.com/', '', '', ''),
	(8, 'Keytek', 'http://www.keytek.com/', '', '', ''),
	(9, 'R&amp;S', 'http://www.rsd.de/', '', '', 'Rohde &amp; Schwarz'),
	(10, 'EM Test', '', '', '', ''),
	(11, 'Angelantoni', 'http://www.angelantoni.it', '', '', ''),
	(14, 'Vötsch', 'http://www.voetsch.info/en/vit/start', '', '', ''),
	(15, 'Heraeus-Vötsch', 'L:_PortalsTest_LabOther_EquipHeraeus_Votsch', '', '', ''),
	(16, 'Fluke', 'www.fluke.com', '', 'Blu Panther CZ', ''),
	(17, 'Comet', '', '', '', ''),
	(18, 'Associated Research', '', '', '', ''),
	(19, 'Prominent', '', '', '', ''),
	(20, 'Yokogawa', '', '', '', ''),
	(21, 'Flir Systems', '', '', '', ''),
	(22, 'Navitar', '', '', '', ''),
	(23, 'Honeywell', '', '', '', ''),
	(24, 'Chart Industries', '', '', '', ''),
	(25, 'ENBRA', NULL, NULL, NULL, NULL),
	(26, 'CTS', NULL, NULL, NULL, NULL),
	(27, 'hielkema Testequipment', NULL, NULL, NULL, NULL),
	(28, 'Espec Corp.', NULL, NULL, NULL, NULL),
	(29, 'hioki', NULL, NULL, NULL, NULL);
/*!40000 ALTER TABLE `manufacturer` ENABLE KEYS */;


-- Dumping structure for table labbooking.report_settings
DROP TABLE IF EXISTS `report_settings`;
CREATE TABLE IF NOT EXISTS `report_settings` (
  `id` int(11) NOT NULL AUTO_INCREMENT,
  `number` int(3) NOT NULL,
  `property` varchar(45) NOT NULL,
  `value` varchar(45) NOT NULL,
  PRIMARY KEY (`id`)
) ENGINE=InnoDB AUTO_INCREMENT=7 DEFAULT CHARSET=latin1 ROW_FORMAT=COMPACT;

-- Dumping data for table labbooking.report_settings: ~6 rows (approximately)
DELETE FROM `report_settings`;
/*!40000 ALTER TABLE `report_settings` DISABLE KEYS */;
INSERT INTO `report_settings` (`id`, `number`, `property`, `value`) VALUES
	(1, 1, 'name', 'Lab 1'),
	(2, 1, 'sort_by', 'location'),
	(3, 1, 'order', '1,2,5'),
	(4, 2, 'name', 'Komory'),
	(5, 2, 'sort_by', 'group'),
	(6, 2, 'order', '2');
/*!40000 ALTER TABLE `report_settings` ENABLE KEYS */;


-- Dumping structure for table labbooking.reservation
DROP TABLE IF EXISTS `reservation`;
CREATE TABLE IF NOT EXISTS `reservation` (
  `id` int(10) unsigned NOT NULL AUTO_INCREMENT,
  `reservation_types_id` int(10) unsigned NOT NULL,
  `devices_id` int(11) NOT NULL,
  `category_id` int(10) unsigned NOT NULL,
  `from` date NOT NULL DEFAULT '1900-01-01',
  `to` date NOT NULL DEFAULT '1900-01-01',
  `status` char(1) COLLATE utf8_czech_ci NOT NULL DEFAULT '0',
  `eid` char(7) COLLATE utf8_czech_ci NOT NULL DEFAULT '0',
  `project` varchar(255) COLLATE utf8_czech_ci NOT NULL DEFAULT '-',
  `notes` varchar(255) COLLATE utf8_czech_ci DEFAULT NULL,
  `stopedByReservation` int(11) DEFAULT NULL,
  `insert_date` datetime NOT NULL DEFAULT '1900-01-01 00:00:00',
  `apdec_eid` varchar(7) COLLATE utf8_czech_ci NOT NULL DEFAULT '0',
  `apdec_date` datetime DEFAULT '1900-01-01 00:00:00',
  `apdec_text` text COLLATE utf8_czech_ci,
  PRIMARY KEY (`id`),
  KEY `INDEX_eid` (`eid`) USING BTREE,
  KEY `INDEX_from` (`from`) USING BTREE,
  KEY `INDEX_status` (`status`) USING BTREE,
  KEY `INDEX_to` (`to`) USING BTREE,
  KEY `fk_reservation_devices` (`devices_id`) USING BTREE,
  KEY `fk_reservation_category_id` (`category_id`) USING BTREE,
  CONSTRAINT `fk_reservation_category_id` FOREIGN KEY (`category_id`) REFERENCES `reservation_category` (`id`) ON DELETE NO ACTION ON UPDATE NO ACTION,
  CONSTRAINT `fk_reservation_devices` FOREIGN KEY (`devices_id`) REFERENCES `devices` (`id`) ON DELETE NO ACTION ON UPDATE NO ACTION
) ENGINE=InnoDB AUTO_INCREMENT=2654 DEFAULT CHARSET=utf8 COLLATE=utf8_czech_ci ROW_FORMAT=COMPACT;

-- Dumping data for table labbooking.reservation: ~1 688 rows (approximately)
DELETE FROM `reservation`;
/*!40000 ALTER TABLE `reservation` DISABLE KEYS */;
INSERT INTO `reservation` (`id`, `reservation_types_id`, `devices_id`, `category_id`, `from`, `to`, `status`, `eid`, `project`, `notes`, `stopedByReservation`, `insert_date`, `apdec_eid`, `apdec_date`, `apdec_text`) VALUES
	(678, 1, 128, 1, '2009-09-21', '2009-09-21', '1', 'e215421', '', '', NULL, '2009-09-18 09:29:40', 'e324601', '2009-09-18 09:31:26', ''),
	(679, 1, 124, 1, '2009-09-18', '2009-09-30', '1', 'e324601', '', '', NULL, '2009-09-18 09:40:20', 'e324601', '2009-09-18 09:40:20', ''),
	(684, 0, 162, 1, '2009-09-21', '2010-01-29', '1', 'e355140', '', 'SMPS reliability test', NULL, '2009-09-18 10:44:51', 'e355140', '2009-09-18 12:54:14', ''),
	(685, 1, 114, 1, '2009-09-21', '2009-11-10', '1', 'e315193', '', 'FQ', NULL, '2009-09-18 14:01:54', 'e324601', '2009-09-22 11:59:25', ''),
	(686, 1, 124, 1, '2009-10-23', '2009-11-20', '0', 'e315193', '703721', '30 days temperature test', NULL, '2009-09-18 14:03:20', '', '0000-00-00 00:00:00', ''),
	(687, 0, 147, 1, '2009-09-21', '2009-11-12', '2', 'e315193', '', 'FQ', NULL, '2009-09-18 14:04:11', 'e275009', '2009-09-24 06:58:40', ''),
	(688, 0, 148, 1, '2009-09-21', '2009-11-11', '1', 'e315193', '', '703721', NULL, '2009-09-18 14:04:56', '0', '0000-00-00 00:00:00', NULL),
	(689, 0, 146, 1, '2009-09-24', '2009-09-24', '2', 'e315193', '', 'V517', NULL, '2009-09-18 14:05:25', 'e275009', '2009-09-24 06:59:06', ''),
	(690, 0, 129, 1, '2009-09-18', '2009-12-18', '1', 'e355141', '', 'Freeze protector life cycling', NULL, '2009-09-18 14:24:44', '0', '0000-00-00 00:00:00', NULL),
	(691, 1, 136, 1, '2009-09-21', '2009-09-21', '2', 'e323937', '', ' Od 20:00 do 21:00... (zkouska - puze fiktivni objednavka)\r\n', NULL, '2009-09-21 14:21:59', 'e275009', '2009-09-24 06:22:14', ''),
	(692, 0, 141, 1, '2009-09-22', '2009-10-31', '1', 'e335886', '', '', NULL, '2009-09-22 09:35:18', '0', '0000-00-00 00:00:00', NULL),
	(693, 0, 116, 1, '2009-09-28', '2009-09-30', '1', 'e335886', '', '', NULL, '2009-09-22 09:36:42', '0', '0000-00-00 00:00:00', NULL),
	(694, 0, 12, 1, '2009-09-22', '2009-09-30', '1', 'e335886', '', '', NULL, '2009-09-22 09:40:11', '0', '0000-00-00 00:00:00', NULL),
	(696, 1, 4, 1, '2009-09-01', '2009-12-31', '1', 'e332375', '', 'SuperCAP life tests', NULL, '2009-09-24 06:41:45', 'e324601', '2009-09-24 06:47:49', ''),
	(697, 1, 128, 1, '2009-09-24', '2009-12-31', '1', 'e332375', '', '', NULL, '2009-09-24 06:43:06', 'e324601', '2009-09-24 06:47:58', ''),
	(698, 1, 136, 1, '2009-09-24', '2009-09-30', '1', 'e332375', '', '', NULL, '2009-09-24 06:43:59', 'e275009', '2009-09-24 07:05:11', ''),
	(699, 1, 136, 1, '2009-11-02', '2009-12-20', '1', 'e332375', '', '', NULL, '2009-09-24 06:45:08', 'e275009', '2009-09-24 07:04:37', ''),
	(700, 1, 124, 1, '2009-10-01', '2009-10-16', '1', 'e324601', '', '', NULL, '2009-09-24 06:55:21', 'e324601', '2009-09-24 06:55:21', ''),
	(701, 1, 121, 1, '2009-10-26', '2009-12-04', '1', 'e275010', '', '', NULL, '2009-09-24 07:27:25', 'e275009', '2009-09-24 08:47:51', ''),
	(702, 1, 119, 1, '2009-09-21', '2009-10-31', '1', 'e244207', '', '', NULL, '2009-09-24 07:57:49', 'e275009', '2009-09-24 08:48:21', ''),
	(703, 0, 130, 1, '2009-09-25', '2009-09-30', '1', 'e324601', '', '', NULL, '2009-09-24 08:26:42', '0', '0000-00-00 00:00:00', NULL),
	(704, 0, 117, 1, '2009-09-24', '2009-09-28', '1', 'e205003', '', 'MMI, SD7000S1001', NULL, '2009-09-24 11:24:46', '0', '0000-00-00 00:00:00', NULL),
	(706, 0, 125, 1, '2009-09-28', '2009-10-09', '1', 'e360232', '', '', NULL, '2009-09-25 09:02:09', '0', '0000-00-00 00:00:00', NULL),
	(707, 0, 140, 1, '2009-09-28', '2009-09-30', '1', 'e360232', '', '', NULL, '2009-09-25 09:05:00', '0', '0000-00-00 00:00:00', NULL),
	(708, 0, 137, 1, '2009-09-28', '2009-10-02', '1', 'e360232', '', '', NULL, '2009-09-25 09:07:04', '0', '0000-00-00 00:00:00', NULL),
	(709, 1, 6, 1, '2009-09-25', '2010-01-29', '0', 'e355140', '', 'Life test SMPS', NULL, '2009-09-25 09:15:57', '0', '0000-00-00 00:00:00', NULL),
	(710, 1, 121, 1, '2009-09-29', '2009-09-29', '1', 'e470736', '', 'CoEu', NULL, '2009-09-25 14:10:47', 'e275009', '2009-09-29 06:19:52', ''),
	(711, 1, 136, 1, '2009-10-01', '2009-10-13', '1', 'e332375', '', '', NULL, '2009-09-29 08:29:55', 'e275009', '2009-09-29 08:30:44', ''),
	(712, 0, 123, 1, '2009-09-29', '2009-09-29', '1', 'e402838', '', '', NULL, '2009-09-29 10:28:10', '0', '0000-00-00 00:00:00', NULL),
	(713, 0, 123, 1, '2009-09-30', '2009-09-30', '1', 'e402838', '', '', NULL, '2009-09-29 10:28:24', '0', '0000-00-00 00:00:00', NULL),
	(714, 0, 123, 1, '2009-10-01', '2009-10-16', '1', 'e275010', '', '', NULL, '2009-09-29 10:36:55', '0', '0000-00-00 00:00:00', NULL),
	(715, 1, 121, 1, '2009-09-30', '2009-10-23', '1', 'e293807', '', 'Zavodny Ludek, pressure sensor test', NULL, '2009-09-29 13:19:02', 'e275009', '2009-09-29 13:38:18', ''),
	(717, 1, 119, 1, '2009-11-02', '2010-01-30', '1', 'e293807', '', 'Zavodny Ludek, pressure sensor test', NULL, '2009-09-29 13:42:16', 'e275009', '2009-09-29 13:46:21', ''),
	(718, 0, 117, 1, '2009-09-29', '2009-10-02', '1', 'e205003', '', 'MMI, SD7000S1001', NULL, '2009-09-29 13:47:17', '0', '0000-00-00 00:00:00', NULL),
	(719, 0, 117, 1, '2009-10-05', '2009-10-09', '1', 'e275009', '', '', NULL, '2009-09-29 13:48:41', '0', '0000-00-00 00:00:00', NULL),
	(720, 0, 122, 1, '2009-10-01', '2009-10-01', '1', 'e402838', '', '', NULL, '2009-09-30 10:10:32', '0', '0000-00-00 00:00:00', NULL),
	(721, 0, 122, 1, '2009-10-02', '2009-10-02', '1', 'e402838', '', '', NULL, '2009-09-30 10:10:38', '0', '0000-00-00 00:00:00', NULL),
	(722, 0, 122, 1, '2009-10-05', '2009-10-06', '1', 'e470736', '', '', NULL, '2009-09-30 10:13:42', '0', '0000-00-00 00:00:00', NULL),
	(723, 0, 156, 1, '2009-10-01', '2009-10-02', '1', 'e420560', '', '', NULL, '2009-10-01 13:05:09', '0', '0000-00-00 00:00:00', NULL),
	(724, 1, 120, 1, '2009-10-01', '2009-10-02', '2', 'e420560', '', '', NULL, '2009-10-01 13:22:45', 'e677413', '2009-10-01 14:40:48', 'je obsazeno'),
	(726, 0, 122, 1, '2009-10-07', '2009-10-07', '1', 'e402838', '-', '', NULL, '2009-10-05 08:09:11', '0', '0000-00-00 00:00:00', NULL),
	(727, 0, 122, 1, '2009-10-08', '2009-10-08', '1', 'e402838', '-', '', NULL, '2009-10-05 08:09:14', '0', '0000-00-00 00:00:00', NULL),
	(728, 0, 122, 1, '2009-10-09', '2009-10-09', '1', 'e402838', '-', '', NULL, '2009-10-05 08:09:17', '0', '0000-00-00 00:00:00', NULL),
	(729, 0, 161, 1, '2009-10-05', '2009-10-09', '1', 'e436143', '-', '', NULL, '2009-10-05 09:07:46', '0', '0000-00-00 00:00:00', NULL),
	(730, 0, 130, 1, '2009-10-06', '2009-10-06', '1', 'e459841', '-', 'Luna 3', NULL, '2009-10-06 07:43:18', '0', '0000-00-00 00:00:00', NULL),
	(731, 0, 115, 1, '2009-10-06', '2009-10-06', '1', 'e459841', '-', 'Luna 3', NULL, '2009-10-06 07:44:59', '0', '0000-00-00 00:00:00', NULL),
	(732, 0, 138, 1, '2009-10-06', '2009-10-07', '1', 'e334629', '-', '', NULL, '2009-10-06 08:17:05', '0', '0000-00-00 00:00:00', NULL),
	(735, 0, 161, 1, '2009-10-12', '2009-10-16', '1', 'e335886', 'SHC', '', NULL, '2009-10-07 13:17:22', '0', '0000-00-00 00:00:00', NULL),
	(736, 0, 10, 1, '2009-10-01', '2009-10-08', '1', 'e332375', '703530 - Vesta VE valve redesign', '', NULL, '2009-10-08 06:33:25', '0', '0000-00-00 00:00:00', NULL),
	(737, 0, 117, 1, '2009-10-13', '2009-10-15', '1', 'e332375', '703530 - Vesta VE valve redesign', '', NULL, '2009-10-08 06:34:48', '0', '0000-00-00 00:00:00', NULL),
	(738, 0, 167, 1, '2009-10-08', '2009-10-08', '1', 'e402838', 'SHC', '', NULL, '2009-10-08 09:52:07', '0', '0000-00-00 00:00:00', NULL),
	(739, 0, 167, 1, '2009-10-09', '2009-10-09', '1', 'e402838', 'SHC', '', NULL, '2009-10-08 09:52:16', '0', '0000-00-00 00:00:00', NULL),
	(740, 0, 138, 1, '2009-10-08', '2009-10-08', '1', 'e351667', 'SmartT', '', NULL, '2009-10-08 11:20:35', '0', '0000-00-00 00:00:00', NULL),
	(741, 0, 131, 1, '2009-10-01', '2009-10-16', '1', 'e205003', 'HTT', 'přístroj se nachází v budově HTT test lab, zapůjčen na měsíční měření kvality napájecí sítě', NULL, '2009-10-09 16:17:22', '0', '0000-00-00 00:00:00', NULL),
	(743, 0, 138, 1, '2009-10-14', '2009-10-14', '1', 'e420560', 'production support - claim', '', NULL, '2009-10-13 14:47:08', '0', '0000-00-00 00:00:00', NULL),
	(744, 1, 136, 1, '2009-10-14', '2009-10-16', '1', 'e332375', 'Vesta VE valve redesign LDO', '', NULL, '2009-10-14 10:18:14', 'e275009', '2009-10-20 07:37:37', ''),
	(745, 1, 120, 1, '2009-10-15', '2009-10-15', '2', 'e470736', 'Testing of S4965 after replacement of obsolete parts', 'CoEU', NULL, '2009-10-14 15:31:21', 'e677413', '2009-10-15 10:23:05', ''),
	(746, 0, 139, 1, '2009-10-15', '2009-11-13', '1', 'e677413', 'Jiri Vechet', 'Buildings EU', NULL, '2009-10-15 07:54:37', '0', '0000-00-00 00:00:00', NULL),
	(747, 0, 161, 1, '2009-10-19', '2009-10-23', '1', 'e351667', 'SmartT enh. P 355', '', NULL, '2009-10-15 10:27:15', '0', '0000-00-00 00:00:00', NULL),
	(748, 0, 125, 1, '2009-10-15', '2009-10-19', '1', 'e470736', 'S4965CL1002', 'Testing after replacement of obsolete parts', NULL, '2009-10-15 10:43:36', '0', '0000-00-00 00:00:00', NULL),
	(750, 0, 125, 1, '2009-11-02', '2009-12-19', '1', 'e360232', 'ESYS CE', '', NULL, '2009-10-16 09:20:57', '0', '0000-00-00 00:00:00', NULL),
	(751, 0, 125, 1, '2009-10-20', '2009-10-20', '1', 'e470736', 'S4962CL1002', 'Testing after replacement of obsolete components', NULL, '2009-10-16 09:22:14', '0', '0000-00-00 00:00:00', NULL),
	(752, 0, 122, 1, '2009-10-19', '2009-10-23', '1', 'e275010', 'DELTA Tin Cup', '', NULL, '2009-10-16 13:58:51', '0', '0000-00-00 00:00:00', NULL),
	(753, 1, 136, 1, '2009-10-19', '2009-10-19', '1', 'e332375', 'Vesta-LDO', '', NULL, '2009-10-19 08:36:22', 'e275009', '2009-10-20 07:37:45', ''),
	(755, 1, 124, 1, '2009-10-20', '2009-10-21', '0', 'e470736', 'S4962CM2020', 'Testing after replacement of obsolete components', NULL, '2009-10-19 16:17:29', '0', '0000-00-00 00:00:00', NULL),
	(756, 0, 125, 1, '2009-10-21', '2009-10-23', '1', 'e360232', 'ESYS-CE', '', NULL, '2009-10-20 09:17:53', '0', '0000-00-00 00:00:00', NULL),
	(757, 0, 161, 1, '2009-10-29', '2009-11-05', '1', 'e205003', 'Gateway', 'zkouška sloužící zároveň jako případová studie technologie HALT/HASS ', NULL, '2009-10-20 16:20:32', '0', '0000-00-00 00:00:00', NULL),
	(758, 1, 136, 1, '2009-10-22', '2009-10-22', '1', 'e332375', 'vesta_ldo_ve_redesign', '', NULL, '2009-10-21 17:48:05', 'e275009', '2009-10-22 10:02:38', ''),
	(759, 0, 167, 1, '2009-10-22', '2009-10-23', '1', 'e335886', 'Mod IV', '', NULL, '2009-10-22 10:00:55', '0', '0000-00-00 00:00:00', NULL),
	(760, 1, 114, 1, '2009-11-11', '2010-01-04', '1', 'e315193', 'FQ - Van Halen Test', '', NULL, '2009-10-22 11:07:11', 'e324601', '2009-10-22 11:42:31', ''),
	(761, 0, 147, 1, '2009-10-22', '2009-11-23', '1', 'e315193', 'FQ Test', '', NULL, '2009-10-22 11:08:32', '0', '0000-00-00 00:00:00', NULL),
	(762, 0, 148, 1, '2009-11-12', '2009-11-24', '1', 'e315193', 'FQ Test', '', NULL, '2009-10-22 11:08:55', '0', '0000-00-00 00:00:00', NULL),
	(763, 1, 124, 1, '2009-11-23', '2010-01-23', '1', 'e371537', 'ESYS CE test', '', NULL, '2009-10-22 11:10:10', 'e324601', '2009-10-22 11:39:57', ''),
	(764, 0, 116, 1, '2009-10-22', '2009-10-22', '1', 'e335886', 'mod IV', '', NULL, '2009-10-22 13:00:03', '0', '0000-00-00 00:00:00', NULL),
	(765, 0, 123, 1, '2009-10-22', '2009-10-30', '1', 'e435685', 'Continuation task (Buildings EU)', '', NULL, '2009-10-22 15:01:12', '0', '0000-00-00 00:00:00', NULL),
	(766, 0, 130, 1, '2009-10-23', '2009-10-30', '1', 'e435685', 'Continuation task (Buildings EU)', '', NULL, '2009-10-22 15:02:17', '0', '0000-00-00 00:00:00', NULL),
	(767, 0, 168, 1, '2009-10-23', '2009-10-30', '1', 'e435685', 'Continuation task (Buildings EU)', '', NULL, '2009-10-22 15:03:31', '0', '0000-00-00 00:00:00', NULL),
	(771, 0, 140, 1, '2009-10-29', '2009-10-29', '1', 'e466422', 'S4570BS1036', '', NULL, '2009-10-22 18:50:44', '0', '0000-00-00 00:00:00', NULL),
	(773, 0, 123, 1, '2009-11-03', '2009-11-03', '1', 'e466422', 'S4570BS1036', '', NULL, '2009-10-22 18:57:09', '0', '0000-00-00 00:00:00', NULL),
	(774, 1, 136, 1, '2009-10-23', '2009-10-30', '1', 'e332375', 'Vesta LDO', '', NULL, '2009-10-23 09:24:43', 'e275009', '2009-10-23 09:46:22', ''),
	(775, 0, 117, 1, '2009-11-02', '2009-11-03', '1', 'e360232', 'ESYS', '', NULL, '2009-11-02 11:18:17', '0', '0000-00-00 00:00:00', NULL),
	(776, 0, 167, 1, '2009-11-02', '2009-11-03', '1', 'e360232', 'ESYS', '', NULL, '2009-11-02 11:18:53', '0', '0000-00-00 00:00:00', NULL),
	(777, 0, 115, 1, '2009-11-05', '2009-11-06', '1', 'e360232', 'ESYS', '', NULL, '2009-11-03 08:29:16', '0', '0000-00-00 00:00:00', NULL),
	(778, 0, 130, 1, '2009-11-03', '2009-11-05', '1', 'e360232', 'ESYS', '', NULL, '2009-11-03 08:30:04', '0', '0000-00-00 00:00:00', NULL),
	(781, 0, 122, 1, '2009-11-11', '2010-01-04', '1', 'e228392', 'HF relay test', 'Longlife', NULL, '2009-11-09 08:24:30', '0', '0000-00-00 00:00:00', NULL),
	(782, 0, 123, 1, '2009-11-09', '2009-11-20', '1', 'e459841', 'DFSS-TEM4', 'DFSS-TEM4', NULL, '2009-11-09 08:24:34', '0', '0000-00-00 00:00:00', NULL),
	(783, 0, 122, 1, '2009-11-09', '2009-11-10', '1', 'e466422', 'S4570...', '', NULL, '2009-11-09 11:56:23', '0', '0000-00-00 00:00:00', NULL),
	(784, 0, 140, 1, '2009-11-11', '2009-11-11', '1', 'e459841', 'Tem4', '', NULL, '2009-11-10 12:34:55', '0', '0000-00-00 00:00:00', NULL),
	(785, 0, 123, 1, '2009-11-23', '2009-11-25', '1', 'e466422', 'S4570...', '', NULL, '2009-11-10 12:54:32', '0', '0000-00-00 00:00:00', NULL),
	(787, 0, 130, 1, '2009-11-23', '2009-11-27', '1', 'e205003', 'CC 801918', 'Měření v cele č. 18 laboratoře HTT (Externí měření mimo ACS CZ09)', NULL, '2009-11-11 07:41:39', '0', '0000-00-00 00:00:00', NULL),
	(788, 0, 130, 1, '2009-11-18', '2009-11-20', '1', 'e436143', 'SHC', '', NULL, '2009-11-13 09:40:48', '0', '0000-00-00 00:00:00', NULL),
	(789, 0, 130, 1, '2009-11-13', '2009-11-17', '1', 'e360232', 'ESYS CE', '', NULL, '2009-11-13 15:55:20', '0', '0000-00-00 00:00:00', NULL),
	(790, 0, 115, 1, '2009-11-20', '2009-11-23', '1', 'e360232', 'ESYS CE', '', NULL, '2009-11-20 11:05:31', '0', '0000-00-00 00:00:00', NULL),
	(791, 1, 121, 1, '2009-12-05', '2010-01-04', '1', 'e228392', 'Comelit transformer', 'Part of longlife test', NULL, '2009-11-24 08:43:33', 'e275009', '2009-11-24 08:54:18', ''),
	(792, 1, 5, 1, '2009-11-23', '2009-12-31', '1', 'e351667', 'SmartT enh. P 355', '', NULL, '2009-11-24 09:27:39', 'e677413', '2009-11-24 09:50:50', ''),
	(795, 1, 121, 1, '2010-01-05', '2010-01-08', '1', 'e466422', 'S4570...', '', NULL, '2009-11-24 17:00:16', 'e275009', '2009-11-25 06:09:25', ''),
	(796, 0, 129, 1, '2010-01-04', '2010-01-15', '1', 'e205003', 'RoHS CoNA Vesta Control Module', 'Support to RoHS organization', NULL, '2009-11-25 14:13:53', '0', '0000-00-00 00:00:00', NULL),
	(797, 0, 117, 1, '2009-11-26', '2009-12-04', '1', 'e324601', 'Vesta AOS', '', NULL, '2009-11-26 09:42:48', '0', '0000-00-00 00:00:00', NULL),
	(798, 1, 118, 1, '2009-11-30', '2009-12-02', '1', 'e459841', 'DKO', 'DKO', NULL, '2009-11-26 15:13:49', 'e677413', '2009-11-26 15:36:46', ''),
	(799, 0, 123, 1, '2009-12-01', '2009-12-01', '1', 'e466422', 'S4560...', '', NULL, '2009-11-26 18:07:30', '0', '0000-00-00 00:00:00', NULL),
	(800, 0, 141, 1, '2009-11-23', '2009-12-04', '1', 'e335886', 'Zeleny', '', NULL, '2009-11-27 08:49:51', '0', '0000-00-00 00:00:00', NULL),
	(801, 0, 167, 1, '2009-11-23', '2009-12-04', '1', 'e335886', 'Zeleny', '', NULL, '2009-11-27 08:50:23', '0', '0000-00-00 00:00:00', NULL),
	(802, 0, 130, 1, '2009-11-30', '2009-11-30', '1', 'e459841', 'DKO', 'DKO', NULL, '2009-11-30 11:23:37', '0', '0000-00-00 00:00:00', NULL),
	(803, 1, 118, 1, '2009-12-03', '2009-12-03', '1', 'e459841', 'DKo', 'DKO', NULL, '2009-11-30 11:24:08', 'e677413', '2010-01-18 14:03:04', ''),
	(804, 1, 118, 1, '2009-12-04', '2009-12-11', '1', 'e402838', 'SHC', '', NULL, '2009-12-01 12:38:32', 'e677413', '2010-01-18 14:02:51', ''),
	(805, 0, 123, 1, '2009-12-02', '2009-12-02', '1', 'e466422', 'S4560...', '', NULL, '2009-12-01 17:53:19', '0', '0000-00-00 00:00:00', NULL),
	(806, 0, 140, 1, '2009-12-02', '2009-12-02', '1', 'e466422', 'S4570...', '', NULL, '2009-12-01 18:03:47', '0', '0000-00-00 00:00:00', NULL),
	(807, 0, 115, 1, '2009-12-02', '2009-12-11', '1', 'e436143', 'SHC', '', NULL, '2009-12-02 16:52:55', '0', '0000-00-00 00:00:00', NULL),
	(809, 1, 118, 1, '2009-12-14', '2009-12-18', '1', 'e402838', 'SHC', '', NULL, '2009-12-07 17:58:04', 'e677413', '2009-12-08 15:50:08', ''),
	(810, 1, 119, 1, '2010-02-01', '2010-02-28', '1', 'e293807', 'Sirocco', 'Zavodny Ludek, pressure sensor test', NULL, '2009-12-08 13:12:10', 'e275009', '2009-12-08 13:15:40', ''),
	(811, 0, 167, 1, '2009-12-07', '2009-12-11', '1', 'e335886', 'Zeleny', '', NULL, '2009-12-09 07:00:28', '0', '0000-00-00 00:00:00', NULL),
	(812, 0, 141, 1, '2009-12-07', '2009-12-11', '1', 'e335886', 'zeleny', '', NULL, '2009-12-09 07:17:37', '0', '0000-00-00 00:00:00', NULL),
	(813, 0, 123, 1, '2009-12-07', '2009-12-08', '1', 'e335886', 'zeleny', '', NULL, '2009-12-09 07:18:04', '0', '0000-00-00 00:00:00', NULL),
	(814, 0, 138, 1, '2009-12-14', '2009-12-15', '1', 'e334629', 'RFC 09-25', '', NULL, '2009-12-10 14:37:00', '0', '0000-00-00 00:00:00', NULL),
	(815, 1, 136, 1, '2009-12-21', '2010-01-08', '1', 'e371537', 'ESYS CE test', '', NULL, '2009-12-11 10:11:33', 'e275009', '2009-12-11 10:12:59', ''),
	(816, 1, 121, 1, '2010-01-09', '2010-02-28', '1', 'e228392', 'Comelit transformer load test', '', NULL, '2009-12-14 07:56:53', 'e275009', '2009-12-14 11:00:47', ''),
	(817, 0, 141, 1, '2009-12-14', '2009-12-18', '1', 'e335886', 'Zeleny', '', NULL, '2009-12-14 08:00:13', '0', '0000-00-00 00:00:00', NULL),
	(818, 0, 167, 1, '2009-12-14', '2009-12-18', '1', 'e335886', 'Zeleny', '', NULL, '2009-12-14 08:00:39', '0', '0000-00-00 00:00:00', NULL),
	(819, 0, 117, 1, '2009-12-07', '2009-12-07', '1', 'e335886', 'Zeleny', '', NULL, '2009-12-14 10:53:06', '0', '0000-00-00 00:00:00', NULL),
	(820, 0, 168, 1, '2009-12-07', '2009-12-07', '1', 'e335886', 'Zeleny', '', NULL, '2009-12-14 10:53:17', '0', '0000-00-00 00:00:00', NULL),
	(821, 1, 128, 1, '2010-01-04', '2010-01-30', '1', 'e215421', '706679', '', NULL, '2009-12-15 10:39:13', 'e324601', '2009-12-16 07:39:38', ''),
	(822, 1, 119, 1, '2010-03-01', '2010-03-31', '1', 'e360230', 'Minnetonka RFI', '', NULL, '2009-12-15 12:28:17', 'e275009', '2009-12-17 08:14:22', ''),
	(823, 0, 129, 1, '2010-02-01', '2010-02-26', '1', 'e360230', 'Minnetonka RFI', '', NULL, '2009-12-15 12:29:38', '0', '0000-00-00 00:00:00', NULL),
	(824, 1, 121, 1, '2010-03-01', '2010-03-31', '1', 'e360230', 'Minnetonka RFI', '', NULL, '2009-12-15 12:30:53', 'e275009', '2009-12-15 13:32:44', ''),
	(825, 0, 130, 1, '2010-02-01', '2010-02-26', '1', 'e360230', 'Minnetonka RFI', '', NULL, '2009-12-15 12:33:07', '0', '0000-00-00 00:00:00', NULL),
	(827, 1, 124, 1, '2010-01-24', '2010-02-26', '1', 'e355140', 'SMPS reliability test', '', NULL, '2009-12-15 14:38:15', 'e324601', '2010-02-01 11:16:12', ''),
	(828, 1, 136, 1, '2010-01-09', '2010-01-31', '1', 'e275009', 'Prodigi', '', NULL, '2009-12-16 08:09:54', 'e275009', '2009-12-16 08:09:54', ''),
	(829, 0, 115, 1, '2009-12-16', '2009-12-18', '1', 'e436143', 'SHC', '', NULL, '2009-12-16 14:47:34', '0', '0000-00-00 00:00:00', NULL),
	(830, 0, 140, 1, '2009-12-17', '2009-12-17', '1', 'e459841', 'DKO', '', NULL, '2009-12-16 16:13:22', '0', '0000-00-00 00:00:00', NULL),
	(831, 0, 168, 1, '2009-12-18', '2009-12-18', '1', 'e459841', 'DKO', '', NULL, '2009-12-18 08:15:05', '0', '0000-00-00 00:00:00', NULL),
	(832, 0, 115, 1, '2009-12-21', '2009-12-23', '1', 'e291393', 'SHC', '', NULL, '2009-12-21 07:35:09', '0', '0000-00-00 00:00:00', NULL),
	(833, 0, 167, 1, '2009-12-21', '2009-12-23', '1', 'e335886', 'Zeleny', '', NULL, '2009-12-21 08:47:08', '0', '0000-00-00 00:00:00', NULL),
	(834, 0, 141, 1, '2009-12-21', '2009-12-23', '1', 'e335886', 'Zeleny', '', NULL, '2009-12-21 08:47:23', '0', '0000-00-00 00:00:00', NULL),
	(836, 0, 117, 1, '2009-12-21', '2009-12-23', '1', 'e459841', 'DKO', '', NULL, '2009-12-21 14:09:38', '0', '0000-00-00 00:00:00', NULL),
	(837, 0, 168, 1, '2009-12-21', '2009-12-23', '1', 'e459841', 'DKO', '', NULL, '2009-12-21 14:10:02', '0', '0000-00-00 00:00:00', NULL),
	(838, 1, 128, 1, '2010-02-01', '2010-04-30', '1', 'e324601', 'P78', '', NULL, '2009-12-22 08:45:19', 'e324601', '2009-12-22 08:45:19', ''),
	(839, 1, 6, 1, '2010-02-01', '2010-02-28', '1', 'e324601', 'Mod IFC', '', NULL, '2009-12-22 08:46:14', 'e324601', '2009-12-22 08:46:14', ''),
	(840, 1, 4, 1, '2010-01-04', '2010-02-28', '1', 'e324601', 'Mod IFC', '', NULL, '2009-12-22 08:47:58', 'e324601', '2009-12-22 08:47:58', ''),
	(841, 1, 5, 1, '2010-01-04', '2010-01-05', '1', 'e466422', 'S4570', '', NULL, '2009-12-22 11:19:04', 'e677413', '2010-01-18 14:03:11', ''),
	(842, 0, 141, 1, '2010-01-04', '2010-01-15', '1', 'e335886', 'Zeleny', '', NULL, '2010-01-04 10:10:16', '0', '0000-00-00 00:00:00', NULL),
	(843, 0, 168, 1, '2010-01-04', '2010-01-08', '1', 'e335886', 'Zeleny', '', NULL, '2010-01-04 10:10:35', '0', '0000-00-00 00:00:00', NULL),
	(844, 0, 167, 1, '2010-01-04', '2010-01-08', '1', 'e335886', 'Zeleny', '', NULL, '2010-01-04 10:10:49', '0', '0000-00-00 00:00:00', NULL),
	(845, 1, 5, 1, '2010-01-06', '2010-02-28', '1', 'e351667', 'SmartT enh. P 355', '', NULL, '2010-01-04 13:47:47', 'e677413', '2010-01-18 14:02:42', ''),
	(846, 0, 115, 1, '2010-01-05', '2010-01-06', '1', 'e228392', 'Comelit transformer', '', NULL, '2010-01-06 08:43:56', '0', '0000-00-00 00:00:00', NULL),
	(847, 1, 114, 1, '2010-01-07', '2010-01-29', '1', 'e315193', '700044', 'Hose Leakage Test', NULL, '2010-01-06 09:48:46', 'e324601', '2010-01-06 14:54:32', ''),
	(848, 0, 148, 1, '2010-01-07', '2010-01-08', '1', 'e315193', '700044', '', NULL, '2010-01-06 09:49:39', '0', '0000-00-00 00:00:00', NULL),
	(849, 0, 148, 1, '2010-01-13', '2010-01-13', '1', 'e315193', '700044', '', NULL, '2010-01-06 09:49:57', '0', '0000-00-00 00:00:00', NULL),
	(850, 0, 146, 1, '2010-01-07', '2010-01-15', '1', 'e315193', 'V4944', '', NULL, '2010-01-06 09:50:50', '0', '0000-00-00 00:00:00', NULL),
	(851, 0, 115, 1, '2010-01-08', '2010-01-11', '1', 'e360232', 'Gastep', '', NULL, '2010-01-07 12:44:35', '0', '0000-00-00 00:00:00', NULL),
	(852, 0, 125, 1, '2010-01-11', '2010-01-22', '1', 'e360232', 'Gastep', '', NULL, '2010-01-07 12:45:44', '0', '0000-00-00 00:00:00', NULL),
	(853, 0, 123, 1, '2010-01-08', '2010-01-15', '1', 'e335886', 'Zeleny', '', NULL, '2010-01-08 11:13:12', '0', '0000-00-00 00:00:00', NULL),
	(854, 0, 139, 1, '2010-01-11', '2010-01-12', '1', 'e355140', 'DKO', '', NULL, '2010-01-08 15:52:37', '0', '0000-00-00 00:00:00', NULL),
	(855, 0, 168, 1, '2010-01-11', '2010-01-11', '1', 'e459841', 'DKO', '', NULL, '2010-01-11 08:11:45', '0', '0000-00-00 00:00:00', NULL),
	(856, 0, 117, 1, '2010-01-11', '2010-01-11', '1', 'e459841', 'DKO', '', NULL, '2010-01-11 08:12:06', '0', '0000-00-00 00:00:00', NULL),
	(858, 0, 117, 1, '2010-01-12', '2010-01-12', '1', 'e459841', 'DKO', '', NULL, '2010-01-12 08:02:16', '0', '0000-00-00 00:00:00', NULL),
	(859, 0, 168, 1, '2010-01-12', '2010-01-12', '1', 'e459841', 'DKO', '', NULL, '2010-01-12 08:02:25', '0', '0000-00-00 00:00:00', NULL),
	(861, 0, 167, 1, '2010-01-13', '2010-01-13', '1', 'e335886', 'Zeleny', '', NULL, '2010-01-13 10:53:02', '0', '0000-00-00 00:00:00', NULL),
	(862, 0, 144, 1, '2009-12-01', '2009-12-18', '1', 'e410697', 'Průběžné kalibrace přístrojů', '', NULL, '2010-01-13 12:59:46', '0', '0000-00-00 00:00:00', NULL),
	(863, 0, 117, 1, '2010-01-14', '2010-01-22', '1', 'e275009', 'Prodigi', '', NULL, '2010-01-14 07:11:42', '0', '0000-00-00 00:00:00', NULL),
	(864, 0, 168, 1, '2010-01-14', '2010-01-22', '1', 'e275009', 'Prodigi', '', NULL, '2010-01-14 07:14:30', '0', '0000-00-00 00:00:00', NULL),
	(866, 0, 144, 1, '2009-11-03', '2009-11-03', '1', 'e410697', 'Kalibrace přístrojů', '', NULL, '2010-01-15 05:41:25', '0', '0000-00-00 00:00:00', NULL),
	(867, 0, 144, 1, '2009-11-05', '2009-11-05', '1', 'e410697', 'Kalibrace přístrojů', '', NULL, '2010-01-15 05:41:41', '0', '0000-00-00 00:00:00', NULL),
	(868, 0, 144, 1, '2009-11-10', '2009-11-10', '1', 'e410697', 'Kalibrace přístrojů', '', NULL, '2010-01-15 05:42:00', '0', '0000-00-00 00:00:00', NULL),
	(869, 0, 144, 1, '2009-11-12', '2009-11-12', '1', 'e410697', 'Kalibrace přístrojů', '', NULL, '2010-01-15 05:42:13', '0', '0000-00-00 00:00:00', NULL),
	(870, 0, 144, 1, '2009-11-17', '2009-11-17', '1', 'e410697', 'Kalibrace přístrojů', '', NULL, '2010-01-15 05:42:28', '0', '0000-00-00 00:00:00', NULL),
	(871, 0, 144, 1, '2009-11-20', '2009-11-20', '1', 'e410697', 'Kalibrace přístrojů', '', NULL, '2010-01-15 05:42:40', '0', '0000-00-00 00:00:00', NULL),
	(872, 0, 144, 1, '2009-11-24', '2009-11-24', '1', 'e410697', 'Kalibrace přístrojů', '', NULL, '2010-01-15 05:42:56', '0', '0000-00-00 00:00:00', NULL),
	(873, 0, 144, 1, '2009-11-27', '2009-11-27', '1', 'e410697', 'Kalibrace přístrojů', '', NULL, '2010-01-15 05:43:07', '0', '0000-00-00 00:00:00', NULL),
	(874, 0, 144, 1, '2010-01-05', '2010-01-06', '1', 'e410697', 'Kalibrace přístrojů', '', NULL, '2010-01-15 05:48:17', '0', '0000-00-00 00:00:00', NULL),
	(875, 0, 144, 1, '2010-01-12', '2010-01-13', '1', 'e410697', 'Kalibrace přístrojů', '', NULL, '2010-01-15 05:48:37', '0', '0000-00-00 00:00:00', NULL),
	(876, 0, 144, 1, '2010-01-19', '2010-01-20', '1', 'e410697', 'Kalibrace přístrojů', '', NULL, '2010-01-15 05:48:56', '0', '0000-00-00 00:00:00', NULL),
	(877, 0, 144, 1, '2010-01-26', '2010-01-27', '1', 'e410697', 'Kalibrace přístrojů', '', NULL, '2010-01-15 05:49:13', '0', '0000-00-00 00:00:00', NULL),
	(879, 0, 9, 1, '2010-01-18', '2010-01-20', '1', 'e205003', 'RM78xx', 'RM78xx', NULL, '2010-01-15 16:18:23', '0', '0000-00-00 00:00:00', NULL),
	(880, 0, 123, 1, '2010-01-18', '2010-01-20', '1', 'e205003', 'RM78xx', 'RM78xx', NULL, '2010-01-15 17:32:38', '0', '0000-00-00 00:00:00', NULL),
	(881, 1, 113, 1, '2010-01-18', '2010-02-26', '1', 'e677413', 'Cobra', 'Performance testing', NULL, '2010-01-18 14:05:39', 'e677413', '2010-01-18 14:05:39', ''),
	(882, 1, 120, 1, '2010-01-18', '2010-02-26', '1', 'e677413', 'Cobra', 'Performance testing', NULL, '2010-01-18 14:06:43', 'e677413', '2010-01-18 14:06:43', ''),
	(883, 0, 167, 1, '2010-01-19', '2010-01-20', '1', 'e335886', 'Zeleny', '', NULL, '2010-01-19 07:31:32', '0', '0000-00-00 00:00:00', NULL),
	(884, 0, 9, 1, '2010-01-21', '2010-01-22', '1', 'e205003', 'RM78xx', '', NULL, '2010-01-19 08:35:09', '0', '0000-00-00 00:00:00', NULL),
	(886, 0, 144, 1, '2010-01-08', '2010-01-08', '1', 'e436340', 'Kalibrace přístrojů', '', NULL, '2010-01-20 13:08:26', '0', '0000-00-00 00:00:00', NULL),
	(887, 0, 144, 1, '2010-01-14', '2010-01-14', '1', 'e436340', 'Kalibrace přístrojů', '', NULL, '2010-01-20 13:09:18', '0', '0000-00-00 00:00:00', NULL),
	(889, 0, 122, 1, '2010-01-21', '2010-01-21', '1', 'e470736', 'S4962 Esys', '', NULL, '2010-01-20 16:09:48', '0', '0000-00-00 00:00:00', NULL),
	(890, 0, 167, 1, '2010-01-21', '2010-01-22', '1', 'e371561', '171', 'Second source qualification - transformer 10 4301 065 -066', NULL, '2010-01-21 08:19:37', '0', '0000-00-00 00:00:00', NULL),
	(891, 0, 144, 1, '2010-01-21', '2010-01-21', '1', 'e436340', 'Kalibrace přístrojů', '', NULL, '2010-01-21 10:06:31', '0', '0000-00-00 00:00:00', NULL),
	(892, 0, 123, 1, '2010-01-22', '2010-01-22', '1', 'e470736', 'S4962 Esys', '', NULL, '2010-01-21 12:29:22', '0', '0000-00-00 00:00:00', NULL),
	(895, 0, 144, 1, '2010-01-25', '2010-01-25', '1', 'e436340', 'Kalibrace přístrojů', '', NULL, '2010-01-25 14:58:18', '0', '0000-00-00 00:00:00', NULL),
	(896, 0, 125, 1, '2010-01-25', '2010-01-27', '1', 'e459841', 'DKO-976', '', NULL, '2010-01-25 16:09:09', '0', '0000-00-00 00:00:00', NULL),
	(897, 0, 123, 1, '2010-01-26', '2010-01-29', '1', 'e228392', 'MCBA5 Atag', 'MCBA5 Atag', NULL, '2010-01-26 08:53:55', '0', '0000-00-00 00:00:00', NULL),
	(899, 1, 124, 1, '2010-03-01', '2010-03-31', '1', 'e324601', 'IFC Accolade', '', NULL, '2010-01-27 13:22:55', 'e324601', '2010-01-27 13:22:55', ''),
	(900, 0, 142, 1, '2010-01-27', '2010-01-29', '1', 'e335886', 'Zeleny', '', NULL, '2010-01-27 14:04:11', '0', '0000-00-00 00:00:00', NULL),
	(901, 0, 117, 1, '2010-01-29', '2010-02-12', '1', 'e275010', 'Delta Kung Fu', 'kontaktní osoba Jiří Kraus', NULL, '2010-01-28 07:43:42', '0', '0000-00-00 00:00:00', NULL),
	(902, 0, 125, 1, '2010-01-28', '2010-01-29', '1', 'e459841', 'DKO-976', '', NULL, '2010-01-28 12:31:57', '0', '0000-00-00 00:00:00', NULL),
	(903, 1, 6, 1, '2010-03-22', '2010-04-22', '1', 'e332375', 'AOS PowerVent', '', NULL, '2010-01-28 17:26:42', 'e324601', '2010-01-29 08:29:38', ''),
	(904, 1, 4, 1, '2010-03-01', '2010-04-01', '1', 'e332375', 'AOS PowerVent', '', NULL, '2010-01-28 17:28:09', 'e324601', '2010-01-29 08:30:04', ''),
	(905, 0, 161, 1, '2010-01-29', '2010-01-29', '1', 'e205003', 'RM78xx', '', NULL, '2010-01-29 10:42:21', '0', '0000-00-00 00:00:00', NULL),
	(906, 1, 136, 1, '2010-02-01', '2010-02-20', '1', 'e293807', 'Sirocco 706535', 'Zavodny Ludek, pressure sensor test', NULL, '2010-01-29 12:13:15', 'e275009', '2010-02-01 09:31:37', ''),
	(907, 0, 116, 1, '2010-02-01', '2010-02-20', '1', 'e332375', 'AOS PowerVent', '', NULL, '2010-01-29 13:39:05', '0', '0000-00-00 00:00:00', NULL),
	(908, 0, 141, 1, '2010-02-01', '2010-02-10', '1', 'e332375', 'AOS PowerVent', '', NULL, '2010-01-29 13:40:30', '0', '0000-00-00 00:00:00', NULL),
	(909, 0, 147, 1, '2010-02-03', '2010-02-19', '1', 'e315193', '700044', '', NULL, '2010-02-01 08:57:55', '0', '0000-00-00 00:00:00', NULL),
	(910, 0, 139, 1, '2010-02-01', '2010-02-02', '1', 'e459841', 'Dko-976', '', NULL, '2010-02-01 10:15:59', '0', '0000-00-00 00:00:00', NULL),
	(912, 0, 161, 1, '2010-02-15', '2010-02-26', '1', 'e360230', 'Minnetonka RFI', '', NULL, '2010-02-01 12:34:02', '0', '0000-00-00 00:00:00', NULL),
	(914, 0, 161, 1, '2010-02-01', '2010-02-12', '1', 'e205003', 'CombNA RoHS projects', '2stage, Vesta etc.', NULL, '2010-02-01 12:37:24', '0', '0000-00-00 00:00:00', NULL),
	(915, 0, 139, 1, '2010-02-03', '2010-02-03', '1', 'e293807', 'Zephyr', 'motor control evaluation', NULL, '2010-02-01 12:46:18', '0', '0000-00-00 00:00:00', NULL),
	(916, 0, 139, 1, '2010-02-04', '2010-02-05', '1', 'e293807', 'Zephyr', 'motor control evaluation', NULL, '2010-02-01 12:47:22', '0', '0000-00-00 00:00:00', NULL),
	(918, 0, 125, 1, '2010-02-01', '2010-02-03', '1', 'e459841', 'DKO976', '', NULL, '2010-02-01 13:37:51', '0', '0000-00-00 00:00:00', NULL),
	(919, 0, 144, 1, '2010-02-01', '2010-02-05', '1', 'e436340', 'Kalibrace přístrojů', '', NULL, '2010-02-01 16:38:37', '0', '0000-00-00 00:00:00', NULL),
	(920, 0, 140, 1, '2010-02-04', '2010-02-05', '1', 'e360232', 'GASTEP', '', NULL, '2010-02-04 07:59:39', '0', '0000-00-00 00:00:00', NULL),
	(921, 0, 125, 1, '2010-02-04', '2010-02-04', '1', 'e459841', 'DKO976', '', NULL, '2010-02-04 08:23:17', '0', '0000-00-00 00:00:00', NULL),
	(922, 0, 142, 1, '2010-02-04', '2010-02-05', '1', 'e335886', 'Zeleny', '', NULL, '2010-02-04 11:03:46', '0', '0000-00-00 00:00:00', NULL),
	(923, 0, 9, 1, '2010-02-05', '2010-02-12', '1', 'e332375', 'AOS PowerVent', '', NULL, '2010-02-05 10:09:12', '0', '0000-00-00 00:00:00', NULL),
	(924, 0, 167, 1, '2010-02-08', '2010-02-09', '1', 'e335886', 'Zeleny', '', NULL, '2010-02-08 11:14:35', '0', '0000-00-00 00:00:00', NULL),
	(925, 0, 116, 1, '2010-02-22', '2010-02-26', '1', 'e335886', 'Zeleny', '', NULL, '2010-02-08 12:12:34', '0', '0000-00-00 00:00:00', NULL),
	(926, 0, 167, 1, '2010-02-10', '2010-02-12', '1', 'e335886', 'Zeleny', '', NULL, '2010-02-08 12:15:13', '0', '0000-00-00 00:00:00', NULL),
	(927, 0, 139, 1, '2010-02-08', '2010-02-12', '1', 'e293807', 'GK706541 - Zephyr', 'Motor control evaluation, IAQ lab', NULL, '2010-02-09 15:43:06', '0', '0000-00-00 00:00:00', NULL),
	(928, 0, 144, 1, '2010-02-10', '2010-02-10', '1', 'e436340', 'Kalibrace přístrojů', '', NULL, '2010-02-10 11:58:45', '0', '0000-00-00 00:00:00', NULL),
	(929, 0, 138, 1, '2010-02-11', '2010-02-11', '1', 'e420560', '2080', '', NULL, '2010-02-10 14:50:29', '0', '0000-00-00 00:00:00', NULL),
	(930, 0, 141, 1, '2010-02-11', '2010-02-12', '1', 'e335886', 'Zeleny', '', NULL, '2010-02-12 07:33:11', '0', '0000-00-00 00:00:00', NULL),
	(931, 0, 144, 1, '2010-02-12', '2010-02-12', '1', 'e436340', 'Kalibrace přístrojů', '', NULL, '2010-02-12 14:42:59', '0', '0000-00-00 00:00:00', NULL),
	(932, 0, 122, 1, '2010-02-15', '2010-02-17', '1', 'e228392', 'MCBA5', '', NULL, '2010-02-15 09:37:33', '0', '0000-00-00 00:00:00', NULL),
	(933, 1, 136, 1, '2010-02-22', '2010-02-23', '1', 'e228392', 'MCBA5', '', NULL, '2010-02-15 09:52:14', 'e275009', '2010-03-08 06:13:24', ''),
	(934, 0, 144, 1, '2010-02-15', '2010-02-15', '1', 'e436340', 'Kalibrace přístrojů', '', NULL, '2010-02-15 10:49:44', '0', '0000-00-00 00:00:00', NULL),
	(935, 0, 168, 1, '2010-02-15', '2010-02-19', '1', 'e335886', 'Zeleny', '', NULL, '2010-02-15 12:50:32', '0', '0000-00-00 00:00:00', NULL),
	(936, 0, 141, 1, '2010-02-15', '2010-02-19', '1', 'e335886', 'Zeleny', '', NULL, '2010-02-15 12:50:53', '0', '0000-00-00 00:00:00', NULL),
	(937, 1, 118, 1, '2010-02-16', '2010-02-26', '2', 'e402838', 'Superheat controller', '', NULL, '2010-02-15 13:23:39', 'e677413', '2010-09-20 06:47:07', ''),
	(938, 0, 125, 1, '2010-02-15', '2010-02-16', '1', 'e360232', 'GASTEP', '', NULL, '2010-02-15 14:00:51', '0', '0000-00-00 00:00:00', NULL),
	(940, 0, 125, 1, '2010-02-17', '2010-02-18', '1', 'e360232', 'GASTEP', '', NULL, '2010-02-16 13:33:04', '0', '0000-00-00 00:00:00', NULL),
	(941, 1, 4, 1, '2010-04-02', '2010-05-15', '1', 'e332375', 'AOS PowerVent - Device Life Test', '', NULL, '2010-02-18 18:09:33', 'e324601', '2010-02-19 09:28:28', ''),
	(943, 1, 114, 1, '2010-03-15', '2010-03-19', '2', 'e410697', 'test only', 'pls ignoruj tenhle pozadavek, jen zkousime jak se chova pozadavek v pripade odmitnuti', NULL, '2010-02-19 10:18:42', 'e410697', '2010-02-19 10:19:05', ''),
	(944, 0, 139, 1, '2010-02-19', '2010-02-22', '1', 'e459841', 'DKO', '', NULL, '2010-02-19 14:48:09', '0', '0000-00-00 00:00:00', NULL),
	(945, 0, 144, 1, '2010-02-17', '2010-02-17', '1', 'e436340', 'Kalibrace přístrojů', '', NULL, '2010-02-19 15:33:32', '0', '0000-00-00 00:00:00', NULL),
	(946, 0, 144, 1, '2010-02-19', '2010-02-19', '1', 'e436340', 'Kalibrace přístrojů', '', NULL, '2010-02-19 15:33:43', '0', '0000-00-00 00:00:00', NULL),
	(947, 0, 168, 1, '2010-02-22', '2010-02-22', '1', 'e335886', 'Zeleny', '', NULL, '2010-02-22 06:54:23', '0', '0000-00-00 00:00:00', NULL),
	(948, 0, 141, 1, '2010-02-22', '2010-02-22', '1', 'e335886', 'Zeleny', '', NULL, '2010-02-22 06:54:34', '0', '0000-00-00 00:00:00', NULL),
	(949, 0, 125, 1, '2010-02-22', '2010-02-26', '1', 'e360232', 'GASTEP', '', NULL, '2010-02-22 07:57:34', '0', '0000-00-00 00:00:00', NULL),
	(950, 0, 9, 1, '2010-02-22', '2010-03-05', '1', 'e332375', 'AOS_PowerVent', '', NULL, '2010-02-22 17:32:42', '0', '0000-00-00 00:00:00', NULL),
	(951, 0, 138, 1, '2010-02-25', '2010-02-25', '1', 'e444788', 'P325', '', NULL, '2010-02-25 09:46:55', '0', '0000-00-00 00:00:00', NULL),
	(952, 1, 170, 1, '2010-02-25', '2010-02-28', '2', 'e410697', 'Toto je jenom pokus. rezervaci odmitnout!', 'Alesi, jen zkousi, zda rezervace funguje. Takze ji, prosim, odmitni. Diky. Pavel', NULL, '2010-02-25 12:36:36', 'e228392', '2010-02-25 12:37:52', ''),
	(953, 1, 119, 1, '2010-04-01', '2010-08-31', '1', 'e244207', 'IAS', '', NULL, '2010-02-25 13:46:57', 'e275009', '2010-03-08 06:57:41', ''),
	(954, 0, 129, 1, '2010-03-25', '2010-04-09', '1', 'e244207', 'Sirocco', '', NULL, '2010-02-25 13:48:55', '0', '0000-00-00 00:00:00', NULL),
	(955, 0, 116, 1, '2010-03-01', '2010-03-04', '1', 'e335886', 'Zeleny', '', NULL, '2010-02-26 07:59:41', '0', '0000-00-00 00:00:00', NULL),
	(956, 0, 122, 1, '2010-02-26', '2010-03-01', '1', 'e355140', 'MaXsys', 'Surge with 5 Amps fuse', NULL, '2010-02-26 08:17:08', '0', '0000-00-00 00:00:00', NULL),
	(957, 0, 122, 1, '2010-03-02', '2010-03-31', '1', 'e332375', 'AOS powervent', '', NULL, '2010-02-26 11:45:17', '0', '0000-00-00 00:00:00', NULL),
	(958, 0, 125, 1, '2010-03-01', '2010-03-05', '1', 'e360232', 'GASTEP', '', NULL, '2010-02-26 14:09:01', '0', '0000-00-00 00:00:00', NULL),
	(963, 1, 170, 1, '2010-03-01', '2010-03-12', '2', 'e420560', 'Klinger', '', NULL, '2010-03-01 10:12:59', 'e228392', '2010-03-01 11:45:35', ''),
	(964, 1, 124, 1, '2010-04-01', '2010-04-30', '1', 'e324601', 'ASIC R7999 Replacement', '', NULL, '2010-03-01 10:26:16', 'e324601', '2010-03-01 10:26:16', ''),
	(965, 1, 170, 1, '2010-03-01', '2010-03-29', '1', 'e228392', 'PCB Ag,Au,soldered', '', NULL, '2010-03-01 11:47:06', 'e228392', '2010-03-01 11:47:06', ''),
	(966, 1, 6, 1, '2010-03-01', '2010-03-12', '1', 'e420560', 'Klinger', '', NULL, '2010-03-01 11:51:07', 'e324601', '2010-03-02 07:58:15', ''),
	(967, 0, 168, 1, '2010-03-02', '2010-03-04', '1', 'e335886', 'Zeleny', '', NULL, '2010-03-03 07:20:52', '0', '0000-00-00 00:00:00', NULL),
	(968, 0, 141, 1, '2010-03-02', '2010-03-04', '1', 'e335886', 'zeleny', '', NULL, '2010-03-03 07:21:13', '0', '0000-00-00 00:00:00', NULL),
	(969, 0, 144, 1, '2010-03-01', '2010-03-01', '1', 'e436340', 'Kalibrace přístrojů', '', NULL, '2010-03-03 11:57:20', '0', '0000-00-00 00:00:00', NULL),
	(970, 0, 144, 1, '2010-03-03', '2010-03-03', '1', 'e436340', 'Kalibrace přístrojů', '', NULL, '2010-03-03 11:57:35', '0', '0000-00-00 00:00:00', NULL),
	(971, 0, 144, 1, '2010-02-22', '2010-02-22', '1', 'e436340', 'Kalibrace přístrojů', '', NULL, '2010-03-03 11:57:49', '0', '0000-00-00 00:00:00', NULL),
	(972, 0, 144, 1, '2010-02-24', '2010-02-24', '1', 'e436340', 'Kalibrace přístrojů', '', NULL, '2010-03-03 11:57:55', '0', '0000-00-00 00:00:00', NULL),
	(973, 0, 144, 1, '2010-02-26', '2010-02-26', '1', 'e436340', 'Kalibrace přístrojů', '', NULL, '2010-03-03 11:58:01', '0', '0000-00-00 00:00:00', NULL),
	(974, 0, 117, 1, '2010-03-05', '2010-03-05', '1', 'e360232', 'GASTEP', '', NULL, '2010-03-05 07:38:39', '0', '0000-00-00 00:00:00', NULL),
	(975, 0, 167, 1, '2010-03-05', '2010-03-05', '1', 'e360232', 'GASTEP', '', NULL, '2010-03-05 07:39:04', '0', '0000-00-00 00:00:00', NULL),
	(976, 0, 125, 1, '2010-03-08', '2010-03-12', '1', 'e360232', 'GASTEP', '', NULL, '2010-03-05 08:46:47', '0', '0000-00-00 00:00:00', NULL),
	(977, 1, 136, 1, '2010-03-08', '2010-03-31', '1', 'e410697', 'Ti067 / Turbo', '', NULL, '2010-03-05 08:46:49', 'e410697', '2010-03-05 13:06:20', ''),
	(978, 0, 144, 1, '2010-03-05', '2010-03-05', '1', 'e436340', 'Kalibrace přístrojů', '', NULL, '2010-03-05 17:46:30', '0', '0000-00-00 00:00:00', NULL),
	(979, 1, 120, 1, '2010-03-08', '2010-03-13', '1', 'e371546', 'Salt new Gear Train', '', NULL, '2010-03-08 10:21:11', 'e677413', '2010-03-08 14:22:09', ''),
	(980, 1, 5, 1, '2010-03-08', '2010-03-12', '2', 'e371546', 'Salt new Gear Train', '', NULL, '2010-03-08 10:21:59', 'e677413', '2010-09-20 06:47:12', ''),
	(981, 0, 129, 1, '2010-03-08', '2010-03-20', '1', 'e332375', 'AOSmith PowerVents', '', NULL, '2010-03-08 11:04:28', '0', '0000-00-00 00:00:00', NULL),
	(982, 0, 129, 1, '2010-03-22', '2010-03-24', '1', 'e332375', 'AOS', '', NULL, '2010-03-08 11:04:47', '0', '0000-00-00 00:00:00', NULL),
	(983, 0, 10, 1, '2010-03-09', '2010-03-09', '1', 'e355141', 'ProDigi', '', NULL, '2010-03-09 11:23:45', '0', '0000-00-00 00:00:00', NULL),
	(984, 0, 123, 1, '2010-03-12', '2010-03-18', '1', 'e291393', 'SHC', '', NULL, '2010-03-09 14:06:57', '0', '0000-00-00 00:00:00', NULL),
	(985, 0, 168, 1, '2010-03-12', '2010-03-18', '1', 'e291393', 'SHC', '', NULL, '2010-03-09 14:17:41', '0', '0000-00-00 00:00:00', NULL),
	(987, 0, 117, 1, '2010-03-10', '2010-03-10', '1', 'e355141', 'ProDigi', '', NULL, '2010-03-10 13:05:05', '0', '0000-00-00 00:00:00', NULL),
	(988, 0, 161, 1, '2010-03-10', '2010-03-19', '1', 'e205003', '706679', 'IFC + Vesta + Aquastat', NULL, '2010-03-10 14:28:56', '0', '0000-00-00 00:00:00', NULL),
	(989, 0, 137, 1, '2010-03-10', '2010-03-10', '1', 'e228392', 'MCBA - Comelit transformer', '', NULL, '2010-03-10 14:44:48', '0', '0000-00-00 00:00:00', NULL),
	(990, 0, 139, 1, '2010-03-10', '2010-03-12', '1', 'e332375', 'AOS PowerVent', '', NULL, '2010-03-10 15:44:24', '0', '0000-00-00 00:00:00', NULL),
	(991, 1, 114, 1, '2010-03-12', '2010-03-14', '1', 'e334629', 'Production support', '', NULL, '2010-03-11 15:39:51', 'e324601', '2010-03-12 09:02:13', ''),
	(992, 1, 118, 1, '2010-03-12', '2010-03-19', '2', 'e402838', 'SHC', '', NULL, '2010-03-12 07:49:12', 'e677413', '2010-09-20 06:47:16', ''),
	(993, 0, 140, 1, '2010-03-15', '2010-03-15', '1', 'e360232', 'GASTEP', '', NULL, '2010-03-12 13:59:03', '0', '0000-00-00 00:00:00', NULL),
	(994, 1, 6, 1, '2010-03-15', '2010-03-19', '1', 'e360232', 'GASTEP', '', NULL, '2010-03-12 14:19:13', 'e324601', '2010-03-12 17:09:23', ''),
	(995, 1, 120, 1, '2010-03-15', '2010-03-22', '2', 'e371546', 'Cobra', '', NULL, '2010-03-15 09:16:30', 'e677413', '2010-09-20 06:47:20', ''),
	(996, 0, 144, 1, '2010-03-08', '2010-03-08', '1', 'e436340', 'Kalibrace přístrojů', '', NULL, '2010-03-15 11:13:08', '0', '0000-00-00 00:00:00', NULL),
	(997, 0, 144, 1, '2010-03-10', '2010-03-10', '1', 'e436340', 'Kalibrace přístrojů', '', NULL, '2010-03-15 11:13:20', '0', '0000-00-00 00:00:00', NULL),
	(998, 0, 144, 1, '2010-03-12', '2010-03-12', '1', 'e436340', 'Kalibrace přístrojů', '', NULL, '2010-03-15 11:13:26', '0', '0000-00-00 00:00:00', NULL),
	(999, 0, 144, 1, '2010-03-15', '2010-03-15', '1', 'e436340', 'Kalibrace přístrojů', '', NULL, '2010-03-15 11:13:34', '0', '0000-00-00 00:00:00', NULL),
	(1000, 0, 144, 1, '2010-03-17', '2010-03-17', '1', 'e436340', 'Kalibrace přístrojů', '', NULL, '2010-03-15 11:13:42', '0', '0000-00-00 00:00:00', NULL),
	(1001, 0, 144, 1, '2010-03-19', '2010-03-19', '1', 'e436340', 'Kalibrace přístrojů', '', NULL, '2010-03-15 11:13:48', '0', '0000-00-00 00:00:00', NULL),
	(1002, 0, 139, 1, '2010-03-16', '2010-03-16', '1', 'e332375', '706332 AOS PowerVent', '', NULL, '2010-03-15 14:52:52', '0', '0000-00-00 00:00:00', NULL),
	(1003, 0, 138, 1, '2010-03-16', '2010-03-16', '1', 'e444788', '387', '', NULL, '2010-03-16 08:24:20', '0', '0000-00-00 00:00:00', NULL),
	(1004, 0, 116, 1, '2011-04-01', '2011-04-14', '5', 'e332375', 'AOS PowerVents', '', NULL, '2010-03-16 14:18:33', '0', '0000-00-00 00:00:00', NULL),
	(1006, 0, 116, 1, '2010-04-01', '2010-04-15', '1', 'e332375', 'AOS PowerVent', '', NULL, '2010-03-16 14:20:16', '0', '0000-00-00 00:00:00', NULL),
	(1007, 0, 139, 1, '2010-03-17', '2010-03-19', '1', 'e332375', 'AOS PowerVents', '', NULL, '2010-03-17 12:10:24', '0', '0000-00-00 00:00:00', NULL),
	(1008, 1, 5, 1, '2010-03-18', '2010-03-26', '2', 'e381608', 'Thera 4 chrome accelerated aging - 7 days', '', NULL, '2010-03-18 13:10:22', 'e677413', '2010-09-20 06:47:24', ''),
	(1009, 1, 121, 1, '2010-04-01', '2010-04-30', '1', 'e293807', 'Sirocco / Zephyr', '', NULL, '2010-03-18 13:35:24', 'e275009', '2010-04-15 10:17:23', ''),
	(1011, 1, 136, 1, '2010-04-01', '2010-05-10', '1', 'e410697', 'Zabukováno pro Pavla Zezulu - Tutbo', '', NULL, '2010-03-19 13:53:16', 'e275009', '2010-03-19 13:56:42', ''),
	(1012, 1, 118, 1, '2010-03-22', '2010-03-23', '2', 'e355140', 'NeXsys', '', NULL, '2010-03-22 08:48:25', 'e677413', '2010-09-20 06:47:27', ''),
	(1013, 1, 128, 1, '2010-05-01', '2010-05-30', '1', 'e324601', 'ASIC Replacement', '', NULL, '2010-03-22 13:12:16', 'e324601', '2010-03-22 13:12:16', ''),
	(1014, 1, 124, 1, '2010-05-01', '2010-05-30', '1', 'e324601', '2-st Accolade IFC', '', NULL, '2010-03-22 13:13:28', 'e324601', '2010-03-22 13:13:28', ''),
	(1015, 0, 9, 1, '2010-03-22', '2010-03-25', '1', 'e335886', 'Zeleny', '', NULL, '2010-03-22 14:33:11', '0', '0000-00-00 00:00:00', NULL),
	(1016, 0, 168, 1, '2010-03-23', '2010-03-23', '1', 'e371561', 'SALINA II VE', '', NULL, '2010-03-22 15:10:47', '0', '0000-00-00 00:00:00', NULL),
	(1017, 0, 117, 1, '2010-03-23', '2010-03-23', '1', 'e371561', 'SALINA II VE', '', NULL, '2010-03-22 15:11:05', '0', '0000-00-00 00:00:00', NULL),
	(1018, 0, 116, 1, '2010-03-23', '2010-03-31', '1', 'e332375', '2-IFC', '', NULL, '2010-03-23 13:20:39', '0', '0000-00-00 00:00:00', NULL),
	(1020, 1, 5, 1, '2010-03-29', '2010-04-30', '2', 'e351667', 'SmartT', '', NULL, '2010-03-24 15:49:43', 'e677413', '2010-09-20 06:47:31', ''),
	(1021, 0, 139, 1, '2010-03-25', '2010-03-26', '1', 'e332375', 'AOS Water Heater', '', NULL, '2010-03-25 08:38:17', '0', '0000-00-00 00:00:00', NULL),
	(1022, 0, 122, 1, '2010-04-01', '2010-04-09', '1', 'e355140', 'NeXsys', 'Burst, dips and drops.', NULL, '2010-03-25 11:12:50', '0', '0000-00-00 00:00:00', NULL),
	(1023, 0, 9, 1, '2010-03-26', '2010-03-26', '1', 'e459841', 'DKG972-N', '', NULL, '2010-03-25 13:04:04', '0', '0000-00-00 00:00:00', NULL),
	(1024, 1, 118, 1, '2010-03-26', '2010-03-26', '1', 'e228392', 'HAPI', '', NULL, '2010-03-26 09:45:44', 'e677413', '2010-03-26 10:39:21', ''),
	(1025, 0, 137, 1, '2010-03-24', '2010-03-24', '1', 'e228392', 'Relay OMRON G2R-1', '', NULL, '2010-03-26 09:46:25', '0', '0000-00-00 00:00:00', NULL),
	(1026, 1, 170, 1, '2010-03-30', '2010-04-16', '1', 'e466422', 'PCB Ag,Au,soldered', '', NULL, '2010-03-26 14:07:35', 'e228392', '2010-03-29 08:08:15', ''),
	(1027, 0, 144, 1, '2010-03-22', '2010-03-22', '1', 'e436340', 'Kalibrace přístrojů', '', NULL, '2010-03-26 14:14:35', '0', '0000-00-00 00:00:00', NULL),
	(1028, 0, 144, 1, '2010-03-24', '2010-03-24', '1', 'e436340', 'Kalibrace přístrojů', '', NULL, '2010-03-26 14:14:45', '0', '0000-00-00 00:00:00', NULL),
	(1029, 0, 144, 1, '2010-03-26', '2010-03-26', '1', 'e436340', 'Kalibrace přístrojů', '', NULL, '2010-03-26 14:14:53', '0', '0000-00-00 00:00:00', NULL),
	(1030, 0, 161, 1, '2010-03-28', '2010-04-09', '1', 'e205003', 'RoHS', '', NULL, '2010-03-30 09:26:30', '0', '0000-00-00 00:00:00', NULL),
	(1032, 1, 6, 1, '2010-04-23', '2010-04-30', '1', 'e332375', 'AOS', '', NULL, '2010-03-31 08:18:10', 'e324601', '2010-04-06 13:19:30', ''),
	(1033, 0, 122, 1, '2010-04-13', '2010-04-30', '1', 'e332375', 'AOS Water heater', '', NULL, '2010-03-31 13:36:23', '0', '0000-00-00 00:00:00', NULL),
	(1034, 0, 129, 1, '2010-04-12', '2010-04-30', '1', 'e332375', 'AOS water heater', '', NULL, '2010-04-01 08:19:25', '0', '0000-00-00 00:00:00', NULL),
	(1038, 0, 144, 1, '2010-03-31', '2010-03-31', '1', 'e436340', 'Kalibrace přístrojů', '', NULL, '2010-04-02 08:23:54', '0', '0000-00-00 00:00:00', NULL),
	(1039, 0, 144, 1, '2010-04-01', '2010-04-02', '1', 'e436340', 'Kalibrace přístrojů', '', NULL, '2010-04-02 08:25:18', '0', '0000-00-00 00:00:00', NULL),
	(1040, 0, 122, 1, '2010-04-12', '2010-04-12', '1', 'e355140', 'NeXsys', 'Burst', NULL, '2010-04-06 09:27:17', '0', '0000-00-00 00:00:00', NULL),
	(1041, 1, 170, 1, '2010-04-17', '2010-04-23', '2', 'e360232', 'GASTEP', '', NULL, '2010-04-06 12:40:02', 'e459841', '2010-04-19 16:38:33', ''),
	(1042, 1, 114, 1, '2010-04-08', '2010-04-15', '1', 'e315193', '700044', 'test with various offset for customer', NULL, '2010-04-06 12:59:33', 'e324601', '2010-04-06 13:20:41', ''),
	(1044, 0, 9, 1, '2010-04-07', '2010-04-07', '1', 'e394758', 'MCBA', '', NULL, '2010-04-07 14:04:01', '0', '0000-00-00 00:00:00', NULL),
	(1045, 0, 116, 1, '2010-04-16', '2010-04-30', '1', 'e332375', 'AOS water heater', '', NULL, '2010-04-08 06:55:42', '0', '0000-00-00 00:00:00', NULL),
	(1046, 0, 123, 1, '2010-04-08', '2010-04-09', '1', 'e425882', 'Piranha', '', NULL, '2010-04-08 10:18:26', '0', '0000-00-00 00:00:00', NULL),
	(1047, 1, 120, 1, '2010-04-08', '2010-04-30', '1', 'e369368', 'W7220 Zeleny Economizer', '', NULL, '2010-04-08 13:52:50', 'e677413', '2010-04-08 13:53:54', ''),
	(1048, 0, 144, 1, '2010-04-07', '2010-04-07', '1', 'e436340', 'Kalibrace přístrojů', '', NULL, '2010-04-09 08:42:00', '0', '0000-00-00 00:00:00', NULL),
	(1049, 0, 144, 1, '2010-04-09', '2010-04-09', '1', 'e436340', 'Kalibrace přístrojů', '', NULL, '2010-04-09 08:42:06', '0', '0000-00-00 00:00:00', NULL),
	(1050, 0, 139, 1, '2010-04-09', '2010-04-09', '1', 'e332375', 'Pasz-transformers consumption', '', NULL, '2010-04-09 10:08:55', '0', '0000-00-00 00:00:00', NULL),
	(1051, 0, 138, 1, '2010-04-12', '2010-04-16', '1', 'e381608', 'verification testing - bending moment resistant ', 'device will be located/moved to Homes EU lab', NULL, '2010-04-09 12:58:44', '0', '0000-00-00 00:00:00', NULL),
	(1052, 0, 123, 1, '2010-04-12', '2010-04-12', '1', 'e425882', 'Piranha', '', NULL, '2010-04-09 15:54:05', '0', '0000-00-00 00:00:00', NULL),
	(1053, 0, 10, 1, '2010-04-13', '2010-04-13', '1', 'e335886', 'Zeleny', '', NULL, '2010-04-12 09:24:18', '0', '0000-00-00 00:00:00', NULL),
	(1054, 0, 167, 1, '2010-04-13', '2010-04-13', '1', 'e335886', 'Zeleny', '', NULL, '2010-04-13 07:29:27', '0', '0000-00-00 00:00:00', NULL),
	(1055, 0, 161, 1, '2010-05-03', '2010-05-14', '1', 'e205003', '707739', 'RoHS products', NULL, '2010-04-14 08:19:03', '0', '0000-00-00 00:00:00', NULL),
	(1056, 0, 161, 1, '2010-05-17', '2010-05-21', '1', 'e205003', '707739', 'RoHS projects CombNA', NULL, '2010-04-14 08:28:12', '0', '0000-00-00 00:00:00', NULL),
	(1057, 1, 124, 1, '2010-06-01', '2010-06-30', '1', 'e324601', '2-stage Accolade IFC', '', NULL, '2010-04-14 11:03:40', 'e324601', '2010-04-14 11:03:40', ''),
	(1058, 1, 128, 1, '2010-06-01', '2010-06-30', '1', 'e324601', 'P7810 ASIC Replacement', '', NULL, '2010-04-14 11:04:19', 'e324601', '2010-04-14 11:04:19', ''),
	(1059, 1, 114, 1, '2010-04-16', '2010-04-16', '1', 'e315193', '702793', 'Water heter', NULL, '2010-04-15 08:19:17', 'e324601', '2010-04-15 10:21:18', ''),
	(1060, 0, 140, 1, '2010-04-14', '2010-04-14', '1', 'e335886', 'zeleny', '', NULL, '2010-04-15 15:05:15', '0', '0000-00-00 00:00:00', NULL),
	(1061, 0, 138, 1, '2010-04-19', '2010-04-19', '1', 'e444788', '387', '', NULL, '2010-04-16 12:04:09', '0', '0000-00-00 00:00:00', NULL),
	(1063, 0, 123, 1, '2010-04-19', '2010-04-23', '1', 'e436143', 'SHC', '', NULL, '2010-04-16 14:08:29', '0', '0000-00-00 00:00:00', NULL),
	(1064, 1, 118, 1, '2010-04-01', '2010-04-30', '1', 'e402838', 'SHC', '', NULL, '2010-04-19 13:25:25', 'e677413', '2010-04-19 13:31:19', ''),
	(1065, 1, 170, 1, '2010-04-19', '2010-04-30', '1', 'e459841', 'HeatPump', '', NULL, '2010-04-19 16:39:44', 'e459841', '2010-04-19 16:40:22', ''),
	(1066, 1, 114, 1, '2010-04-19', '2010-04-19', '2', 'e459841', 'HP', '', NULL, '2010-04-19 16:40:48', 'e459841', '2010-04-19 16:40:59', ''),
	(1067, 0, 140, 1, '2010-04-20', '2010-04-20', '1', 'e335886', 'Zeleny', '', NULL, '2010-04-20 12:59:29', '0', '0000-00-00 00:00:00', NULL),
	(1068, 0, 130, 1, '2010-04-21', '2010-04-21', '1', 'e228392', 'HAPI DotMatrix', '', NULL, '2010-04-21 08:21:04', '0', '0000-00-00 00:00:00', NULL),
	(1069, 0, 117, 1, '2010-04-15', '2010-04-15', '1', 'e228392', 'HAPI DotMatrix', '', NULL, '2010-04-21 08:22:02', '0', '0000-00-00 00:00:00', NULL),
	(1070, 0, 117, 1, '2010-04-21', '2010-04-21', '1', 'e228392', 'HAPI DotMatrix', '', NULL, '2010-04-21 08:22:20', '0', '0000-00-00 00:00:00', NULL),
	(1071, 1, 6, 1, '2010-05-01', '2010-05-30', '1', 'e324601', 'Vesta - LDO', '', NULL, '2010-04-22 10:49:34', 'e324601', '2010-04-22 10:49:34', ''),
	(1072, 1, 6, 1, '2010-06-01', '2010-06-30', '1', 'e324601', 'Vesta - LDO', '', NULL, '2010-04-22 10:50:19', 'e324601', '2010-04-22 10:50:19', ''),
	(1073, 1, 170, 1, '2010-05-01', '2010-05-10', '1', 'e459841', 'HP', '', NULL, '2010-04-23 08:25:22', 'e459841', '2010-04-23 08:25:36', ''),
	(1076, 0, 140, 1, '2010-04-23', '2010-04-23', '1', 'e335886', 'Zeleny', '', NULL, '2010-04-23 10:07:44', '0', '0000-00-00 00:00:00', NULL),
	(1079, 1, 121, 1, '2010-05-10', '2010-05-14', '1', 'e366268', '701552', '', NULL, '2010-04-23 10:31:48', 'e275009', '2010-04-23 11:38:43', ''),
	(1081, 1, 121, 1, '2010-05-31', '2010-06-04', '1', 'e366268', '701552', '', NULL, '2010-04-23 10:46:24', 'e275009', '2010-04-23 11:46:30', ''),
	(1082, 0, 123, 1, '2010-04-26', '2010-04-28', '1', 'e436143', 'SHC', '', NULL, '2010-04-23 15:37:40', '0', '0000-00-00 00:00:00', NULL),
	(1083, 0, 161, 1, '2010-04-26', '2010-04-30', '1', 'e205003', 'RoHS', '', NULL, '2010-04-26 11:17:14', '0', '0000-00-00 00:00:00', NULL),
	(1084, 0, 140, 1, '2010-04-27', '2010-04-27', '1', 'e410697', 'TURBO-Petr Koplik', '', NULL, '2010-04-26 13:30:42', '0', '0000-00-00 00:00:00', NULL),
	(1085, 1, 118, 1, '2010-05-03', '2010-05-07', '1', 'e402838', 'SHC', '', NULL, '2010-04-27 10:14:29', 'e677413', '2010-04-29 06:54:39', ''),
	(1086, 0, 129, 1, '2010-05-03', '2010-05-09', '1', 'e351667', 'SmartT enh. P 355', '', NULL, '2010-04-28 15:41:18', '0', '0000-00-00 00:00:00', NULL),
	(1087, 1, 113, 1, '2010-04-29', '2010-05-28', '1', 'e677413', 'Cobra, Salina2 EE', 'FR', NULL, '2010-04-29 06:58:53', 'e677413', '2010-04-29 06:58:53', ''),
	(1088, 0, 138, 1, '2010-05-10', '2010-05-10', '1', 'e208518', 'BA195', '', NULL, '2010-04-29 09:43:12', 'e208518', '2010-04-30 15:44:54', ''),
	(1089, 0, 139, 1, '2010-04-29', '2010-04-29', '1', 'e293807', 'Zephyr', '', NULL, '2010-04-29 10:05:01', '0', '0000-00-00 00:00:00', NULL),
	(1090, 0, 129, 1, '2010-05-10', '2010-05-15', '1', 'e351667', 'SmartT enh. P 355', '', NULL, '2010-04-29 10:31:22', '0', '0000-00-00 00:00:00', NULL),
	(1091, 1, 114, 1, '2010-04-30', '2010-05-05', '0', 'e315193', '706175', 'Mobile home', NULL, '2010-04-29 16:11:18', '0', '0000-00-00 00:00:00', NULL),
	(1092, 0, 161, 1, '2010-05-24', '2010-05-30', '1', 'e351667', 'SmartT enh. P 355', '', NULL, '2010-04-30 08:26:43', '0', '0000-00-00 00:00:00', NULL),
	(1093, 1, 170, 1, '2010-05-11', '2010-05-31', '1', 'e360232', 'S4565', '', NULL, '2010-04-30 08:31:57', 'e228392', '2010-04-30 08:37:44', ''),
	(1094, 0, 144, 1, '2010-04-12', '2010-04-12', '1', 'e436340', 'Kalibrace přístrojů', '', NULL, '2010-04-30 08:36:24', '0', '0000-00-00 00:00:00', NULL),
	(1095, 0, 144, 1, '2010-04-16', '2010-04-16', '1', 'e436340', 'Kalibrace přístrojů', '', NULL, '2010-04-30 08:36:45', '0', '0000-00-00 00:00:00', NULL),
	(1096, 0, 144, 1, '2010-04-19', '2010-04-19', '1', 'e436340', 'Kalibrace přístrojů', '', NULL, '2010-04-30 08:36:52', '0', '0000-00-00 00:00:00', NULL),
	(1097, 0, 144, 1, '2010-04-21', '2010-04-21', '1', 'e436340', 'Kalibrace přístrojů', '', NULL, '2010-04-30 08:36:59', '0', '0000-00-00 00:00:00', NULL),
	(1098, 0, 144, 1, '2010-04-23', '2010-04-23', '1', 'e436340', 'Kalibrace přístrojů', '', NULL, '2010-04-30 08:37:05', '0', '0000-00-00 00:00:00', NULL),
	(1099, 0, 144, 1, '2010-04-26', '2010-04-26', '1', 'e436340', 'Kalibrace přístrojů', '', NULL, '2010-04-30 08:37:12', '0', '0000-00-00 00:00:00', NULL),
	(1100, 0, 144, 1, '2010-04-28', '2010-04-30', '1', 'e436340', 'Kalibrace přístrojů', '', NULL, '2010-04-30 08:37:39', '0', '0000-00-00 00:00:00', NULL),
	(1102, 0, 122, 1, '2010-05-03', '2010-05-07', '1', 'e466422', 'S4560M1010', '', NULL, '2010-04-30 12:40:53', '0', '0000-00-00 00:00:00', NULL),
	(1103, 1, 121, 1, '2010-05-06', '2010-05-07', '1', 'e466422', 'S4560M1010', '', NULL, '2010-04-30 15:30:39', 'e275009', '2010-05-03 09:05:58', ''),
	(1104, 0, 138, 1, '2010-05-11', '2010-05-11', '1', 'e208518', 'BA195', '', NULL, '2010-04-30 15:44:27', '0', '0000-00-00 00:00:00', NULL),
	(1105, 1, 5, 1, '2010-05-03', '2010-05-09', '1', 'e335886', 'Zeleny', '', NULL, '2010-05-03 07:28:16', 'e677413', '2010-05-03 09:20:19', ''),
	(1106, 0, 138, 1, '2010-05-03', '2010-05-07', '1', 'e410697', 'Kalibrace trhačky', '', NULL, '2010-05-03 07:42:02', '0', '0000-00-00 00:00:00', NULL),
	(1107, 0, 138, 1, '2010-05-12', '2010-05-14', '1', 'e410697', 'Kalibrace trhačky', '', NULL, '2010-05-03 07:42:26', '0', '0000-00-00 00:00:00', NULL),
	(1108, 1, 118, 1, '2010-05-10', '2010-05-14', '2', 'e402838', 'SmartSNDCM', '', NULL, '2010-05-03 08:02:27', 'e677413', '2010-09-20 06:47:34', ''),
	(1109, 1, 5, 1, '2010-05-10', '2010-05-14', '1', 'e677413', 'Zeleny', 'Chalupa', NULL, '2010-05-03 09:35:19', 'e677413', '2010-05-03 09:35:19', ''),
	(1110, 1, 136, 1, '2010-05-11', '2010-05-21', '1', 'e410697', 'Rezervace pro Pavla Zezulu z Turba ', '', NULL, '2010-05-03 10:58:12', 'e275009', '2010-05-03 11:12:46', ''),
	(1111, 0, 144, 1, '2010-05-03', '2010-05-03', '1', 'e436340', 'Kalibrace přístrojů', '', NULL, '2010-05-03 14:16:53', '0', '0000-00-00 00:00:00', NULL),
	(1112, 0, 129, 1, '2010-05-17', '2010-05-22', '1', 'e332375', 'AOS Water Heaters', '', NULL, '2010-05-03 14:22:30', '0', '0000-00-00 00:00:00', NULL),
	(1113, 1, 4, 1, '2010-05-17', '2010-06-19', '1', 'e332375', 'AOS Water Heaters', '', NULL, '2010-05-03 14:23:38', 'e324601', '2010-05-03 14:28:28', ''),
	(1114, 0, 129, 1, '2010-05-23', '2010-05-29', '1', 'e332375', 'AOS', '', NULL, '2010-05-03 14:29:13', '0', '0000-00-00 00:00:00', NULL),
	(1115, 0, 138, 1, '2010-05-17', '2010-05-19', '1', 'e420560', 'Thermostatic heads bending', '', NULL, '2010-05-04 09:15:45', '0', '0000-00-00 00:00:00', NULL),
	(1116, 1, 120, 1, '2010-05-04', '2010-05-04', '2', 'e420560', 'Klinger', '', NULL, '2010-05-04 10:44:00', 'e677413', '2010-05-04 10:51:05', ''),
	(1117, 1, 120, 1, '2010-05-04', '2010-05-14', '1', 'e677413', 'SHC', 'Kozak', NULL, '2010-05-04 10:56:04', 'e677413', '2010-05-04 10:56:04', ''),
	(1118, 0, 138, 1, '2010-05-20', '2010-05-20', '1', 'e351667', 'SmartT enh. P 355', '', NULL, '2010-05-04 14:02:14', '0', '0000-00-00 00:00:00', NULL),
	(1119, 1, 5, 1, '2010-05-17', '2010-06-18', '1', 'e351667', 'SmartT enh. P 355', '', NULL, '2010-05-04 14:02:31', 'e677413', '2010-05-04 14:21:26', ''),
	(1120, 1, 114, 1, '2010-05-10', '2010-05-14', '1', 'e315193', '700044', 'Temperature rise test', NULL, '2010-05-04 17:03:03', 'e324601', '2010-05-05 09:23:23', ''),
	(1121, 0, 123, 1, '2010-04-30', '2010-05-21', '1', 'e275009', 'ProVE', '', NULL, '2010-05-05 07:47:10', 'e275009', '2010-05-05 07:47:10', ''),
	(1122, 1, 124, 1, '2010-07-01', '2010-07-31', '1', 'e324601', '704415 ASIC Replacement', '', NULL, '2010-05-05 09:29:55', 'e324601', '2010-05-05 09:29:55', ''),
	(1123, 1, 128, 1, '2010-07-01', '2010-07-31', '1', 'e324601', '706755 2-St. IFC Accolade', '', NULL, '2010-05-05 09:31:21', 'e324601', '2010-05-05 09:31:21', ''),
	(1124, 0, 9, 1, '2010-05-07', '2010-05-14', '1', 'e324601', '706755 2-St. IFC Accolade', '', NULL, '2010-05-06 13:01:45', '0', '0000-00-00 00:00:00', NULL),
	(1125, 0, 116, 1, '2010-05-03', '2010-05-31', '1', 'e332375', 'AOS', '', NULL, '2010-05-06 13:06:56', '0', '0000-00-00 00:00:00', NULL),
	(1126, 0, 129, 1, '2010-05-31', '2010-06-04', '1', 'e244207', 'Sirroco', '', NULL, '2010-05-06 13:19:13', '0', '0000-00-00 00:00:00', NULL),
	(1128, 1, 121, 1, '2010-05-17', '2010-05-28', '1', 'e454790', '602258 (P150)', 'Ygnis O2 sensor for MCBA1496DV30', NULL, '2010-05-10 12:42:36', 'e275009', '2010-05-10 13:25:23', ''),
	(1129, 0, 122, 1, '2010-05-12', '2010-05-18', '1', 'e466422', 'S4560M1010', '', NULL, '2010-05-10 13:40:16', 'e466422', '2010-05-14 13:28:47', ''),
	(1131, 1, 136, 1, '2010-05-24', '2010-05-28', '1', 'e332376', '707616 - Triple Play', 'Verification of humidity/temperature sensor', NULL, '2010-05-10 14:41:51', 'e275009', '2010-05-10 14:42:31', ''),
	(1133, 1, 170, 1, '2010-06-01', '2010-10-01', '1', 'e206353', 'Intergas', '', NULL, '2010-05-11 13:31:54', 'e228392', '2010-05-11 15:46:54', ''),
	(1134, 0, 130, 1, '2010-05-12', '2010-05-17', '1', 'e355140', 'NeXsys', '', NULL, '2010-05-13 08:12:37', '0', '0000-00-00 00:00:00', NULL),
	(1135, 0, 9, 1, '2010-05-05', '2010-05-06', '1', 'e355140', 'NeXsys', '', NULL, '2010-05-13 08:13:00', '0', '0000-00-00 00:00:00', NULL),
	(1136, 0, 9, 1, '2010-05-17', '2010-05-21', '1', 'e324601', '2-st IFC Accolade', '', NULL, '2010-05-13 08:48:29', '0', '0000-00-00 00:00:00', NULL),
	(1137, 0, 140, 1, '2010-05-10', '2010-05-14', '1', 'e324601', '2-st IFC Accolade', '', NULL, '2010-05-13 08:49:42', '0', '0000-00-00 00:00:00', NULL),
	(1138, 0, 117, 1, '2010-05-13', '2010-05-19', '1', 'e275009', 'ProVE', '', NULL, '2010-05-13 11:30:08', '0', '0000-00-00 00:00:00', NULL),
	(1139, 1, 118, 1, '2010-05-20', '2010-05-25', '1', 'e402838', 'DIFF', '', NULL, '2010-05-13 11:52:38', 'e677413', '2010-05-13 12:24:08', ''),
	(1140, 1, 114, 1, '2010-05-31', '2010-06-04', '1', 'e315193', '706987 Blue Flame', '', NULL, '2010-05-13 16:36:13', 'e324601', '2010-05-14 13:37:55', ''),
	(1141, 1, 136, 1, '2010-05-31', '2010-06-18', '1', 'e244207', 'Sirocco pressure sensors, humidity soak test', '', NULL, '2010-05-13 17:07:56', 'e275009', '2010-05-13 17:36:55', ''),
	(1142, 1, 120, 1, '2010-05-17', '2010-05-28', '2', 'e244207', 'Sirocco pressure sensors, humidity soak test', 'Frantisku, pokud nema nikdo od vas pozadavek na tuto komoru, pomohla by mi.', NULL, '2010-05-13 17:16:16', 'e677413', '2010-05-14 08:58:00', 'to je pro nás moc dlouho, komoru budeme potřebovat'),
	(1143, 1, 114, 1, '2010-05-17', '2010-05-19', '1', 'e315193', '700044', 'Temperature rise of coil', NULL, '2010-05-14 11:04:24', 'e324601', '2010-05-14 14:28:29', ''),
	(1144, 1, 118, 1, '2010-05-17', '2010-05-19', '1', 'e402838', 'SmartSNDCM DIFF', '', NULL, '2010-05-14 13:37:50', 'e677413', '2010-05-14 13:48:17', ''),
	(1145, 0, 168, 1, '2010-05-14', '2010-05-19', '1', 'e335886', 'Zeleny', '', NULL, '2010-05-17 08:56:23', '0', '0000-00-00 00:00:00', NULL),
	(1146, 0, 141, 1, '2010-05-13', '2010-05-24', '1', 'e335886', 'Zeleny', '', NULL, '2010-05-17 08:56:46', '0', '0000-00-00 00:00:00', NULL),
	(1150, 1, 114, 1, '2010-05-20', '2010-05-21', '0', 'e315193', '706987 - Blue Flame', '', NULL, '2010-05-18 17:49:38', '0', '0000-00-00 00:00:00', NULL),
	(1151, 0, 140, 1, '2010-05-20', '2010-05-21', '1', 'e360232', 'EMAS', '', NULL, '2010-05-19 13:42:19', '0', '0000-00-00 00:00:00', NULL),
	(1152, 0, 138, 1, '2010-05-26', '2010-05-27', '1', 'e420560', 'Thermostatic heads', '', NULL, '2010-05-20 08:46:52', '0', '0000-00-00 00:00:00', NULL),
	(1153, 0, 138, 1, '2010-05-21', '2010-05-21', '1', 'e244214', 'AK554', 'Dopoledne - cca. 2-3 hodiny', NULL, '2010-05-20 15:10:09', '0', '0000-00-00 00:00:00', NULL),
	(1154, 0, 161, 1, '2010-06-07', '2010-06-11', '1', 'e205003', 'RoHS', '', NULL, '2010-05-24 09:56:10', '0', '0000-00-00 00:00:00', NULL),
	(1155, 0, 138, 1, '2010-05-31', '2010-05-31', '1', 'e208518', 'BA195', '', NULL, '2010-05-24 10:03:40', '0', '0000-00-00 00:00:00', NULL),
	(1157, 0, 9, 1, '2010-05-24', '2010-05-26', '1', 'e324601', '2-st IFC Accolade', '', NULL, '2010-05-26 08:06:54', '0', '0000-00-00 00:00:00', NULL),
	(1158, 0, 117, 1, '2010-05-27', '2010-06-04', '1', 'e324601', '2-st. IFC Accolade', '', NULL, '2010-05-26 08:08:20', '0', '0000-00-00 00:00:00', NULL),
	(1159, 0, 9, 1, '2010-06-07', '2010-06-11', '1', 'e324601', 'Aquastat Burnham 706709', '', NULL, '2010-05-26 08:10:14', '0', '0000-00-00 00:00:00', NULL),
	(1160, 0, 117, 1, '2010-06-07', '2010-06-16', '1', 'e324601', 'P7810 ASIC Replacement', '', NULL, '2010-05-26 08:12:22', '0', '0000-00-00 00:00:00', NULL),
	(1161, 0, 9, 1, '2010-06-14', '2010-06-25', '1', 'e324601', 'P7810 ASIC Replacement', '', NULL, '2010-05-26 08:13:15', '0', '0000-00-00 00:00:00', NULL),
	(1162, 0, 138, 1, '2010-06-01', '2010-06-02', '1', 'e420560', 'Thermostatic heads', '', NULL, '2010-05-26 13:39:45', '0', '0000-00-00 00:00:00', NULL),
	(1163, 1, 5, 1, '2010-06-21', '2010-06-27', '2', 'e351667', 'SmartT enh. P 355', '', NULL, '2010-05-26 13:51:40', 'e677413', '2010-09-20 06:47:38', ''),
	(1164, 0, 122, 1, '2010-05-31', '2010-06-04', '1', 'e360232', 'S4565', '', NULL, '2010-05-27 15:03:14', '0', '0000-00-00 00:00:00', NULL),
	(1165, 0, 130, 1, '2010-06-01', '2010-06-04', '1', 'e360232', 'S4565', '', NULL, '2010-05-27 15:03:56', '0', '0000-00-00 00:00:00', NULL),
	(1166, 1, 121, 1, '2010-06-07', '2010-07-09', '1', 'e293807', 'Zephyr', 'Air velocity concept evaluation', NULL, '2010-05-28 11:46:41', 'e275009', '2010-05-28 13:13:10', ''),
	(1167, 0, 138, 1, '2010-06-03', '2010-06-03', '1', 'e420560', 'Thermostatic heads', '', NULL, '2010-06-01 13:23:16', '0', '0000-00-00 00:00:00', NULL),
	(1168, 0, 123, 1, '2010-06-03', '2010-06-11', '1', 'e324601', '2-St IFC Accolade 706755', '', NULL, '2010-06-02 08:24:46', '0', '0000-00-00 00:00:00', NULL),
	(1169, 0, 123, 1, '2010-06-14', '2010-06-30', '1', 'e324601', 'P7810 ASIC Replacement 704415', '', NULL, '2010-06-02 08:28:59', '0', '0000-00-00 00:00:00', NULL),
	(1171, 0, 117, 1, '2010-06-17', '2010-06-24', '1', 'e324601', 'P7810 ASIC Replacement', '', NULL, '2010-06-02 09:36:29', '0', '0000-00-00 00:00:00', NULL),
	(1172, 0, 9, 1, '2010-06-28', '2010-06-30', '1', 'e324601', 'P7810 ASIC Replacement', '', NULL, '2010-06-02 10:42:56', '0', '0000-00-00 00:00:00', NULL),
	(1173, 0, 140, 1, '2010-06-02', '2010-06-03', '1', 'e355140', 'NeXsys', '', NULL, '2010-06-02 12:47:26', '0', '0000-00-00 00:00:00', NULL),
	(1174, 0, 115, 1, '2010-05-27', '2010-06-02', '1', 'e355140', 'NeXsys', '', NULL, '2010-06-02 12:48:28', '0', '0000-00-00 00:00:00', NULL),
	(1176, 0, 138, 1, '2010-06-29', '2010-06-29', '1', 'e208518', 'BA195', '', NULL, '2010-06-02 16:17:23', '0', '0000-00-00 00:00:00', NULL),
	(1177, 0, 116, 1, '2010-06-01', '2010-06-30', '1', 'e332375', 'AOS water heaters', '', NULL, '2010-06-02 16:48:48', '0', '0000-00-00 00:00:00', NULL),
	(1179, 0, 130, 1, '2010-06-07', '2010-06-11', '1', 'e360232', 'S4565', '', NULL, '2010-06-04 10:48:35', '0', '0000-00-00 00:00:00', NULL),
	(1180, 0, 139, 1, '2010-06-04', '2010-06-04', '1', 'e459841', 'HP', '', NULL, '2010-06-04 10:49:23', '0', '0000-00-00 00:00:00', NULL),
	(1181, 0, 139, 1, '2010-06-07', '2010-06-09', '1', 'e332375', 'AOS water heaters', '', NULL, '2010-06-07 11:09:10', '0', '0000-00-00 00:00:00', NULL),
	(1182, 0, 138, 1, '2010-06-17', '2010-06-17', '1', 'e208518', 'BA195', '', NULL, '2010-06-08 09:43:12', '0', '0000-00-00 00:00:00', NULL),
	(1183, 0, 138, 1, '2010-06-09', '2010-06-09', '1', 'e444788', '387', '', NULL, '2010-06-08 13:25:54', '0', '0000-00-00 00:00:00', NULL),
	(1184, 0, 141, 1, '2010-06-09', '2010-06-11', '1', 'e244207', 'IAS', '', NULL, '2010-06-09 09:50:50', '0', '0000-00-00 00:00:00', NULL),
	(1185, 0, 138, 1, '2010-06-10', '2010-06-10', '1', 'e444788', '387', '', NULL, '2010-06-09 14:42:50', '0', '0000-00-00 00:00:00', NULL),
	(1186, 1, 114, 1, '2010-06-10', '2010-06-22', '1', 'e315193', '706175', 'Integrity of operation test of mobile home valve.', NULL, '2010-06-10 12:42:15', 'e324601', '2010-06-11 07:25:09', ''),
	(1187, 0, 115, 1, '2010-06-11', '2010-06-16', '1', 'e436143', 'OEM', '', NULL, '2010-06-11 09:46:35', '0', '0000-00-00 00:00:00', NULL),
	(1188, 0, 122, 1, '2010-06-14', '2010-06-15', '1', 'e355141', 'Aube_TH132_power-base', '', NULL, '2010-06-11 13:05:28', '0', '0000-00-00 00:00:00', NULL),
	(1189, 0, 138, 1, '2010-06-18', '2010-06-18', '1', 'e208518', 'BA195', '', NULL, '2010-06-14 10:21:51', '0', '0000-00-00 00:00:00', NULL),
	(1190, 0, 138, 1, '2010-06-14', '2010-06-14', '1', 'e444788', '387', '', NULL, '2010-06-14 11:10:50', '0', '0000-00-00 00:00:00', NULL),
	(1191, 0, 138, 1, '2010-06-21', '2010-06-23', '1', 'e420560', 'TRV heads', '', NULL, '2010-06-14 13:06:46', '0', '0000-00-00 00:00:00', NULL),
	(1192, 1, 120, 1, '2010-06-15', '2010-06-17', '2', 'e371561', 'XFL821A - KOA precision resistor network', 'VE/CE project', NULL, '2010-06-14 13:26:40', 'e677413', '2010-09-20 06:47:43', ''),
	(1194, 0, 123, 1, '2010-07-12', '2010-07-29', '1', 'e324601', 'P7810 ASIC Replacement 704415', '', NULL, '2010-06-15 08:33:57', 'e324601', '2010-06-25 10:06:32', ''),
	(1195, 0, 123, 1, '2010-07-30', '2010-08-31', '1', 'e324601', '2-st IFC Accolade Lennox 706755', '', NULL, '2010-06-15 08:34:44', 'e324601', '2010-06-25 10:05:39', ''),
	(1196, 0, 117, 1, '2010-07-12', '2010-07-30', '1', 'e324601', '704415 P7810 ASIC Replacement', '', NULL, '2010-06-15 08:36:25', '0', '0000-00-00 00:00:00', NULL),
	(1197, 1, 128, 1, '2010-08-02', '2010-08-28', '1', 'e324601', '706755 2-st IFC Accolade ', '', NULL, '2010-06-15 08:38:32', 'e324601', '2010-06-15 08:38:32', ''),
	(1198, 1, 124, 1, '2010-08-02', '2010-08-31', '1', 'e324601', 'ASIC Replacement P7810', '', NULL, '2010-06-15 08:39:07', 'e324601', '2010-06-15 08:39:07', ''),
	(1199, 1, 128, 1, '2010-08-29', '2010-08-31', '1', 'e324601', '2-st IFC Accolade Lennox ', '', NULL, '2010-06-15 08:39:56', 'e324601', '2010-06-15 08:39:56', ''),
	(1200, 0, 9, 1, '2010-07-12', '2010-07-30', '1', 'e324601', 'P7810 ASIC Replacement 704415', '', NULL, '2010-06-15 08:40:47', 'e324601', '2010-06-25 10:02:19', ''),
	(1202, 0, 144, 1, '2010-06-01', '2010-06-04', '1', 'e436340', 'Kalibrace přístrojů', '', NULL, '2010-06-15 11:57:59', '0', '0000-00-00 00:00:00', NULL),
	(1203, 0, 144, 1, '2010-06-07', '2010-06-11', '1', 'e436340', 'Kalibrace přístrojů', '', NULL, '2010-06-15 11:58:15', '0', '0000-00-00 00:00:00', NULL),
	(1204, 0, 144, 1, '2010-06-14', '2010-06-18', '1', 'e436340', 'Kalibrace přístrojů', '', NULL, '2010-06-15 11:58:31', '0', '0000-00-00 00:00:00', NULL),
	(1205, 0, 137, 1, '2010-06-15', '2010-06-15', '1', 'e228392', 'Hapi Dotmatrix', '', NULL, '2010-06-15 13:30:10', '0', '0000-00-00 00:00:00', NULL),
	(1206, 0, 122, 1, '2010-06-16', '2010-06-16', '1', 'e228392', 'HAPI Dotmatrix', '', NULL, '2010-06-15 13:30:52', '0', '0000-00-00 00:00:00', NULL),
	(1207, 0, 122, 1, '2010-06-17', '2010-06-18', '1', 'e355141', 'AUBE TH132', '', NULL, '2010-06-16 12:43:52', '0', '0000-00-00 00:00:00', NULL),
	(1208, 0, 130, 1, '2010-06-17', '2010-06-18', '1', 'e228392', 'HAPI Dotmatrix', '', NULL, '2010-06-17 07:44:24', '0', '0000-00-00 00:00:00', NULL),
	(1209, 1, 114, 1, '2010-06-23', '2010-07-09', '0', 'e315193', '706987 Blue Flame', '', NULL, '2010-06-17 13:12:56', '0', '0000-00-00 00:00:00', NULL),
	(1210, 0, 122, 1, '2010-06-21', '2010-06-30', '1', 'e324601', '706755 2-st IFC Lennox Accolade', '', NULL, '2010-06-17 13:24:04', '0', '0000-00-00 00:00:00', NULL),
	(1211, 0, 141, 1, '2010-06-14', '2010-06-18', '1', 'e244207', 'IAS', '', NULL, '2010-06-17 14:41:17', 'e244207', '2010-06-17 14:41:28', ''),
	(1212, 1, 120, 1, '2010-06-23', '2010-06-25', '2', 'e366268', '701552', '', NULL, '2010-06-17 14:44:30', 'e677413', '2010-09-20 06:47:46', ''),
	(1213, 0, 125, 1, '2010-06-21', '2010-06-23', '1', 'e355141', 'Aube', '', NULL, '2010-06-21 15:27:03', '0', '0000-00-00 00:00:00', NULL),
	(1214, 0, 141, 1, '2010-06-22', '2010-06-22', '1', 'e355141', 'Preasure sensor', '', NULL, '2010-06-21 15:28:09', '0', '0000-00-00 00:00:00', NULL),
	(1215, 0, 141, 1, '2010-06-23', '2010-06-25', '1', 'e244207', 'IAS', '', NULL, '2010-06-21 16:03:54', '0', '0000-00-00 00:00:00', NULL),
	(1216, 1, 136, 1, '2010-06-25', '2010-07-12', '1', 'e228392', 'Hongfa relays test', '', NULL, '2010-06-23 07:31:34', 'e275009', '2010-06-23 07:39:01', ''),
	(1217, 0, 138, 1, '2010-06-24', '2010-06-25', '1', 'e420560', 'TRV heads', '', NULL, '2010-06-23 14:14:54', '0', '0000-00-00 00:00:00', NULL),
	(1218, 0, 138, 1, '2010-06-28', '2010-06-28', '1', 'e420560', 'TRV heads', '', NULL, '2010-06-24 10:51:28', '0', '0000-00-00 00:00:00', NULL),
	(1220, 0, 125, 1, '2010-06-25', '2010-07-09', '1', 'e459841', 'HP', '', NULL, '2010-06-24 12:43:47', '0', '0000-00-00 00:00:00', NULL),
	(1221, 1, 114, 1, '2010-07-12', '2010-07-23', '1', 'e315193', '706987', 'Contined operation test', NULL, '2010-06-24 15:27:47', 'e324601', '2010-06-25 09:52:22', ''),
	(1222, 0, 140, 1, '2010-06-25', '2010-06-25', '1', 'e228392', 'Intergas', '', NULL, '2010-06-25 09:39:04', '0', '0000-00-00 00:00:00', NULL),
	(1223, 0, 117, 1, '2010-08-02', '2010-08-20', '1', 'e324601', '706755 2-St. IFC Accolade', '', NULL, '2010-06-25 09:59:58', 'e324601', '2010-06-25 10:00:29', ''),
	(1224, 0, 9, 1, '2010-08-02', '2010-08-20', '2', 'e324601', '706755 2-St. IFC Accolade', '', NULL, '2010-06-25 10:03:38', 'e275009', '2010-08-23 09:16:31', ''),
	(1225, 0, 140, 1, '2010-06-28', '2010-06-28', '1', 'e228392', 'Intergas', '', NULL, '2010-06-28 07:20:47', '0', '0000-00-00 00:00:00', NULL),
	(1226, 1, 4, 1, '2010-06-21', '2010-08-14', '1', 'e332375', 'AOS ddevice life test', '', NULL, '2010-06-29 06:56:30', 'e324601', '2010-06-29 07:46:05', ''),
	(1227, 0, 116, 1, '2010-07-01', '2010-07-31', '1', 'e332375', 'AOS water heaters', '', NULL, '2010-06-29 06:58:11', '0', '0000-00-00 00:00:00', NULL),
	(1228, 0, 144, 1, '2010-06-21', '2010-06-25', '1', 'e436340', 'Kalibrace přístrojů', '', NULL, '2010-06-29 12:40:34', '0', '0000-00-00 00:00:00', NULL),
	(1229, 0, 144, 1, '2010-06-28', '2010-06-30', '1', 'e436340', 'Kalibrace přístrojů', '', NULL, '2010-06-29 12:41:00', '0', '0000-00-00 00:00:00', NULL),
	(1230, 1, 6, 1, '2010-07-01', '2010-07-09', '0', 'e334629', 'RFC 23-10', '', NULL, '2010-07-01 07:45:02', '0', '0000-00-00 00:00:00', NULL),
	(1231, 1, 121, 1, '2010-07-10', '2010-07-14', '1', 'e293807', 'Zephyr', 'Air velocity concept evaluation', NULL, '2010-07-01 09:03:57', 'e275009', '2010-07-01 09:10:11', ''),
	(1233, 0, 129, 1, '2010-07-09', '2010-07-16', '1', 'e315193', '706987 Blue Flame', '', NULL, '2010-07-01 13:12:42', '0', '0000-00-00 00:00:00', NULL),
	(1234, 0, 117, 1, '2010-07-02', '2010-07-02', '1', 'e355141', 'AUBE', '', NULL, '2010-07-02 11:09:00', '0', '0000-00-00 00:00:00', NULL),
	(1235, 0, 122, 1, '2010-07-12', '2010-07-20', '1', 'e466422', 'S4582D', '', NULL, '2010-07-02 15:15:24', 'e466422', '2010-07-14 16:17:07', ''),
	(1236, 1, 5, 1, '2010-07-07', '2010-07-16', '2', 'e351667', 'SmartT enh. P 355', '', NULL, '2010-07-07 15:02:07', 'e677413', '2010-09-20 06:47:03', ''),
	(1237, 1, 118, 1, '2010-07-08', '2010-07-09', '2', 'e459841', 'HP', '', NULL, '2010-07-09 07:52:29', 'e677413', '2010-09-20 06:46:58', ''),
	(1238, 0, 140, 1, '2010-07-08', '2010-07-08', '1', 'e459841', 'HP', '', NULL, '2010-07-09 07:53:21', '0', '0000-00-00 00:00:00', NULL),
	(1239, 0, 115, 1, '2010-07-08', '2010-07-08', '1', 'e459841', 'HP', '', NULL, '2010-07-09 07:54:47', '0', '0000-00-00 00:00:00', NULL),
	(1240, 0, 130, 1, '2010-07-09', '2010-07-09', '1', 'e459841', 'HP', '', NULL, '2010-07-09 07:55:15', '0', '0000-00-00 00:00:00', NULL),
	(1241, 1, 4, 1, '2010-08-15', '2010-08-31', '1', 'e332375', 'AOS water heater', '', NULL, '2010-07-13 13:04:42', 'e324601', '2010-07-15 09:02:04', ''),
	(1242, 0, 141, 1, '2010-07-12', '2010-07-24', '1', 'e332375', 'AOS water heater', '', NULL, '2010-07-13 13:06:01', '0', '0000-00-00 00:00:00', NULL),
	(1243, 0, 130, 1, '2010-07-14', '2010-07-23', '1', 'e332375', 'AOS water heater', '', NULL, '2010-07-13 13:06:45', '0', '0000-00-00 00:00:00', NULL),
	(1244, 0, 138, 1, '2010-07-13', '2010-07-13', '1', 'e324265', 'SALT new gear train', '', NULL, '2010-07-13 13:47:13', '0', '0000-00-00 00:00:00', NULL),
	(1245, 0, 137, 1, '2010-07-12', '2010-07-12', '1', 'e228392', 'HONGFA HF24 relay test', '', NULL, '2010-07-14 09:56:28', '0', '0000-00-00 00:00:00', NULL),
	(1246, 0, 161, 1, '2010-07-20', '2010-07-22', '1', 'e228392', 'Heatpump reliability test', '', NULL, '2010-07-14 09:57:35', '0', '0000-00-00 00:00:00', NULL),
	(1247, 0, 116, 1, '2010-08-02', '2010-08-08', '1', 'e332375', 'AOS water heater', '', NULL, '2010-07-14 10:23:34', '0', '0000-00-00 00:00:00', NULL),
	(1248, 0, 115, 1, '2010-07-14', '2010-07-19', '1', 'e355140', 'NeXsys', 'Baltur', NULL, '2010-07-14 15:47:19', '0', '0000-00-00 00:00:00', NULL),
	(1249, 0, 129, 1, '2010-07-17', '2010-07-22', '1', 'e315193', '706987 Blue flame', 'CQ test', NULL, '2010-07-15 14:20:09', '0', '0000-00-00 00:00:00', NULL),
	(1250, 1, 6, 1, '2010-07-23', '2010-08-31', '1', 'e360232', 'Megadens', '', NULL, '2010-07-19 10:50:32', 'e324601', '2010-07-19 13:16:42', ''),
	(1251, 1, 124, 1, '2010-09-01', '2010-09-30', '1', 'e324601', '704415 ASIC Replacement P7810, R7999', '', NULL, '2010-07-19 13:17:44', 'e324601', '2010-07-19 13:17:44', ''),
	(1252, 1, 128, 1, '2010-09-01', '2010-09-30', '1', 'e324601', '706755 Lennox 2-St. IFC Accolade', '', NULL, '2010-07-19 13:18:29', 'e324601', '2010-07-19 13:18:29', ''),
	(1253, 0, 141, 1, '2010-07-26', '2010-07-26', '1', 'e324601', '706755 Lennox 2-St. IFC Accolade ', '', NULL, '2010-07-19 13:20:31', '0', '0000-00-00 00:00:00', NULL),
	(1254, 0, 117, 1, '2010-08-23', '2010-08-31', '1', 'e324601', '706755 Lennox 2-st. IFC Accolade', '', NULL, '2010-07-19 13:22:28', '0', '0000-00-00 00:00:00', NULL),
	(1255, 0, 9, 1, '2010-08-23', '2010-08-31', '2', 'e324601', '706755 Lennox 2-st. IFC Accolade', '', NULL, '2010-07-19 13:23:19', 'e275009', '2010-08-23 09:17:31', ''),
	(1256, 0, 123, 1, '2010-09-01', '2010-09-30', '1', 'e324601', 'Lennox 2-St. IFC Accolade', '', NULL, '2010-07-19 13:24:52', '0', '0000-00-00 00:00:00', NULL),
	(1257, 0, 117, 1, '2010-09-01', '2010-09-30', '1', 'e324601', '706755 Lennox 2-St. IFC Accolade  ', '', NULL, '2010-07-19 13:27:47', '0', '0000-00-00 00:00:00', NULL),
	(1258, 1, 5, 1, '2010-08-01', '2011-01-31', '5', 'e436143', 'SHC (Lifetime testing)', '', NULL, '2010-07-19 14:02:10', 'e677413', '2010-07-28 09:00:36', ''),
	(1259, 1, 121, 1, '2010-07-20', '2010-07-23', '1', 'e355140', 'NeXsys', 'Transformer heating', NULL, '2010-07-20 08:22:39', 'e275009', '2010-07-20 08:36:32', ''),
	(1260, 0, 115, 1, '2010-07-21', '2010-07-21', '1', 'e459841', 'HP', '', NULL, '2010-07-20 14:53:10', '0', '0000-00-00 00:00:00', NULL),
	(1261, 0, 138, 1, '2010-07-21', '2010-07-21', '1', 'e332564', 'CREVAL', '', NULL, '2010-07-21 12:59:05', '0', '0000-00-00 00:00:00', NULL),
	(1262, 0, 140, 1, '2010-07-22', '2010-07-27', '1', 'e355140', 'NeXsys Baltur', '', NULL, '2010-07-22 09:37:35', '0', '0000-00-00 00:00:00', NULL),
	(1263, 0, 140, 1, '2010-07-28', '2010-08-03', '1', 'e355140', 'NeXsys Baltur', 'TDK trafo', NULL, '2010-07-23 13:18:16', '0', '0000-00-00 00:00:00', NULL),
	(1264, 1, 121, 1, '2010-07-27', '2010-08-02', '1', 'e355140', 'NeXsys Baltur', 'Isolation (TDK trafo), transformer heating', NULL, '2010-07-23 13:22:16', 'e275009', '2010-07-23 14:09:07', ''),
	(1265, 0, 130, 1, '2010-07-26', '2010-07-30', '1', 'e459841', 'HP', '', NULL, '2010-07-26 09:52:53', '0', '0000-00-00 00:00:00', NULL),
	(1266, 1, 5, 1, '2010-07-26', '2010-07-27', '1', 'e351667', 'SmartT enh. P 355', '', NULL, '2010-07-26 09:56:12', 'e677413', '2010-07-26 09:59:27', ''),
	(1267, 0, 122, 1, '2010-07-27', '2010-08-13', '1', 'e466422', 'Tranzistors OnSemi', '', NULL, '2010-07-26 12:59:05', 'e466422', '2010-08-06 16:58:12', ''),
	(1268, 1, 114, 1, '2010-07-29', '2010-08-27', '1', 'e315193', 'Mobile home 706175', '', NULL, '2010-07-28 09:07:00', 'e324601', '2010-07-28 09:15:13', ''),
	(1269, 0, 129, 1, '2010-07-29', '2010-08-02', '1', 'e315193', '706987 Blue Flame', '', NULL, '2010-07-28 09:10:41', '0', '0000-00-00 00:00:00', NULL),
	(1270, 0, 138, 1, '2010-07-30', '2010-07-30', '1', 'e475546', '706175', '', NULL, '2010-07-30 08:44:54', '0', '0000-00-00 00:00:00', NULL),
	(1272, 0, 130, 1, '2010-08-02', '2010-08-06', '1', 'e459841', 'HP', '', NULL, '2010-08-02 09:32:56', '0', '0000-00-00 00:00:00', NULL),
	(1273, 1, 118, 1, '2010-08-02', '2010-08-06', '1', 'e459841', 'Nexsys', '', NULL, '2010-08-02 11:34:16', 'e677413', '2010-08-02 14:07:34', ''),
	(1274, 0, 139, 1, '2010-08-03', '2010-08-06', '1', 'e355140', 'NeXsys - Baltur', '', NULL, '2010-08-03 15:51:51', '0', '0000-00-00 00:00:00', NULL),
	(1276, 0, 138, 1, '2010-08-04', '2010-08-04', '1', 'e324265', 'P478', '', NULL, '2010-08-04 13:26:42', '0', '0000-00-00 00:00:00', NULL),
	(1277, 1, 121, 1, '2010-08-23', '2010-09-13', '1', 'e293807', 'Zephyr', '', NULL, '2010-08-05 10:42:57', 'e275009', '2010-08-05 10:44:16', ''),
	(1278, 1, 121, 1, '2010-08-06', '2010-08-13', '1', 'e459841', 'HP', '', NULL, '2010-08-06 07:20:54', 'e275009', '2010-08-06 09:36:32', ''),
	(1279, 0, 125, 1, '2010-08-16', '2010-09-03', '1', 'e360232', 'ECO4', '', NULL, '2010-08-06 11:16:50', '0', '0000-00-00 00:00:00', NULL),
	(1280, 0, 130, 1, '2010-08-23', '2010-08-31', '1', 'e360232', 'ECO4', '', NULL, '2010-08-06 11:17:36', '0', '0000-00-00 00:00:00', NULL),
	(1281, 0, 130, 1, '2010-08-09', '2010-08-13', '1', 'e459841', 'HP', '', NULL, '2010-08-06 14:09:19', '0', '0000-00-00 00:00:00', NULL),
	(1282, 1, 6, 1, '2010-09-01', '2010-09-15', '1', 'e332375', 'AOS', '', NULL, '2010-08-10 14:00:53', 'e324601', '2010-08-10 14:02:35', ''),
	(1283, 1, 121, 1, '2010-08-16', '2010-08-16', '1', 'e332375', 'AOS', '', NULL, '2010-08-10 14:10:25', 'e275009', '2010-08-10 14:12:07', ''),
	(1284, 1, 121, 1, '2010-08-17', '2010-08-20', '1', 'e332375', 'AOS', '', NULL, '2010-08-10 14:10:40', 'e275009', '2010-08-10 14:11:52', ''),
	(1285, 0, 125, 1, '2010-08-12', '2010-08-13', '1', 'e459841', 'HP', '', NULL, '2010-08-10 14:33:51', '0', '0000-00-00 00:00:00', NULL),
	(1286, 1, 118, 1, '2010-08-23', '2010-08-27', '2', 'e459841', 'HP', '', NULL, '2010-08-10 14:35:13', 'e677413', '2010-09-20 06:46:42', ''),
	(1287, 0, 139, 1, '2010-08-11', '2010-08-13', '1', 'e293807', 'Zephyr', '', NULL, '2010-08-10 17:08:32', '0', '0000-00-00 00:00:00', NULL),
	(1288, 0, 138, 1, '2010-08-17', '2010-08-17', '1', 'e208518', 'S245', '', NULL, '2010-08-11 09:17:05', '0', '0000-00-00 00:00:00', NULL),
	(1289, 0, 116, 1, '2010-08-09', '2010-08-31', '1', 'e332375', 'Rheem', '', NULL, '2010-08-11 10:49:59', '0', '0000-00-00 00:00:00', NULL),
	(1290, 0, 141, 1, '2010-08-11', '2010-08-20', '1', 'e332375', 'Rheem', '', NULL, '2010-08-11 12:34:11', '0', '0000-00-00 00:00:00', NULL),
	(1291, 0, 122, 1, '2010-08-14', '2010-08-20', '1', 'e275009', 'ProVE', '', NULL, '2010-08-12 06:41:35', '0', '0000-00-00 00:00:00', NULL),
	(1293, 0, 9, 1, '2010-09-01', '2010-09-17', '1', 'e275009', 'ProVE', '', NULL, '2010-08-12 07:12:08', 'e275009', '2010-08-23 08:55:44', ''),
	(1294, 0, 168, 1, '2010-08-12', '2010-08-24', '1', 'e275009', 'ProVE', '', NULL, '2010-08-12 07:36:22', '0', '0000-00-00 00:00:00', NULL),
	(1295, 0, 141, 1, '2010-08-23', '2010-08-28', '1', 'e275009', 'ProVE', '', NULL, '2010-08-12 07:59:08', '0', '0000-00-00 00:00:00', NULL),
	(1296, 0, 115, 1, '2010-08-12', '2010-08-17', '1', 'e355140', 'ACV', 'Triangle tube', NULL, '2010-08-12 08:35:05', '0', '0000-00-00 00:00:00', NULL),
	(1298, 1, 114, 1, '2010-08-30', '2010-09-10', '1', 'e315193', '706987', '', NULL, '2010-08-16 12:31:38', 'e324601', '2010-08-16 13:59:37', ''),
	(1299, 0, 130, 1, '2010-08-16', '2010-08-20', '1', 'e332375', 'Rheem', '', NULL, '2010-08-16 12:40:14', '0', '0000-00-00 00:00:00', NULL),
	(1300, 0, 129, 1, '2010-08-18', '2010-08-27', '1', 'e324601', '706755 Lennox 2-St. IFC', '', NULL, '2010-08-17 11:21:37', '0', '0000-00-00 00:00:00', NULL),
	(1301, 0, 137, 1, '2010-08-12', '2010-08-16', '1', 'e228392', 'BMBC boards from TDDF ', '', NULL, '2010-08-17 13:06:46', '0', '0000-00-00 00:00:00', NULL),
	(1303, 0, 144, 1, '2010-07-01', '2010-07-02', '1', 'e436340', 'Kalibrace přístrojů', '', NULL, '2010-08-19 09:09:29', '0', '0000-00-00 00:00:00', NULL),
	(1304, 0, 144, 1, '2010-07-05', '2010-07-09', '1', 'e436340', 'Kalibrace přístrojů', '', NULL, '2010-08-19 09:09:41', '0', '0000-00-00 00:00:00', NULL),
	(1305, 0, 144, 1, '2010-07-12', '2010-07-16', '1', 'e436340', 'Kalibrace přístrojů', '', NULL, '2010-08-19 09:09:59', '0', '0000-00-00 00:00:00', NULL),
	(1306, 0, 144, 1, '2010-07-19', '2010-07-23', '1', 'e436340', 'Kalibrace přístrojů', '', NULL, '2010-08-19 09:10:11', '0', '0000-00-00 00:00:00', NULL),
	(1307, 0, 144, 1, '2010-07-26', '2010-07-30', '1', 'e436340', 'Kalibrace přístrojů', '', NULL, '2010-08-19 09:10:23', '0', '0000-00-00 00:00:00', NULL),
	(1308, 0, 144, 1, '2010-08-02', '2010-08-06', '1', 'e436340', 'Kalibrace přístrujů', '', NULL, '2010-08-19 09:58:43', '0', '0000-00-00 00:00:00', NULL),
	(1309, 0, 144, 1, '2010-08-09', '2010-08-13', '1', 'e436340', 'Kalibrace přístrujů', '', NULL, '2010-08-19 09:58:58', '0', '0000-00-00 00:00:00', NULL),
	(1310, 0, 144, 1, '2010-08-16', '2010-08-19', '1', 'e436340', 'Kalibrace přístrujů', '', NULL, '2010-08-19 09:59:14', '0', '0000-00-00 00:00:00', NULL),
	(1311, 0, 142, 1, '2010-08-20', '2010-08-31', '1', 'e355140', 'NeXsys - Baltur', 'Burst to mains and signal lines', NULL, '2010-08-20 10:28:23', '0', '0000-00-00 00:00:00', NULL),
	(1312, 0, 122, 1, '2010-08-21', '2010-08-31', '1', 'e275009', 'ProVE & MINI', '', NULL, '2010-08-20 12:16:56', '0', '0000-00-00 00:00:00', NULL),
	(1313, 0, 138, 1, '2010-08-23', '2010-08-24', '1', 'e208518', 'S245', '', NULL, '2010-08-20 16:49:12', '0', '0000-00-00 00:00:00', NULL),
	(1314, 0, 11, 1, '2010-08-23', '2010-08-27', '1', 'e355141', 'ProVE', '', NULL, '2010-08-23 09:15:38', '0', '0000-00-00 00:00:00', NULL),
	(1315, 1, 4, 1, '2010-09-01', '2010-09-15', '1', 'e332375', 'AOS', '', NULL, '2010-08-23 12:37:38', 'e324601', '2010-08-23 13:44:14', ''),
	(1316, 0, 9, 1, '2010-08-24', '2010-08-31', '1', 'e332375', 'Rheem', '', NULL, '2010-08-24 10:09:46', 'e332375', '2010-08-24 10:10:14', ''),
	(1318, 0, 167, 1, '2010-09-01', '2010-09-10', '1', 'e476520', 'Rheem', '', NULL, '2010-08-26 14:45:19', '0', '0000-00-00 00:00:00', NULL),
	(1319, 0, 167, 1, '2010-08-30', '2010-08-31', '1', 'e476520', 'Rheem', '', NULL, '2010-08-26 14:46:23', '0', '0000-00-00 00:00:00', NULL),
	(1320, 1, 118, 1, '2010-08-30', '2010-09-10', '2', 'e228392', 'Fuel Cell', '', NULL, '2010-08-27 08:34:06', 'e677413', '2010-09-20 06:46:33', ''),
	(1321, 0, 139, 1, '2010-08-27', '2010-08-27', '1', 'e402838', 'Megadense', '', NULL, '2010-08-27 08:56:41', '0', '0000-00-00 00:00:00', NULL),
	(1322, 1, 4, 1, '2010-09-16', '2010-12-10', '1', 'e228392', 'MCBA CSA Audit', '', NULL, '2010-08-27 09:47:44', 'e324601', '2010-08-27 13:48:19', ''),
	(1323, 0, 122, 1, '2010-09-01', '2010-09-01', '1', 'e355141', 'UPRO-MINI', '', NULL, '2010-08-27 10:46:16', '0', '0000-00-00 00:00:00', NULL),
	(1324, 0, 122, 1, '2010-09-06', '2010-09-10', '1', 'e355141', 'UPRO-MINI', '', NULL, '2010-08-27 10:47:33', '0', '0000-00-00 00:00:00', NULL),
	(1325, 1, 121, 1, '2010-09-14', '2010-09-24', '1', 'e466422', 'S4582D1006', '', NULL, '2010-08-27 12:29:31', 'e275009', '2010-08-27 13:12:21', ''),
	(1326, 0, 122, 1, '2010-09-02', '2010-09-03', '1', 'e466422', 'S4582D1006', '', NULL, '2010-08-27 12:30:16', '0', '0000-00-00 00:00:00', NULL),
	(1327, 0, 122, 1, '2010-09-13', '2010-09-16', '1', 'e466422', 'S4582D1006', '', NULL, '2010-08-27 12:33:29', '0', '0000-00-00 00:00:00', NULL),
	(1329, 0, 139, 1, '2010-08-30', '2010-08-31', '1', 'e402838', 'Megadense', '', NULL, '2010-08-27 14:18:12', '0', '0000-00-00 00:00:00', NULL),
	(1330, 0, 168, 1, '2010-08-31', '2010-09-02', '1', 'e360232', 'ECO4', '', NULL, '2010-08-31 14:59:25', '0', '0000-00-00 00:00:00', NULL),
	(1331, 0, 141, 1, '2010-08-31', '2010-09-02', '1', 'e360232', 'ECO4', '', NULL, '2010-08-31 15:01:06', '0', '0000-00-00 00:00:00', NULL),
	(1332, 0, 137, 1, '2010-09-01', '2010-09-03', '1', 'e407719', 'IFC 2stage Accolade', '', NULL, '2010-09-01 09:35:26', '0', '0000-00-00 00:00:00', NULL),
	(1333, 0, 129, 1, '2010-09-01', '2010-09-30', '1', 'e407719', 'IFC 2stage Accolade', '', NULL, '2010-09-01 09:36:13', '0', '0000-00-00 00:00:00', NULL),
	(1334, 0, 115, 1, '2010-09-06', '2010-09-30', '1', 'e360232', 'ECO4', '', NULL, '2010-09-01 10:45:03', '0', '0000-00-00 00:00:00', NULL),
	(1335, 0, 130, 1, '2010-09-02', '2010-09-07', '1', 'e355140', 'NeXsys', 'Baltur', NULL, '2010-09-01 15:22:18', '0', '0000-00-00 00:00:00', NULL),
	(1336, 0, 138, 1, '2010-09-02', '2010-09-02', '1', 'e381314', 'EEV benchmarking', '13.00-14.30', NULL, '2010-09-02 13:37:46', '0', '0000-00-00 00:00:00', NULL),
	(1337, 0, 138, 1, '2010-09-03', '2010-09-03', '1', 'e381314', '134 EEV Benchmarking', '', NULL, '2010-09-03 08:45:52', '0', '0000-00-00 00:00:00', NULL),
	(1338, 1, 119, 1, '2010-09-20', '2010-12-31', '1', 'e244207', 'Sirocco', '', NULL, '2010-09-03 11:23:07', 'e275009', '2010-09-03 13:48:05', ''),
	(1339, 0, 139, 1, '2010-09-06', '2010-09-10', '1', 'e402838', 'Megadense', '', NULL, '2010-09-03 13:57:37', '0', '0000-00-00 00:00:00', NULL),
	(1340, 0, 125, 1, '2010-09-06', '2010-09-06', '1', 'e360232', 'ECO4', '', NULL, '2010-09-06 08:43:44', '0', '0000-00-00 00:00:00', NULL),
	(1341, 0, 137, 1, '2010-09-06', '2010-09-07', '1', 'e360232', 'ECO4', '', NULL, '2010-09-06 08:45:51', '0', '0000-00-00 00:00:00', NULL),
	(1342, 0, 116, 1, '2010-09-01', '2010-09-30', '1', 'e332375', 'Light Switch', '', NULL, '2010-09-06 10:14:11', '0', '0000-00-00 00:00:00', NULL),
	(1343, 1, 120, 1, '2010-09-13', '2010-09-27', '1', 'e331228', '3510', 'Testing coil for Vulcano', NULL, '2010-09-06 15:51:35', 'e677413', '2010-09-20 06:47:57', ''),
	(1344, 0, 167, 1, '2010-09-16', '2010-09-24', '1', 'e476520', 'Rheem', '', NULL, '2010-09-07 08:31:34', '0', '0000-00-00 00:00:00', NULL),
	(1345, 1, 114, 1, '2010-09-13', '2010-09-30', '1', 'e315193', '706987', '', NULL, '2010-09-07 12:00:25', 'e324601', '2010-09-07 14:16:06', ''),
	(1346, 0, 167, 1, '2010-09-13', '2010-09-15', '1', 'e476520', 'Rheem', '', NULL, '2010-09-07 14:18:44', '0', '0000-00-00 00:00:00', NULL),
	(1347, 0, 130, 1, '2010-09-17', '2010-09-30', '1', 'e476520', 'Rheem', '', NULL, '2010-09-07 15:49:44', '0', '0000-00-00 00:00:00', NULL),
	(1348, 0, 12, 1, '2010-09-07', '2010-09-10', '1', 'e476520', 'Rheem', '', NULL, '2010-09-07 15:52:19', '0', '0000-00-00 00:00:00', NULL),
	(1349, 0, 141, 1, '2010-09-14', '2010-09-24', '1', 'e476520', 'Rheem', '', NULL, '2010-09-07 15:54:31', '0', '0000-00-00 00:00:00', NULL),
	(1350, 0, 125, 1, '2010-09-13', '2010-09-24', '1', 'e355141', 'U-PRO MINI', '', NULL, '2010-09-07 16:28:41', '0', '0000-00-00 00:00:00', NULL),
	(1351, 0, 129, 1, '2010-10-01', '2010-10-15', '1', 'e205003', 'Brno factory, valves dept.', 'mereni unavy tesneni..?', NULL, '2010-09-07 17:19:32', '0', '0000-00-00 00:00:00', NULL),
	(1352, 1, 128, 1, '2010-10-01', '2010-11-30', '1', 'e332375', 'Light&Switch Panel', '', NULL, '2010-09-09 11:05:13', 'e324601', '2010-09-09 11:10:52', ''),
	(1353, 1, 170, 1, '2010-10-02', '2010-11-30', '2', 'e332375', 'Light&Switch Panel', '', NULL, '2010-09-09 11:07:45', 'e228392', '2010-09-10 13:01:57', 'Bezici test se prodluzuje do 15.10., pak bude dalsi'),
	(1354, 1, 124, 1, '2010-10-01', '2010-10-31', '1', 'e324601', '706755 Lennox 2-St. IFC Accolade', '', NULL, '2010-09-09 11:10:31', 'e324601', '2010-09-09 11:10:31', ''),
	(1355, 0, 168, 1, '2010-09-06', '2010-09-30', '1', 'e324601', '704415 ASIC Replacement', '', NULL, '2010-09-09 11:12:50', '0', '0000-00-00 00:00:00', NULL),
	(1356, 0, 123, 1, '2010-10-01', '2010-10-15', '1', 'e324601', '706755 Lennox 2-St. IFC Accolade', '', NULL, '2010-09-09 11:14:13', '0', '0000-00-00 00:00:00', NULL),
	(1357, 0, 123, 1, '2010-10-18', '2010-10-30', '1', 'e324601', '704415 ASIC Replacement', '', NULL, '2010-09-09 11:14:42', '0', '0000-00-00 00:00:00', NULL),
	(1358, 1, 121, 1, '2010-09-25', '2010-10-08', '1', 'e324601', '706755 Lennoxt 2-St. IFC Accolade', '', NULL, '2010-09-09 15:14:59', 'e275009', '2010-09-10 09:31:50', ''),
	(1359, 1, 170, 1, '2010-10-02', '2010-12-12', '1', 'e228392', 'Intergas', '', NULL, '2010-09-10 13:04:35', 'e228392', '2010-09-10 13:04:35', ''),
	(1360, 0, 140, 1, '2010-09-13', '2010-09-14', '1', 'e360232', 'ECO4', '', NULL, '2010-09-13 12:41:56', '0', '0000-00-00 00:00:00', NULL),
	(1363, 1, 121, 1, '2010-10-11', '2010-10-25', '1', 'e476520', 'HSI', '', NULL, '2010-09-14 08:24:30', 'e275009', '2010-09-14 10:16:53', ''),
	(1364, 1, 119, 1, '2010-09-15', '2010-09-17', '1', 'e476520', 'HSI', '', NULL, '2010-09-15 10:42:52', 'e275009', '2010-09-15 10:55:01', ''),
	(1366, 1, 124, 1, '2010-11-01', '2011-01-04', '1', 'e324601', '706755 Lennox Accolade 2-St. IFC ', '', NULL, '2010-09-16 15:47:45', 'e324601', '2011-01-13 14:47:07', ''),
	(1367, 1, 6, 1, '2010-11-01', '2010-11-30', '1', 'e324601', 'Goodman modulating', '', NULL, '2010-09-16 15:48:37', 'e324601', '2010-09-16 15:48:37', ''),
	(1369, 1, 136, 1, '2010-09-17', '2010-09-17', '1', 'e355140', 'NeXsys - Baltur', 'Humidity test', NULL, '2010-09-17 08:51:34', 'e275009', '2010-09-20 09:19:58', ''),
	(1370, 1, 136, 1, '2010-09-20', '2010-10-05', '1', 'e324601', 'Powervent AOS', '', NULL, '2010-09-17 08:56:29', 'e275009', '2010-09-20 09:19:40', ''),
	(1371, 0, 167, 1, '2010-09-27', '2010-09-30', '1', 'e476520', 'HSI', '', NULL, '2010-09-17 09:17:51', '0', '0000-00-00 00:00:00', NULL),
	(1372, 0, 129, 1, '2010-10-18', '2010-11-08', '1', 'e351667', 'SmartT enh. P 355', '', NULL, '2010-09-21 09:32:03', '0', '0000-00-00 00:00:00', NULL),
	(1373, 0, 138, 1, '2010-09-24', '2010-09-24', '1', 'e334629', '70125', '', NULL, '2010-09-21 11:24:10', '0', '0000-00-00 00:00:00', NULL),
	(1374, 0, 138, 1, '2010-09-22', '2010-09-23', '1', 'e334629', '70125', '', NULL, '2010-09-21 11:25:50', '0', '0000-00-00 00:00:00', NULL),
	(1375, 0, 10, 1, '2010-09-24', '2010-09-24', '1', 'e291393', 'PLC', '', NULL, '2010-09-21 14:33:56', '0', '0000-00-00 00:00:00', NULL),
	(1376, 0, 10, 1, '2010-09-23', '2010-09-23', '1', 'e291393', 'PLC', '', NULL, '2010-09-21 14:34:20', '0', '0000-00-00 00:00:00', NULL),
	(1377, 0, 122, 1, '2010-09-20', '2010-09-24', '1', 'e355141', 'U_PRO-MINI', '', NULL, '2010-09-21 15:07:07', '0', '0000-00-00 00:00:00', NULL),
	(1378, 0, 137, 1, '2010-09-22', '2010-09-24', '1', 'e360232', 'ECO4', '', NULL, '2010-09-22 15:41:50', '0', '0000-00-00 00:00:00', NULL),
	(1379, 1, 114, 1, '2010-10-01', '2010-10-15', '0', 'e315193', '760987', 'Blue flame - with capacitor', NULL, '2010-09-24 13:23:20', '0', '0000-00-00 00:00:00', NULL),
	(1380, 1, 118, 1, '2010-09-29', '2010-10-29', '2', 'e459841', 'Intergas, HP', '', NULL, '2010-09-24 13:23:23', 'e677413', '2010-10-05 15:26:47', ''),
	(1381, 1, 136, 1, '2010-10-06', '2010-10-29', '1', 'e459841', 'Intergas, HP', '', NULL, '2010-09-24 13:24:52', 'e275009', '2010-09-27 06:20:46', ''),
	(1382, 1, 121, 1, '2010-10-26', '2010-11-20', '1', 'e476520', 'HSI', '', NULL, '2010-09-24 16:24:10', 'e275009', '2010-09-27 06:21:00', ''),
	(1383, 1, 121, 1, '2010-11-22', '2010-11-30', '1', 'e476520', 'HSI', '', NULL, '2010-09-24 16:24:57', 'e275009', '2010-09-27 06:20:04', ''),
	(1384, 0, 139, 1, '2010-09-27', '2010-09-27', '1', 'e355140', 'Intergas', '', NULL, '2010-09-27 12:25:52', '0', '0000-00-00 00:00:00', NULL),
	(1385, 0, 130, 1, '2010-10-01', '2010-10-01', '1', 'e355140', 'NeXsys - Baltur', '', NULL, '2010-09-27 12:27:37', '0', '0000-00-00 00:00:00', NULL),
	(1386, 0, 9, 1, '2010-09-29', '2010-10-08', '1', 'e476520', 'HSI', '', NULL, '2010-09-29 13:12:04', '0', '0000-00-00 00:00:00', NULL),
	(1387, 1, 120, 1, '2010-10-04', '2010-10-08', '2', 'e420560', 'Thera 3', '', NULL, '2010-09-30 17:03:11', 'e677413', '2010-10-06 12:24:11', ''),
	(1388, 1, 113, 1, '2010-10-04', '2010-10-08', '2', 'e420560', 'Thera3', '', NULL, '2010-09-30 17:03:30', 'e677413', '2010-10-06 12:23:50', ''),
	(1389, 0, 142, 1, '2010-10-01', '2010-10-01', '1', 'e215421', 'AERCO RS 232', '', NULL, '2010-10-01 08:56:26', '0', '0000-00-00 00:00:00', NULL),
	(1390, 1, 121, 1, '2010-12-01', '2010-12-16', '1', 'e476520', 'Goodman Modulating IFC', '', NULL, '2010-10-04 08:54:24', 'e275009', '2010-10-04 09:14:40', ''),
	(1391, 1, 136, 1, '2010-11-01', '2010-11-30', '1', 'e293807', 'Zephyr Advanced', '', NULL, '2010-10-05 11:55:38', 'e275009', '2010-10-05 12:36:01', ''),
	(1392, 1, 118, 1, '2010-10-06', '2010-10-06', '1', 'e420560', 'Thera 3', '', NULL, '2010-10-05 15:27:04', 'e677413', '2010-10-05 15:28:02', ''),
	(1393, 1, 120, 1, '2010-10-11', '2010-10-15', '2', 'e420560', 'Thera 3', '', NULL, '2010-10-06 10:24:16', 'e677413', '2010-10-06 10:30:08', ''),
	(1394, 1, 120, 1, '2010-11-22', '2010-12-03', '0', 'e371558', '704624 Cold boiler', '', NULL, '2010-10-06 11:42:48', '0', '0000-00-00 00:00:00', NULL),
	(1395, 1, 120, 1, '2010-10-07', '2010-10-15', '0', 'e420560', 'Thera 3', '', NULL, '2010-10-06 17:22:20', '0', '0000-00-00 00:00:00', NULL),
	(1396, 1, 6, 1, '2010-12-01', '2011-01-31', '5', 'e360232', 'Megadense', '', NULL, '2010-10-07 15:07:15', 'e324601', '2010-10-22 11:25:18', ''),
	(1397, 0, 161, 1, '2010-10-15', '2010-10-15', '1', 'e410697', 'mereni hluku', '', NULL, '2010-10-08 09:57:40', '0', '0000-00-00 00:00:00', NULL),
	(1398, 1, 121, 1, '2010-11-21', '2010-11-21', '1', 'e476520', 'HSI', '', NULL, '2010-10-11 10:10:05', 'e275009', '2010-10-12 06:08:48', ''),
	(1399, 1, 121, 1, '2010-12-17', '2010-12-22', '1', 'e476520', 'HSI', '', NULL, '2010-10-11 10:10:57', 'e275009', '2010-10-12 06:10:09', ''),
	(1400, 1, 121, 1, '2010-12-23', '2011-01-31', '5', 'e476520', 'HSI - Device life test', '', NULL, '2010-10-11 10:13:14', 'e275009', '2010-10-12 06:10:43', ''),
	(1401, 0, 129, 1, '2010-01-16', '2010-01-31', '1', 'e476520', 'HSI - Thermal Shock ', '', NULL, '2010-10-11 10:46:54', '0', '0000-00-00 00:00:00', NULL),
	(1405, 0, 129, 1, '2010-11-15', '2010-12-10', '1', 'e476520', 'HSI', '', NULL, '2010-10-11 11:17:21', '0', '0000-00-00 00:00:00', NULL),
	(1406, 0, 122, 1, '2010-10-15', '2010-10-19', '1', 'e466422', 'S4582...', '', NULL, '2010-10-11 11:23:05', '0', '0000-00-00 00:00:00', NULL),
	(1407, 1, 136, 1, '2010-12-01', '2010-12-17', '1', 'e476520', 'HSI', '', NULL, '2010-10-11 12:18:26', 'e275009', '2010-10-12 06:10:48', ''),
	(1408, 0, 116, 1, '2010-11-01', '2010-11-19', '1', 'e476520', 'HSI', '', NULL, '2010-10-11 12:22:37', '0', '0000-00-00 00:00:00', NULL),
	(1409, 0, 130, 1, '2010-11-16', '2010-12-11', '1', 'e476520', 'HSI', '', NULL, '2010-10-11 12:28:44', '0', '0000-00-00 00:00:00', NULL),
	(1410, 0, 116, 1, '2010-11-22', '2010-11-27', '1', 'e476520', 'HSI', '', NULL, '2010-10-11 12:33:56', '0', '0000-00-00 00:00:00', NULL),
	(1411, 1, 128, 1, '2010-12-01', '2010-12-24', '1', 'e324601', '708659 DSI IFC', '', NULL, '2010-10-13 08:34:42', 'e324601', '2010-10-13 08:34:42', ''),
	(1412, 1, 128, 1, '2011-01-01', '2011-01-31', '5', 'e324601', '708659 DSI IFC', '', NULL, '2010-10-13 08:36:12', 'e324601', '2010-10-13 08:36:12', ''),
	(1413, 0, 161, 1, '2010-09-14', '2010-10-14', '1', 'e324601', '706755 2-Stage IFC Accolade', '', NULL, '2010-10-13 13:36:43', '0', '0000-00-00 00:00:00', NULL),
	(1414, 0, 122, 1, '2010-10-13', '2010-10-14', '1', 'e459841', 'HP', '', NULL, '2010-10-13 16:12:46', '0', '0000-00-00 00:00:00', NULL),
	(1415, 0, 122, 1, '2010-10-20', '2010-10-21', '1', 'e459841', 'HP', '', NULL, '2010-10-13 16:12:59', '0', '0000-00-00 00:00:00', NULL),
	(1416, 0, 125, 1, '2010-10-15', '2010-10-20', '1', 'e459841', 'S4582', '', NULL, '2010-10-13 16:14:02', 'e459841', '2010-10-13 16:14:14', ''),
	(1417, 1, 114, 1, '2010-10-18', '2010-10-29', '1', 'e315193', '703721', '', NULL, '2010-10-13 17:23:10', 'e324601', '2010-10-22 11:25:43', ''),
	(1418, 1, 120, 1, '2010-10-18', '2010-11-02', '1', 'e351667', 'SmartT enh. P 355', '', NULL, '2010-10-14 13:36:21', 'e677413', '2010-10-14 13:59:43', ''),
	(1419, 0, 161, 1, '2010-10-18', '2010-11-03', '1', 'e324601', 'Experiments Zbynek Vancura', '', NULL, '2010-10-15 09:11:53', 'e324601', '2010-10-15 09:12:28', ''),
	(1420, 1, 6, 1, '2011-02-01', '2011-03-06', '5', 'e360232', 'Megadense', '', NULL, '2010-10-15 10:53:03', 'e324601', '2010-10-22 11:24:23', ''),
	(1421, 0, 129, 1, '2010-11-09', '2010-11-14', '1', 'e205003', 'Valve components', 'Sanek + Kalab', NULL, '2010-10-15 14:39:17', '0', '0000-00-00 00:00:00', NULL),
	(1422, 1, 128, 1, '2011-02-01', '2011-02-28', '5', 'e332375', 'L&S panel', '', NULL, '2010-10-18 09:14:26', 'e324601', '2010-10-18 09:16:57', ''),
	(1423, 1, 118, 1, '2010-10-18', '2010-10-25', '1', 'e332375', 'L&S', '', NULL, '2010-10-18 09:54:41', 'e677413', '2010-10-21 07:59:25', ''),
	(1424, 0, 125, 1, '2010-10-21', '2010-10-22', '1', 'e466422', 'S4582', '', NULL, '2010-10-20 17:59:02', 'e466422', '2010-10-21 20:03:19', ''),
	(1425, 1, 113, 1, '2010-10-20', '2010-11-08', '1', 'e677413', 'Turbo', '', NULL, '2010-10-21 07:56:43', 'e677413', '2010-10-21 07:56:43', ''),
	(1426, 1, 120, 1, '2010-11-03', '2010-11-21', '0', 'e351667', 'SmartT enh. P 355', '', NULL, '2010-10-21 13:35:08', '0', '0000-00-00 00:00:00', NULL),
	(1427, 1, 118, 1, '2010-10-26', '2010-11-05', '0', 'e288845', '11-1123', '', NULL, '2010-10-21 13:55:08', '0', '0000-00-00 00:00:00', NULL),
	(1428, 1, 114, 1, '2010-11-22', '2010-12-05', '0', 'e351667', 'SmartT enh. P 355', '', NULL, '2010-10-21 13:56:47', '0', '0000-00-00 00:00:00', NULL),
	(1429, 1, 124, 1, '2011-03-01', '2011-03-31', '5', 'e324601', '768659 DSI IFC', '', NULL, '2010-10-22 11:30:43', 'e324601', '2010-10-22 11:30:43', ''),
	(1430, 1, 128, 1, '2011-03-01', '2011-03-31', '5', 'e324601', '704415 R7999 ASIC replacement', '', NULL, '2010-10-22 11:31:31', 'e324601', '2010-10-22 11:31:31', ''),
	(1431, 1, 121, 1, '2011-02-01', '2011-02-28', '5', 'e476520', 'HSI', '', NULL, '2010-10-25 10:48:36', 'e275009', '2010-10-25 10:56:47', ''),
	(1432, 1, 4, 1, '2010-12-20', '2011-01-31', '5', 'e476520', 'HSI', '', NULL, '2010-10-25 10:53:23', 'e324601', '2010-10-25 13:54:34', ''),
	(1433, 0, 130, 1, '2010-10-25', '2010-10-27', '1', 'e228392', 'HAPI DotMatrix', '', NULL, '2010-10-25 12:37:14', '0', '0000-00-00 00:00:00', NULL),
	(1434, 0, 122, 1, '2010-10-27', '2010-10-29', '1', 'e228392', 'HAPI DotMatrix', '', NULL, '2010-10-25 12:38:10', '0', '0000-00-00 00:00:00', NULL),
	(1435, 1, 114, 1, '2010-11-01', '2010-11-08', '2', 'e228392', 'HAPI DotMatrix', '', NULL, '2010-10-25 12:43:04', 'e324601', '2010-10-25 13:53:57', 'Komoru bude vyuzivat cely listopad Tomas Kadera, ktery ma ve Flowbenci prednostni prava'),
	(1436, 1, 114, 1, '2010-11-09', '2010-11-21', '1', 'e315193', '703721', '', NULL, '2010-10-25 13:49:09', 'e324601', '2010-10-25 13:54:57', ''),
	(1437, 0, 122, 1, '2010-10-25', '2010-10-26', '1', 'e459841', 'HP', '', NULL, '2010-10-25 14:20:34', '0', '0000-00-00 00:00:00', NULL),
	(1438, 0, 122, 1, '2010-10-30', '2010-11-05', '1', 'e459841', 'HP', '', NULL, '2010-10-25 14:20:58', '0', '0000-00-00 00:00:00', NULL),
	(1439, 1, 118, 1, '2010-11-08', '2010-11-19', '0', 'e402838', 'CR04', '', NULL, '2010-10-27 10:30:57', '', '0000-00-00 00:00:00', ''),
	(1440, 0, 140, 1, '2010-11-01', '2010-11-08', '1', 'e355140', 'SM10019 & S4962BF1004', '', NULL, '2010-11-01 09:15:40', 'e355140', '2010-11-08 09:09:20', ''),
	(1441, 0, 123, 1, '2010-11-03', '2010-11-08', '1', 'e355140', 'SM10019 & S4962BF1004', '', NULL, '2010-11-01 09:17:08', '0', '0000-00-00 00:00:00', NULL),
	(1442, 0, 125, 1, '2010-11-01', '2010-11-19', '1', 'e360232', 'S4565', '', NULL, '2010-11-01 14:07:06', 'e360232', '2010-11-08 11:05:46', ''),
	(1443, 0, 130, 1, '2010-11-03', '2010-11-10', '1', 'e360232', 'S4565', '', NULL, '2010-11-01 14:10:00', '0', '0000-00-00 00:00:00', NULL),
	(1444, 0, 117, 1, '2010-11-03', '2010-11-05', '1', 'e244207', 'Sirocco', '', NULL, '2010-11-02 09:17:04', '0', '0000-00-00 00:00:00', NULL),
	(1445, 0, 138, 1, '2010-11-03', '2010-11-03', '1', 'e332564', 'Creval ', '', NULL, '2010-11-03 08:48:27', '0', '0000-00-00 00:00:00', NULL),
	(1446, 0, 129, 1, '2011-01-01', '2011-01-30', '5', 'e332375', 'L&S panel', '', NULL, '2010-11-04 13:26:16', '0', '0000-00-00 00:00:00', NULL),
	(1447, 0, 161, 1, '2010-11-15', '2010-11-19', '1', 'e332375', 'AOS 24V energy star', '', NULL, '2010-11-04 15:35:37', '0', '0000-00-00 00:00:00', NULL),
	(1448, 0, 129, 1, '2010-12-13', '2010-12-31', '1', 'e215421', 'RoHS Aquastat ???', '', NULL, '2010-11-05 08:05:05', '0', '0000-00-00 00:00:00', NULL),
	(1449, 1, 4, 1, '2011-02-01', '2011-02-28', '5', 'e476520', 'Goodman', '', NULL, '2010-11-05 13:21:30', 'e324601', '2010-11-08 07:16:48', ''),
	(1450, 1, 136, 1, '2010-12-20', '2011-01-31', '5', 'e476520', 'Goodman', '', NULL, '2010-11-05 13:23:25', 'e275009', '2010-11-05 13:54:15', ''),
	(1451, 0, 138, 1, '2010-11-08', '2010-11-10', '1', 'e334629', '701238', '', NULL, '2010-11-08 06:53:46', '0', '0000-00-00 00:00:00', NULL),
	(1452, 0, 130, 1, '2010-12-13', '2010-12-17', '1', 'e476520', 'HSI', '', NULL, '2010-11-08 08:30:18', '0', '0000-00-00 00:00:00', NULL),
	(1453, 0, 115, 1, '2010-11-08', '2010-11-12', '1', 'e459841', 'HP rev D', '', NULL, '2010-11-08 11:01:43', 'e459841', '2010-11-08 11:01:52', ''),
	(1454, 1, 114, 1, '2010-12-06', '2010-12-17', '1', 'e459841', 'HP', '', NULL, '2010-11-08 11:03:35', 'e324601', '2010-11-08 12:52:38', ''),
	(1455, 1, 120, 1, '2010-12-06', '2010-12-17', '2', 'e459841', 'HP', '', NULL, '2010-11-08 11:04:05', '', '2010-11-12 11:11:02', ''),
	(1456, 0, 144, 1, '2010-08-23', '2010-08-27', '1', 'e436340', 'Kalibrace přístrojů', '', NULL, '2010-11-09 12:07:14', '0', '0000-00-00 00:00:00', NULL),
	(1457, 0, 144, 1, '2010-09-06', '2010-09-10', '1', 'e436340', 'Kalibrace přístrojů', '', NULL, '2010-11-09 12:07:37', '0', '0000-00-00 00:00:00', NULL),
	(1458, 0, 144, 1, '2010-09-13', '2010-09-17', '1', 'e436340', 'Kalibrace přístrojů', '', NULL, '2010-11-09 12:07:50', '0', '0000-00-00 00:00:00', NULL),
	(1459, 0, 144, 1, '2010-09-20', '2010-09-24', '1', 'e436340', 'Kalibrace přístrojů', '', NULL, '2010-11-09 12:08:05', '0', '0000-00-00 00:00:00', NULL),
	(1460, 0, 144, 1, '2010-10-11', '2010-10-15', '1', 'e436340', 'Kalibrace přístrojů', '', NULL, '2010-11-09 12:08:21', '0', '0000-00-00 00:00:00', NULL),
	(1461, 0, 144, 1, '2010-10-18', '2010-10-22', '1', 'e436340', 'Kalibrace přístrojů', '', NULL, '2010-11-09 12:08:29', '0', '0000-00-00 00:00:00', NULL),
	(1462, 1, 113, 1, '2010-11-12', '2010-11-30', '1', 'e504738', 'Thera 3', '', NULL, '2010-11-10 12:44:11', 'e677413', '2010-11-12 09:56:29', ''),
	(1463, 0, 139, 1, '2010-11-09', '2010-11-11', '1', 'e355140', 'NeXsys', '', NULL, '2010-11-10 13:11:47', '0', '0000-00-00 00:00:00', NULL),
	(1464, 0, 138, 1, '2010-11-12', '2010-11-12', '1', 'e444788', 'Corela', '', NULL, '2010-11-12 09:28:02', '0', '0000-00-00 00:00:00', NULL),
	(1465, 1, 119, 1, '2011-01-03', '2011-01-31', '5', 'e293807', 'Zephyr Advanced', '', NULL, '2010-11-12 10:06:38', 'e275009', '2010-11-15 07:47:57', ''),
	(1466, 1, 119, 1, '2011-02-01', '2011-02-28', '5', 'e244207', 'Siroccco', '', NULL, '2010-11-12 10:40:28', 'e275009', '2010-11-15 07:47:32', ''),
	(1467, 0, 115, 1, '2010-11-16', '2010-11-18', '1', 'e355140', 'NeXsys - Baltur', '', NULL, '2010-11-16 10:20:34', '0', '0000-00-00 00:00:00', NULL),
	(1468, 0, 140, 1, '2010-11-18', '2010-11-19', '1', 'e355140', 'NeXsys Baltur', '', NULL, '2010-11-16 14:50:14', '0', '0000-00-00 00:00:00', NULL),
	(1469, 0, 161, 1, '2010-11-22', '2010-11-26', '1', 'e205003', 'various experiments', '', NULL, '2010-11-19 08:24:02', 'e205003', '2010-11-19 08:24:26', ''),
	(1470, 0, 129, 1, '2011-02-01', '2011-02-28', '5', 'e332375', 'L&S', '', NULL, '2010-11-19 09:37:11', '0', '0000-00-00 00:00:00', NULL),
	(1471, 1, 170, 1, '2010-12-13', '2010-12-21', '1', 'e332375', 'Light&Switch Panel', '', NULL, '2010-11-19 09:38:37', 'e228392', '2010-11-24 08:56:14', ''),
	(1472, 1, 114, 1, '2011-01-01', '2011-01-31', '5', 'e332375', 'L&Spanel', '', NULL, '2010-11-19 09:40:18', 'e324601', '2010-11-22 07:08:39', ''),
	(1473, 1, 170, 1, '2011-01-03', '2011-03-31', '5', 'e228392', 'HAPI DotMatrix', 'Long test', NULL, '2010-11-19 09:48:20', 'e228392', '2010-11-19 09:48:20', ''),
	(1474, 1, 113, 1, '2010-12-01', '2010-12-31', '1', 'e390270', 'CVI-maintenance 602272', '', NULL, '2010-11-19 10:27:38', 'e677413', '2010-11-19 12:04:14', ''),
	(1475, 0, 125, 1, '2010-11-22', '2010-11-26', '1', 'e355140', 'NeXsys - Baltur', '', NULL, '2010-11-22 14:52:54', '0', '0000-00-00 00:00:00', NULL),
	(1476, 1, 4, 1, '2011-03-01', '2011-03-31', '5', 'e476520', 'Goodman', '', NULL, '2010-11-23 08:29:56', 'e324601', '2010-11-23 11:13:07', ''),
	(1477, 1, 4, 1, '2010-12-11', '2010-12-19', '1', 'e476520', 'Goodman', '', NULL, '2010-11-23 08:31:48', 'e324601', '2010-11-23 11:12:04', ''),
	(1478, 1, 136, 1, '2011-02-01', '2011-02-28', '5', 'e476520', 'HSI', '', NULL, '2010-11-23 08:37:51', 'e275009', '2010-11-23 11:33:48', ''),
	(1479, 0, 129, 1, '2011-03-01', '2011-03-24', '5', 'e476520', 'Goodman', '', NULL, '2010-11-23 08:41:26', '0', '0000-00-00 00:00:00', NULL),
	(1480, 1, 121, 1, '2011-03-01', '2011-03-31', '5', 'e476520', 'HSI, Goodman', '', NULL, '2010-11-23 08:43:13', 'e275009', '2010-11-23 11:19:40', ''),
	(1481, 0, 116, 1, '2010-11-28', '2010-12-23', '1', 'e476520', 'HSI', '', NULL, '2010-11-23 08:47:33', '0', '0000-00-00 00:00:00', NULL),
	(1482, 0, 9, 1, '2010-12-07', '2010-12-22', '1', 'e476520', 'HSI, Goodman', '', NULL, '2010-11-23 08:52:40', '0', '0000-00-00 00:00:00', NULL),
	(1483, 1, 118, 1, '2010-12-01', '2011-01-03', '0', 'e504738', 'Thera 3, Thera 4', '', NULL, '2010-11-23 12:52:31', '0', '0000-00-00 00:00:00', NULL),
	(1485, 0, 115, 1, '2010-11-25', '2010-11-26', '1', 'e459841', 'HP', '', NULL, '2010-11-25 16:21:56', '0', '0000-00-00 00:00:00', NULL),
	(1486, 0, 9, 1, '2010-11-29', '2010-12-06', '1', 'e332375', 'L&S', '', NULL, '2010-11-29 06:51:49', '0', '0000-00-00 00:00:00', NULL),
	(1487, 0, 115, 1, '2010-11-29', '2010-12-03', '1', 'e459841', 'HP', '', NULL, '2010-11-29 10:45:56', '0', '0000-00-00 00:00:00', NULL),
	(1488, 1, 114, 1, '2010-12-18', '2010-12-31', '1', 'e315193', '700044', '700044 Silicone Main Valve and Regulator Test Pgm', NULL, '2010-11-30 10:47:15', 'e324601', '2010-12-01 06:53:42', ''),
	(1489, 1, 120, 1, '2010-12-13', '2011-01-05', '5', 'e315193', '700044', '', NULL, '2010-11-30 10:49:21', '0', '0000-00-00 00:00:00', NULL),
	(1490, 1, 128, 1, '2010-12-25', '2010-12-31', '2', 'e315193', '700044', '700044 Silicone Main Valve and Regulator Test Pgm', NULL, '2010-11-30 10:51:47', 'e324601', '2010-12-01 06:53:11', ''),
	(1491, 1, 120, 1, '2011-01-06', '2011-01-09', '0', 'e315193', '700044', '', NULL, '2010-11-30 11:53:41', '0', '0000-00-00 00:00:00', NULL),
	(1492, 1, 124, 1, '2010-11-01', '2010-12-22', '1', 'e324601', '706755 2-Stage IFC Accolade', '', NULL, '2010-11-30 12:09:53', 'e324601', '2010-11-30 12:09:53', ''),
	(1493, 1, 124, 1, '2011-01-05', '2011-02-28', '5', 'e324601', 'Goodman Mod. IFC', '', NULL, '2010-11-30 12:11:55', 'e324601', '2010-11-30 12:11:55', ''),
	(1494, 1, 114, 1, '2011-02-01', '2011-02-28', '5', 'e315193', '700044, 706987 project', '', NULL, '2010-11-30 12:24:25', 'e324601', '2010-12-01 06:52:35', ''),
	(1495, 1, 120, 1, '2010-12-06', '2010-12-12', '0', 'e244216', '700044', 'Reservation for 30 days max temperature test', NULL, '2010-11-30 12:26:21', '0', '0000-00-00 00:00:00', NULL),
	(1496, 1, 124, 1, '2010-12-23', '2010-12-31', '1', 'e315193', '700044', '', NULL, '2010-11-30 13:43:29', 'e324601', '2010-12-01 06:49:31', ''),
	(1497, 1, 124, 1, '2011-01-01', '2011-01-04', '5', 'e315193', '700044', '', NULL, '2010-11-30 13:44:13', 'e324601', '2010-12-01 06:50:14', ''),
	(1498, 0, 123, 1, '2010-12-01', '2011-01-02', '1', 'e324601', '709093 Goodman Mod. IFC', '', NULL, '2010-12-01 07:10:14', '0', '0000-00-00 00:00:00', NULL),
	(1499, 0, 117, 1, '2010-12-06', '2011-01-31', '5', 'e324601', '709093 Goodman Mod. IFC', '', NULL, '2010-12-01 07:13:11', '0', '0000-00-00 00:00:00', NULL),
	(1500, 0, 9, 1, '2011-01-03', '2011-01-31', '5', 'e324601', '709093 Goodman Mod-IFC ', '', NULL, '2010-12-01 07:16:36', '0', '0000-00-00 00:00:00', NULL),
	(1501, 0, 161, 1, '2011-01-10', '2011-01-31', '5', 'e324601', '709093 Goodman Mod. IFC', '', NULL, '2010-12-01 07:20:13', '0', '0000-00-00 00:00:00', NULL),
	(1502, 0, 130, 1, '2011-01-05', '2011-02-15', '5', 'e324601', '709093 Goodman Mod. IFC', '', NULL, '2010-12-01 07:21:48', '0', '0000-00-00 00:00:00', NULL),
	(1503, 0, 125, 1, '2010-12-03', '2010-12-17', '1', 'e360232', 'Megadens', '', NULL, '2010-12-02 14:36:52', '0', '0000-00-00 00:00:00', NULL),
	(1504, 0, 115, 1, '2010-12-06', '2010-12-07', '1', 'e459841', 'HP', '', NULL, '2010-12-06 14:27:52', '0', '0000-00-00 00:00:00', NULL),
	(1505, 0, 122, 1, '2010-12-06', '2010-12-07', '1', 'e459841', 'HP', '', NULL, '2010-12-06 14:30:07', '0', '0000-00-00 00:00:00', NULL),
	(1506, 0, 138, 1, '2010-12-08', '2010-12-08', '1', 'e351667', 'P355', '', NULL, '2010-12-06 14:41:26', '0', '0000-00-00 00:00:00', NULL),
	(1507, 0, 137, 1, '2010-12-08', '2010-12-31', '1', 'e410697', 'Kalibrace', '', NULL, '2010-12-08 06:50:07', '0', '0000-00-00 00:00:00', NULL),
	(1508, 0, 138, 1, '2010-12-09', '2010-12-14', '1', 'e334629', '70125', '', NULL, '2010-12-09 09:59:12', '0', '0000-00-00 00:00:00', NULL),
	(1509, 0, 122, 1, '2010-12-13', '2010-12-17', '1', 'e355140', 'DVI', 'EN60335', NULL, '2010-12-09 11:26:24', 'e355140', '2010-12-10 11:31:57', ''),
	(1510, 0, 122, 1, '2010-12-09', '2010-12-10', '1', 'e355140', 'NeXsys Baltur', 'Surge', NULL, '2010-12-10 11:32:57', '0', '0000-00-00 00:00:00', NULL),
	(1512, 0, 141, 1, '2010-12-17', '2010-12-23', '1', 'e275009', 'Moravia', NULL, NULL, '2010-12-17 11:01:49', '0', '0000-00-00 00:00:00', NULL),
	(1513, 0, 167, 1, '2010-12-17', '2010-12-23', '1', 'e275009', 'Moravia', NULL, NULL, '2010-12-17 11:02:31', '0', '0000-00-00 00:00:00', NULL),
	(1514, 0, 130, 1, '2010-12-20', '2010-12-21', '1', 'e355140', 'SM10019', 'Injection current to lines', NULL, '2010-12-20 11:11:05', '0', '0000-00-00 00:00:00', NULL),
	(1515, 1, 144, 1, '2011-01-03', '2011-01-03', '5', 'e436340', 'Kalibrace přístrojů', '', NULL, '2011-01-03 15:51:37', '0', '1900-01-01 00:00:00', NULL),
	(1516, 1, 130, 1, '2011-01-04', '2011-01-04', '5', 'e360232', 'Megadens', '', NULL, '2011-01-04 08:37:55', '0', '1900-01-01 00:00:00', NULL),
	(1517, 1, 125, 1, '2011-01-06', '2011-01-11', '5', 'e360232', 'Megadens', '', NULL, '2011-01-04 08:41:12', 'e360232', '2011-01-05 10:24:04', ''),
	(1518, 1, 115, 1, '2011-01-06', '2011-01-07', '5', 'e360232', 'Megadens', '', NULL, '2011-01-04 08:42:47', 'e360232', '2011-01-06 13:56:21', ''),
	(1519, 1, 167, 1, '2011-01-06', '2011-01-07', '1', 'e459841', 'HP', '', NULL, '2011-01-04 08:47:35', '0', '1900-01-01 00:00:00', NULL),
	(1520, 1, 141, 1, '2011-01-06', '2011-01-07', '1', 'e459841', 'HP', '', NULL, '2011-01-04 08:48:43', '0', '1900-01-01 00:00:00', NULL),
	(1521, 1, 137, 1, '2011-01-06', '2011-01-07', '1', 'e459841', 'HP', '', NULL, '2011-01-04 08:49:03', '0', '1900-01-01 00:00:00', NULL),
	(1522, 2, 113, 1, '2011-01-04', '2011-01-04', '1', 'e466085', 'Smart-T', '', NULL, '2011-01-04 10:01:04', 'e677413', '2011-01-18 07:43:38', NULL),
	(1523, 2, 113, 1, '2011-01-10', '2011-01-31', '5', 'e390270', 'P411', '', NULL, '2011-01-04 14:19:40', 'e677413', '2011-01-18 07:43:28', ''),
	(1524, 1, 138, 1, '2011-01-05', '2011-01-11', '1', 'e334629', 'RFC', '', NULL, '2011-01-04 15:22:06', '0', '1900-01-01 00:00:00', NULL),
	(1525, 1, 138, 1, '2011-01-17', '2011-01-21', '5', 'e334629', 'RFC', '', NULL, '2011-01-04 15:24:10', 'e334629', '2011-01-13 11:29:38', ''),
	(1526, 1, 138, 1, '2011-01-24', '2011-01-26', '5', 'e334629', 'RFC', '', NULL, '2011-01-04 15:24:52', 'e334629', '2011-01-13 11:30:17', ''),
	(1527, 1, 138, 1, '2011-01-12', '2011-01-12', '5', 'e334629', 'RFC', '', NULL, '2011-01-04 15:26:35', '0', '1900-01-01 00:00:00', NULL),
	(1528, 1, 138, 1, '2011-01-13', '2011-01-14', '5', 'e334629', 'RFC', '', NULL, '2011-01-04 15:27:07', '0', '1900-01-01 00:00:00', NULL),
	(1529, 2, 118, 1, '2011-01-05', '2011-01-26', '5', 'e334629', 'RFC', '', NULL, '2011-01-05 07:50:39', 'e677413', '2011-01-18 07:43:05', NULL),
	(1530, 2, 170, 1, '2011-01-05', '2011-04-30', '5', 'e228392', 'HAPI DotMatrix', 'Reliability test', NULL, '2011-01-05 09:22:35', 'e228392', '2011-01-05 09:22:35', ''),
	(1531, 1, 141, 1, '2011-01-10', '2011-01-10', '1', 'e360230', 'Minnetonka', '', NULL, '2011-01-05 10:38:59', '0', '1900-01-01 00:00:00', NULL),
	(1532, 2, 120, 1, '2011-01-17', '2011-01-23', '1', 'e351667', 'SmartT enh. P 355', '', NULL, '2011-01-05 12:45:39', 'e677413', '2011-01-18 07:42:44', NULL),
	(1533, 1, 141, 1, '2011-01-11', '2011-01-19', '5', 'e275009', 'Moravia', '', NULL, '2011-01-06 08:14:13', '0', '1900-01-01 00:00:00', NULL),
	(1534, 1, 144, 1, '2011-01-06', '2011-01-06', '5', 'e436340', 'Kalibrace přístrojů', '', NULL, '2011-01-06 11:11:17', '0', '1900-01-01 00:00:00', NULL),
	(1535, 1, 144, 1, '2011-01-07', '2011-01-07', '1', 'e436340', 'Kalibrace přístrojů', '', NULL, '2011-01-06 11:16:46', '0', '1900-01-01 00:00:00', NULL),
	(1536, 1, 139, 1, '2011-01-07', '2011-01-10', '1', 'e371552', 'Ferolli NeXsys', '', NULL, '2011-01-06 16:38:27', '0', '1900-01-01 00:00:00', NULL),
	(1537, 1, 167, 1, '2011-01-10', '2011-01-19', '5', 'e275009', 'Moravia', '', NULL, '2011-01-10 09:36:34', '0', '1900-01-01 00:00:00', NULL),
	(1538, 2, 120, 1, '2011-01-24', '2011-01-31', '1', 'e351667', 'SmartT enh. P 355', '', NULL, '2011-01-11 10:44:19', 'e677413', '2011-01-18 07:42:53', NULL),
	(1539, 1, 139, 1, '2011-01-11', '2011-01-11', '1', 'e371552', 'Ferroli NeXsys', '', NULL, '2011-01-11 12:52:09', '0', '1900-01-01 00:00:00', NULL),
	(1540, 1, 139, 1, '2011-01-12', '2011-01-12', '5', 'e371552', 'Ferroli NeXsys', '', NULL, '2011-01-12 07:58:03', '0', '1900-01-01 00:00:00', NULL),
	(1541, 1, 144, 1, '2011-01-12', '2011-01-12', '5', 'e436340', 'Kalibrace přístrojů', '', NULL, '2011-01-12 08:35:52', '0', '1900-01-01 00:00:00', NULL),
	(1543, 1, 10, 1, '2011-01-13', '2011-01-17', '5', 'e355141', 'PB130', '', NULL, '2011-01-12 10:13:04', '0', '1900-01-01 00:00:00', NULL),
	(1544, 1, 142, 1, '2011-01-13', '2011-01-14', '5', 'e355140', 'S4962BF1001', 'Burst', NULL, '2011-01-13 13:47:19', '0', '1900-01-01 00:00:00', NULL),
	(1545, 1, 123, 1, '2011-01-03', '2011-02-28', '5', 'e324601', '709093 Goodman Mod.IFC', '', NULL, '2011-01-13 14:44:07', '0', '1900-01-01 00:00:00', NULL),
	(1546, 1, 142, 1, '2011-01-17', '2011-01-17', '5', 'e355140', 'S4962BF1004', 'Burst', NULL, '2011-01-17 07:25:37', '0', '1900-01-01 00:00:00', NULL),
	(1547, 1, 144, 1, '2011-01-17', '2011-01-18', '5', 'e436340', 'Kalibrace přístrojů', '', NULL, '2011-01-17 08:24:13', '0', '1900-01-01 00:00:00', NULL),
	(1548, 1, 10, 1, '2011-01-20', '2011-01-21', '5', 'e355141', 'PB130', '', NULL, '2011-01-17 13:32:28', 'e355141', '2011-01-19 08:22:51', ''),
	(1551, 1, 162, 1, '2011-01-01', '2011-03-31', '5', 'e459841', 'HP', '', NULL, '2011-01-18 13:37:12', '0', '1900-01-01 00:00:00', NULL),
	(1552, 1, 163, 1, '2011-01-17', '2011-02-28', '5', 'e360232', 'Gastep', '', NULL, '2011-01-18 13:46:59', '0', '1900-01-01 00:00:00', NULL),
	(1554, 1, 144, 1, '2011-01-20', '2011-01-20', '5', 'e436340', 'Kalibrace přístrojů', '', NULL, '2011-01-18 16:00:10', '0', '1900-01-01 00:00:00', NULL),
	(1555, 1, 122, 1, '2011-01-19', '2011-01-21', '5', 'e205003', 'Light Switch', '', NULL, '2011-01-19 08:36:05', '0', '1900-01-01 00:00:00', NULL),
	(1557, 1, 141, 1, '2011-01-20', '2011-01-21', '1', 'e360230', 'Minnetonka', '', NULL, '2011-01-19 10:09:22', '0', '1900-01-01 00:00:00', NULL),
	(1558, 1, 145, 1, '2011-01-19', '2011-01-19', '1', 'e244216', '706175', 'Flip Flop Check - 10:30 - 11:00.', NULL, '2011-01-19 10:12:15', '0', '1900-01-01 00:00:00', NULL),
	(1559, 1, 10, 1, '2011-01-24', '2011-01-27', '1', 'e198806', 'Delta IAQ Totaline', '', NULL, '2011-01-19 10:50:05', '0', '1900-01-01 00:00:00', NULL),
	(1560, 1, 167, 1, '2011-01-20', '2011-01-21', '5', 'e459841', 'HP', '', NULL, '2011-01-20 08:17:02', '0', '1900-01-01 00:00:00', NULL),
	(1561, 1, 115, 1, '2011-01-19', '2011-01-21', '5', 'e459841', 'HP', '', NULL, '2011-01-20 08:18:06', '0', '1900-01-01 00:00:00', NULL),
	(1563, 1, 125, 1, '2011-01-20', '2011-02-17', '5', 'e436340', 'Oprava', '', NULL, '2011-01-20 09:22:07', '0', '1900-01-01 00:00:00', NULL),
	(1564, 1, 116, 1, '2011-01-20', '2011-02-17', '5', 'e436340', 'Kalibrace', '', NULL, '2011-01-20 12:22:01', '0', '1900-01-01 00:00:00', NULL),
	(1565, 1, 161, 1, '2011-02-01', '2011-02-11', '5', 'e324601', '709093 Goodman Mod. IFC', '', NULL, '2011-01-20 13:53:20', '0', '1900-01-01 00:00:00', NULL),
	(1566, 2, 4, 1, '2011-04-01', '2011-04-15', '5', 'e476520', 'HSI Power Vent ', '', NULL, '2011-01-21 07:40:17', 'e324601', '2011-01-21 08:16:54', NULL),
	(1567, 2, 136, 1, '2011-03-01', '2011-03-13', '2', 'e476520', 'HSI Power Vent ', '', NULL, '2011-01-21 07:43:08', 'e275009', '2011-03-02 14:10:16', NULL),
	(1568, 1, 161, 1, '2011-02-14', '2011-02-28', '1', 'e476520', 'HSI Power Vent ', '', NULL, '2011-01-21 07:57:22', '0', '1900-01-01 00:00:00', NULL),
	(1569, 1, 140, 1, '2011-01-24', '2011-01-24', '1', 'e407719', 'IFC Goodman', '', NULL, '2011-01-24 10:05:38', '0', '1900-01-01 00:00:00', NULL),
	(1570, 1, 122, 1, '2011-01-24', '2011-01-28', '5', 'e205003', 'light and switch', '', NULL, '2011-01-24 11:38:54', '0', '1900-01-01 00:00:00', NULL),
	(1571, 1, 144, 1, '2011-01-24', '2011-01-26', '5', 'e436340', 'Kalibrace přístrojů', '', NULL, '2011-01-24 15:27:20', '0', '1900-01-01 00:00:00', NULL),
	(1572, 1, 140, 1, '2011-01-25', '2011-01-26', '1', 'e436340', 'Oprava SW', '', NULL, '2011-01-24 15:31:02', 'e436340', '2011-01-24 15:31:44', ''),
	(1573, 1, 145, 1, '2011-01-25', '2011-01-26', '1', 'e436340', 'Oprava SW', '', NULL, '2011-01-24 15:32:24', '0', '1900-01-01 00:00:00', NULL),
	(1574, 1, 141, 1, '2011-01-26', '2011-02-02', '5', 'e275009', 'Moravia', '', NULL, '2011-01-25 09:35:30', '0', '1900-01-01 00:00:00', NULL),
	(1575, 1, 167, 1, '2011-01-26', '2011-02-02', '5', 'e275009', 'Moravia', '', NULL, '2011-01-25 09:36:05', '0', '1900-01-01 00:00:00', NULL),
	(1576, 1, 115, 1, '2011-01-24', '2011-01-26', '5', 'e459841', 'HP', '', NULL, '2011-01-25 14:52:39', '0', '1900-01-01 00:00:00', NULL),
	(1577, 1, 138, 1, '2011-01-31', '2011-02-04', '5', 'e334629', 'RFC', 'Trhačka bude v labu HomesEU', NULL, '2011-01-28 08:49:20', '0', '1900-01-01 00:00:00', NULL),
	(1578, 1, 122, 1, '2011-01-29', '2011-02-04', '5', 'e360232', 'BC1000', '', NULL, '2011-01-28 09:50:25', '0', '1900-01-01 00:00:00', NULL),
	(1579, 2, 6, 1, '2011-03-07', '2011-06-06', '5', 'e459841', 'HP ', '', NULL, '2011-01-28 09:50:54', 'e324601', '2011-01-28 11:22:02', NULL),
	(1581, 2, 128, 1, '2011-04-01', '2011-04-30', '5', 'e324601', '704415 Asic Replacement', '', NULL, '2011-01-28 10:08:38', 'e324601', '2011-01-28 10:08:38', ''),
	(1582, 1, 138, 1, '2011-02-07', '2011-02-11', '1', 'e332375', 'L&S', '', NULL, '2011-01-28 15:12:04', '0', '1900-01-01 00:00:00', NULL),
	(1583, 1, 117, 1, '2011-02-01', '2011-02-01', '1', 'e324601', '704415 P7810 ASIC Replacement', '', NULL, '2011-01-31 07:02:06', '0', '1900-01-01 00:00:00', NULL),
	(1584, 2, 5, 1, '2011-02-01', '2011-03-31', '5', 'e436143', 'SHC - Lifetime test', '', NULL, '2011-01-31 09:00:33', 'e677413', '2011-02-10 06:45:18', NULL),
	(1585, 1, 116, 1, '2011-02-18', '2011-02-28', '1', 'e436340', 'Kalibrace', '', NULL, '2011-01-31 09:12:35', '0', '1900-01-01 00:00:00', NULL),
	(1586, 1, 117, 1, '2011-02-07', '2011-02-28', '1', 'e324601', '704415 P7810 ASIC Replacement ', '', NULL, '2011-02-01 08:38:00', '0', '1900-01-01 00:00:00', NULL),
	(1587, 2, 114, 1, '2011-03-01', '2011-03-31', '5', 'e315193', '703721 slow open.', '', NULL, '2011-02-01 08:40:33', 'e324601', '2011-02-07 15:33:37', NULL),
	(1589, 2, 118, 1, '2011-02-02', '2011-02-15', '5', 'e504738', 'Thera 4', 'Prerusit to s komplikacemi lze...', NULL, '2011-02-02 12:30:48', 'e677413', '2011-02-10 06:42:32', NULL),
	(1590, 2, 136, 1, '2011-03-14', '2011-03-31', '5', 'e355140', 'Vulcano', '', NULL, '2011-02-02 13:56:38', 'e275009', '2011-02-03 05:57:58', NULL),
	(1591, 1, 10, 1, '2011-02-01', '2011-02-28', '5', 'e332375', 'L&S panel', '', NULL, '2011-02-02 14:09:31', '0', '1900-01-01 00:00:00', NULL),
	(1592, 1, 141, 1, '2011-02-03', '2011-02-25', '5', 'e335886', 'Sylk', '', NULL, '2011-02-03 09:40:39', '0', '1900-01-01 00:00:00', NULL),
	(1593, 1, 167, 1, '2011-02-03', '2011-02-25', '5', 'e335886', 'Sylk', '', NULL, '2011-02-03 09:45:59', '0', '1900-01-01 00:00:00', NULL),
	(1594, 1, 145, 1, '2011-02-04', '2011-02-04', '1', 'e436340', 'Oprava SW', '', NULL, '2011-02-03 16:59:56', '0', '1900-01-01 00:00:00', NULL),
	(1595, 1, 140, 1, '2011-02-04', '2011-02-04', '1', 'e436340', 'Oprava SW', '', NULL, '2011-02-03 17:00:43', '0', '1900-01-01 00:00:00', NULL),
	(1598, 1, 144, 1, '2011-02-08', '2011-02-09', '1', 'e287628', 'AERO  ETS  Portable calibration device design', 'overall device overview & testing lab reservation system', NULL, '2011-02-04 09:33:52', '0', '1900-01-01 00:00:00', NULL),
	(1600, 1, 122, 1, '2011-02-07', '2011-02-11', '5', 'e355141', 'Delta IAQ Totaline - EFT', '', NULL, '2011-02-07 11:59:48', '0', '1900-01-01 00:00:00', NULL),
	(1601, 1, 115, 1, '2011-02-07', '2011-02-11', '5', 'e459841', 'Nexys Ferolli', '', NULL, '2011-02-07 13:23:20', '0', '1900-01-01 00:00:00', NULL),
	(1603, 1, 10, 1, '2011-03-01', '2011-03-18', '5', 'e332375', 'L&S', '', NULL, '2011-02-08 07:21:11', '0', '1900-01-01 00:00:00', NULL),
	(1604, 1, 9, 1, '2011-02-15', '2011-02-18', '1', 'e332375', 'L&S', '', NULL, '2011-02-08 07:51:39', '0', '1900-01-01 00:00:00', NULL),
	(1606, 1, 115, 1, '2011-02-14', '2011-02-16', '1', 'e324601', '709093 Goodman Mod. IFC', '', NULL, '2011-02-08 12:04:38', '0', '1900-01-01 00:00:00', NULL),
	(1608, 2, 119, 1, '2011-03-01', '2011-03-11', '5', 'e493531', 'North Star', '', NULL, '2011-02-08 17:48:08', 'e275009', '2011-02-09 08:43:19', NULL),
	(1609, 2, 119, 1, '2011-04-25', '2012-04-17', '5', 'e493531', 'North Star', '', NULL, '2011-02-09 12:26:39', 'e275009', '2011-02-09 13:24:08', NULL),
	(1610, 1, 169, 1, '2011-02-09', '2011-02-26', '5', 'e410697', 'Kalibrace', '', NULL, '2011-02-09 14:07:10', '0', '1900-01-01 00:00:00', NULL),
	(1612, 1, 161, 1, '2011-03-01', '2011-03-04', '5', 'e205003', 'EMEA Combustion, experimental vibration, coils on PCB', '', NULL, '2011-02-09 14:43:00', '0', '1900-01-01 00:00:00', NULL),
	(1613, 2, 120, 1, '2011-02-10', '2011-02-28', '1', 'e677413', 'cobra', '', NULL, '2011-02-10 06:49:27', 'e677413', '2011-02-10 06:49:27', ''),
	(1614, 2, 4, 1, '2011-04-16', '2011-06-10', '5', 'e476520', 'HSI Device Life Test', '', NULL, '2011-02-10 08:31:38', 'e324601', '2011-02-10 08:40:57', NULL),
	(1615, 2, 170, 1, '2011-05-01', '2011-07-31', '5', 'e360232', 'GASTEP', '', NULL, '2011-02-10 09:49:05', 'e228392', '2011-02-10 09:52:49', NULL),
	(1616, 2, 119, 1, '2011-05-02', '2011-06-02', '5', 'e493531', 'NorthStar', '', NULL, '2011-02-10 11:49:16', 'e275009', '2011-02-14 06:44:33', NULL),
	(1618, 1, 9, 1, '2011-02-21', '2011-02-25', '5', 'e525130', '704415', '', NULL, '2011-02-11 10:13:22', '0', '1900-01-01 00:00:00', NULL),
	(1621, 1, 161, 1, '2011-03-07', '2011-03-18', '5', 'e476520', 'HSI', '', NULL, '2011-02-11 17:25:24', '0', '1900-01-01 00:00:00', NULL),
	(1622, 1, 138, 1, '2011-02-15', '2011-02-15', '1', 'e334629', 'KOMBI PRO', '', NULL, '2011-02-14 10:31:03', '0', '1900-01-01 00:00:00', NULL),
	(1623, 1, 130, 1, '2011-02-16', '2011-02-18', '1', 'e355140', 'Ferroli NeXsys', '', NULL, '2011-02-15 08:35:47', '0', '1900-01-01 00:00:00', NULL),
	(1624, 1, 142, 1, '2011-02-15', '2011-02-18', '5', 'e355140', 'Ferroli NeXsys', '', NULL, '2011-02-15 08:36:50', '0', '1900-01-01 00:00:00', NULL),
	(1625, 1, 138, 1, '2011-02-28', '2011-03-01', '1', 'e208518', 'BA195', '', NULL, '2011-02-15 11:02:59', '0', '1900-01-01 00:00:00', NULL),
	(1626, 2, 136, 1, '2011-04-01', '2011-04-30', '5', 'e360232', 'Gastep', '', NULL, '2011-02-16 11:01:22', 'e275009', '2011-02-16 13:22:00', NULL),
	(1627, 1, 122, 1, '2011-02-19', '2011-02-28', '5', 'e476520', 'HSI', '', NULL, '2011-02-17 08:38:57', '0', '1900-01-01 00:00:00', NULL),
	(1628, 1, 12, 1, '2011-02-17', '2011-02-18', '5', 'e335886', 'Sylk', '', NULL, '2011-02-17 09:40:17', '0', '1900-01-01 00:00:00', NULL),
	(1630, 1, 138, 1, '2011-02-23', '2011-02-24', '1', 'e331228', '3510', '', NULL, '2011-02-18 12:51:21', '0', '1900-01-01 00:00:00', NULL),
	(1631, 1, 142, 1, '2011-02-21', '2011-02-21', '5', 'e355140', 'NeXsys Feffoli', '', NULL, '2011-02-21 07:30:15', '0', '1900-01-01 00:00:00', NULL),
	(1632, 1, 140, 1, '2011-02-21', '2011-02-22', '5', 'e228392', 'HAPI DotMatrix', '', NULL, '2011-02-21 08:22:20', '0', '1900-01-01 00:00:00', NULL),
	(1634, 1, 12, 1, '2011-02-21', '2011-02-25', '5', 'e335886', 'Sylk', '', NULL, '2011-02-21 10:11:48', '0', '1900-01-01 00:00:00', NULL),
	(1635, 1, 115, 1, '2011-02-21', '2011-02-25', '1', 'e324601', '709093 Goodman Mod. IFC', '', NULL, '2011-02-21 11:59:37', '0', '1900-01-01 00:00:00', NULL),
	(1636, 1, 140, 1, '2011-02-23', '2011-02-24', '5', 'e310561', 'HTT', 'muzeme si pujcit termo kameru na mereni do htt labu?', NULL, '2011-02-21 15:43:20', '0', '1900-01-01 00:00:00', NULL),
	(1637, 1, 141, 1, '2011-02-22', '2011-02-28', '5', 'e332375', 'L&S switch', '', NULL, '2011-02-22 07:56:28', '0', '1900-01-01 00:00:00', NULL),
	(1638, 1, 138, 1, '2011-03-02', '2011-03-04', '1', 'e332375', 'L&S', '', NULL, '2011-02-22 13:34:18', '0', '1900-01-01 00:00:00', NULL),
	(1639, 1, 142, 1, '2011-02-23', '2011-02-23', '5', 'e355140', 'Heat pump', '', NULL, '2011-02-22 15:54:01', '0', '1900-01-01 00:00:00', NULL),
	(1640, 1, 117, 1, '2011-03-01', '2011-03-18', '5', 'e275009', 'Moravia', '', NULL, '2011-02-23 10:15:23', '0', '1900-01-01 00:00:00', NULL),
	(1641, 1, 167, 1, '2011-03-01', '2011-03-18', '5', 'e275009', 'Moravia', '', NULL, '2011-02-23 10:16:48', '0', '1900-01-01 00:00:00', NULL),
	(1642, 1, 122, 1, '2011-03-01', '2011-03-25', '5', 'e476520', 'HSI', '', NULL, '2011-02-23 10:38:51', '0', '1900-01-01 00:00:00', NULL),
	(1643, 1, 168, 1, '2011-02-23', '2011-03-18', '5', 'e476520', 'HSI', '', NULL, '2011-02-23 10:42:48', '0', '1900-01-01 00:00:00', NULL),
	(1644, 1, 9, 1, '2011-02-28', '2011-03-04', '5', 'e476520', 'Goodman', '', NULL, '2011-02-23 10:44:20', '0', '1900-01-01 00:00:00', NULL),
	(1645, 1, 141, 1, '2011-03-01', '2011-03-25', '5', 'e476520', 'HSI', '', NULL, '2011-02-23 10:51:17', '0', '1900-01-01 00:00:00', NULL),
	(1647, 1, 142, 1, '2011-02-24', '2011-02-25', '5', 'e459841', 'HP', '', NULL, '2011-02-23 16:17:31', '0', '1900-01-01 00:00:00', NULL),
	(1649, 1, 138, 1, '2011-02-25', '2011-02-25', '1', 'e334629', 'KOMBI PRO', '', NULL, '2011-02-24 08:50:35', '0', '1900-01-01 00:00:00', NULL),
	(1650, 2, 118, 1, '2011-02-25', '2011-03-18', '5', 'e334629', 'Kombi pro', '', NULL, '2011-02-24 08:53:36', 'e677413', '2011-02-24 09:09:25', NULL),
	(1651, 2, 121, 1, '2011-04-14', '2011-04-28', '5', 'e493531', 'North Star', '', NULL, '2011-02-24 09:28:42', 'e275009', '2011-02-24 13:04:53', NULL),
	(1652, 1, 130, 1, '2011-03-01', '2011-03-11', '5', 'e335886', 'Sylk', '', NULL, '2011-02-25 06:51:46', '0', '1900-01-01 00:00:00', NULL),
	(1653, 1, 12, 1, '2011-03-01', '2011-03-11', '5', 'e335886', 'Sylk', '', NULL, '2011-02-25 07:08:28', '0', '1900-01-01 00:00:00', NULL),
	(1654, 1, 123, 1, '2011-03-01', '2011-03-04', '5', 'e244207', 'Sirocco', '', NULL, '2011-02-25 14:11:45', '0', '1900-01-01 00:00:00', NULL),
	(1655, 1, 163, 1, '2011-03-01', '2011-05-31', '5', 'e360232', 'Gastep', '', NULL, '2011-02-28 10:51:56', '0', '1900-01-01 00:00:00', NULL),
	(1656, 1, 11, 1, '2011-03-01', '2011-03-04', '5', 'e335886', 'Sylk', '', NULL, '2011-03-01 08:18:37', '0', '1900-01-01 00:00:00', NULL),
	(1657, 1, 11, 1, '2011-03-07', '2011-03-10', '5', 'e525130', '704415', '', NULL, '2011-03-02 08:43:05', '0', '1900-01-01 00:00:00', NULL),
	(1658, 1, 115, 1, '2011-03-02', '2011-03-04', '1', 'e324601', '709093 Goodman IFC', '', NULL, '2011-03-02 09:03:29', '0', '1900-01-01 00:00:00', NULL),
	(1659, 2, 121, 1, '2011-03-08', '2011-04-13', '5', 'e493531', 'North Star', '', NULL, '2011-03-03 08:21:09', 'e275009', '2011-03-03 08:23:21', NULL),
	(1660, 1, 169, 1, '2011-03-03', '2011-03-27', '5', 'e410697', 'Kalibrace', '', NULL, '2011-03-03 10:54:36', 'e410697', '2011-03-17 08:21:03', ''),
	(1661, 1, 123, 1, '2011-03-07', '2011-03-10', '5', 'e525130', '704415', 'maybe only two days', NULL, '2011-03-03 11:21:40', '0', '1900-01-01 00:00:00', NULL),
	(1664, 1, 167, 1, '2011-04-18', '2011-05-04', '5', 'e525130', '708659', '', NULL, '2011-03-03 12:34:44', '0', '1900-01-01 00:00:00', NULL),
	(1666, 2, 128, 1, '2011-05-02', '2011-05-18', '5', 'e525130', '708659', '', NULL, '2011-03-03 14:35:02', 'e324601', '2011-04-29 14:00:40', NULL),
	(1667, 2, 120, 1, '2011-03-07', '2011-03-11', '2', 'e355140', 'NeXsys Baltur', 'Climatic tests', NULL, '2011-03-04 08:42:29', 'e677413', '2011-03-24 07:36:43', NULL),
	(1668, 1, 161, 1, '2011-03-19', '2011-03-26', '5', 'e476520', 'HSI', '', NULL, '2011-03-04 09:04:55', '0', '1900-01-01 00:00:00', NULL),
	(1670, 1, 122, 1, '2011-03-26', '2011-03-31', '5', 'e476520', 'HSI', '', NULL, '2011-03-07 08:24:13', '0', '1900-01-01 00:00:00', NULL),
	(1671, 1, 138, 1, '2011-03-09', '2011-03-10', '5', 'e334629', 'RFC', '', NULL, '2011-03-07 10:15:02', '0', '1900-01-01 00:00:00', NULL),
	(1672, 1, 115, 1, '2011-03-08', '2011-03-10', '5', 'e360232', 'DT90', '', NULL, '2011-03-07 11:07:28', '0', '1900-01-01 00:00:00', NULL),
	(1674, 1, 10, 1, '2011-03-21', '2011-04-20', '5', 'e332375', 'L&S', '', NULL, '2011-03-09 09:43:31', '0', '1900-01-01 00:00:00', NULL),
	(1676, 1, 130, 1, '2011-03-14', '2011-03-31', '5', 'e332375', 'L&S', '', NULL, '2011-03-10 07:21:36', '0', '1900-01-01 00:00:00', NULL),
	(1679, 1, 138, 1, '2011-03-11', '2011-03-11', '1', 'e334629', 'RFC', '', NULL, '2011-03-10 14:09:03', '0', '1900-01-01 00:00:00', NULL),
	(1680, 1, 11, 1, '2011-03-14', '2011-03-15', '5', 'e335886', 'Sylk', '', NULL, '2011-03-14 07:16:29', '0', '1900-01-01 00:00:00', NULL),
	(1681, 2, 119, 1, '2011-03-14', '2011-03-15', '5', 'e355140', 'NeXsys Ferroli', '', NULL, '2011-03-14 07:51:12', 'e275009', '2011-03-14 08:11:57', NULL),
	(1682, 1, 115, 1, '2011-03-14', '2011-03-16', '5', 'e402838', 'Common mode issue', '', NULL, '2011-03-14 08:08:35', '0', '1900-01-01 00:00:00', NULL),
	(1683, 1, 140, 1, '2011-03-15', '2011-03-18', '5', 'e335886', 'Sylk', '', NULL, '2011-03-15 10:36:03', '0', '1900-01-01 00:00:00', NULL),
	(1685, 1, 139, 1, '2011-03-17', '2011-03-17', '1', 'e371561', 'VE/CE - 171 (T7560 wall module)', '', NULL, '2011-03-16 10:28:34', '0', '1900-01-01 00:00:00', NULL),
	(1686, 1, 125, 1, '2011-03-17', '2011-03-31', '5', 'e436340', 'Oprava', '', NULL, '2011-03-17 09:41:44', '0', '1900-01-01 00:00:00', NULL),
	(1688, 1, 115, 1, '2011-03-22', '2011-03-23', '5', 'e459841', 'HP - biblock', '', NULL, '2011-03-18 08:04:15', '0', '1900-01-01 00:00:00', NULL),
	(1689, 2, 6, 1, '2011-06-07', '2011-06-20', '5', 'e459841', 'HP - triac test', '', NULL, '2011-03-18 08:08:18', 'e324601', '2011-03-18 09:49:03', NULL),
	(1690, 2, 120, 1, '2011-03-18', '2011-03-25', '5', 'e335886', 'Sylk', '', NULL, '2011-03-18 08:53:06', 'e677413', '2011-03-24 07:36:52', NULL),
	(1691, 2, 118, 1, '2011-03-21', '2011-04-01', '5', 'e334629', 'CAPRI', '', NULL, '2011-03-18 13:40:27', 'e677413', '2011-03-18 14:07:44', NULL),
	(1692, 1, 168, 1, '2011-03-19', '2011-03-27', '5', 'e476520', 'HSI', '', NULL, '2011-03-21 09:12:35', '0', '1900-01-01 00:00:00', NULL),
	(1693, 2, 119, 1, '2011-03-22', '2011-03-25', '5', 'e275009', 'Moravia', '', NULL, '2011-03-21 09:46:07', 'e275009', '2011-03-21 09:46:07', ''),
	(1694, 2, 119, 1, '2011-04-18', '2011-04-22', '1', 'e293807', 'Zephyr', '', NULL, '2011-03-21 09:48:25', 'e275009', '2011-03-21 09:49:35', NULL),
	(1695, 2, 121, 1, '2011-04-29', '2011-05-14', '5', 'e293807', 'Zephyr', '', NULL, '2011-03-21 09:49:31', 'e275009', '2011-03-21 10:07:08', NULL),
	(1696, 2, 118, 1, '2011-04-04', '2011-04-15', '5', 'e275009', 'Moravia', '', NULL, '2011-03-21 13:59:35', 'e677413', '2011-03-24 07:35:38', NULL),
	(1697, 1, 123, 1, '2011-03-22', '2011-03-25', '5', 'e355140', 'Surge issue', '', NULL, '2011-03-21 15:09:06', '0', '1900-01-01 00:00:00', NULL),
	(1698, 1, 169, 1, '2011-03-23', '2011-03-28', '1', 'e411049', '602258 Maintenance Controls MCBA', '', NULL, '2011-03-22 15:46:21', '0', '1900-01-01 00:00:00', NULL),
	(1699, 1, 115, 1, '2011-03-24', '2011-03-25', '5', 'e459841', 'Biblock', '', NULL, '2011-03-23 07:15:10', '0', '1900-01-01 00:00:00', NULL),
	(1700, 1, 172, 1, '2011-03-23', '2011-03-28', '5', 'e355140', 'MCBA', '', NULL, '2011-03-23 08:17:45', '0', '1900-01-01 00:00:00', NULL),
	(1702, 2, 113, 1, '2011-03-24', '2011-04-30', '5', 'e677413', 'Cobra', '', NULL, '2011-03-24 07:53:28', 'e677413', '2011-03-24 07:53:28', ''),
	(1703, 1, 140, 1, '2011-03-24', '2011-03-25', '5', 'e402838', 'MaXsys', '', NULL, '2011-03-24 11:47:30', '0', '1900-01-01 00:00:00', NULL),
	(1704, 1, 161, 1, '2011-03-24', '2011-03-31', '5', 'e205003', 'Gastep, Vaillant Crouzet project', '', NULL, '2011-03-24 12:48:49', '0', '1900-01-01 00:00:00', NULL),
	(1706, 1, 140, 1, '2011-03-28', '2011-03-29', '5', 'e402838', 'MaXsys', '', NULL, '2011-03-28 07:16:37', '0', '1900-01-01 00:00:00', NULL),
	(1707, 2, 119, 1, '2011-03-29', '2011-04-01', '5', 'e334629', 'RFC', '', NULL, '2011-03-28 07:27:42', 'e275009', '2011-03-28 07:28:53', NULL),
	(1708, 1, 141, 1, '2011-03-28', '2011-03-30', '5', 'e355141', 'Poquime', '', NULL, '2011-03-28 09:07:11', '0', '1900-01-01 00:00:00', NULL),
	(1709, 1, 125, 1, '2011-04-01', '2011-04-15', '5', 'e355140', 'NeXsys and surge test', '', NULL, '2011-03-28 09:39:49', '0', '1900-01-01 00:00:00', NULL),
	(1710, 1, 149, 1, '2011-03-28', '2011-04-08', '5', 'e275009', 'Moravia', '', NULL, '2011-03-28 09:42:10', '0', '1900-01-01 00:00:00', NULL),
	(1711, 1, 123, 1, '2011-03-28', '2011-03-31', '5', 'e355140', 'Surge test', '', NULL, '2011-03-28 10:32:13', '0', '1900-01-01 00:00:00', NULL),
	(1713, 1, 141, 1, '2011-04-01', '2011-04-08', '5', 'e335886', 'Sylk', '', NULL, '2011-03-29 07:57:22', '0', '1900-01-01 00:00:00', NULL),
	(1714, 1, 167, 1, '2011-04-01', '2011-04-08', '5', 'e335886', 'Sylk', '', NULL, '2011-03-29 07:57:49', '0', '1900-01-01 00:00:00', NULL),
	(1716, 1, 131, 1, '2011-03-29', '2011-04-04', '1', 'e411049', 'MCBA', 'Business trip to Belgium', NULL, '2011-03-29 14:36:17', '0', '1900-01-01 00:00:00', NULL),
	(1717, 1, 115, 1, '2011-03-30', '2011-03-31', '5', 'e459841', 'HP biblock', '', NULL, '2011-03-29 14:54:08', '0', '1900-01-01 00:00:00', NULL),
	(1718, 1, 125, 1, '2011-03-30', '2011-03-31', '5', 'e360232', 'Vulcano', '', NULL, '2011-03-30 11:05:54', '0', '1900-01-01 00:00:00', NULL),
	(1720, 1, 123, 1, '2011-04-01', '2011-04-04', '5', 'e360232', 'Vulcano', '', NULL, '2011-03-30 11:24:09', '0', '1900-01-01 00:00:00', NULL),
	(1721, 1, 141, 1, '2011-03-31', '2011-03-31', '1', 'e355141', 'Poquime - E-Field', '', NULL, '2011-03-31 07:27:45', '0', '1900-01-01 00:00:00', NULL),
	(1722, 2, 119, 1, '2011-04-02', '2011-04-15', '5', 'e390270', 'AC-00000856 CVI maintenance', '', NULL, '2011-03-31 11:00:05', 'e275009', '2011-03-31 11:09:52', NULL),
	(1726, 1, 130, 1, '2011-04-11', '2011-04-15', '5', 'e332375', 'L&S', '', NULL, '2011-04-05 06:26:44', '0', '1900-01-01 00:00:00', NULL),
	(1729, 2, 128, 1, '2011-05-19', '2011-05-27', '5', 'e525130', '708659', 'Humidity, Condensation, Termal shock', NULL, '2011-04-05 09:27:04', 'e324601', '2011-05-03 14:08:39', NULL),
	(1730, 1, 169, 1, '2011-04-06', '2011-04-13', '1', 'e411049', 'Maintenance control MCBA', '', NULL, '2011-04-05 09:52:44', '0', '1900-01-01 00:00:00', NULL),
	(1731, 1, 115, 1, '2011-04-05', '2011-04-05', '5', 'e459841', 'HP', '', NULL, '2011-04-05 10:19:03', '0', '1900-01-01 00:00:00', NULL),
	(1732, 1, 115, 1, '2011-04-06', '2011-04-15', '1', 'e411049', 'maintenance control MCBA', '', NULL, '2011-04-05 10:20:30', '0', '1900-01-01 00:00:00', NULL),
	(1735, 1, 168, 1, '2011-04-05', '2011-04-05', '5', 'e355141', 'Poquime', '', NULL, '2011-04-05 12:22:18', '0', '1900-01-01 00:00:00', NULL),
	(1736, 1, 168, 1, '2011-04-06', '2011-04-06', '1', 'e355141', 'Poquime', '', NULL, '2011-04-05 12:23:17', '0', '1900-01-01 00:00:00', NULL),
	(1737, 1, 123, 1, '2011-04-06', '2011-04-08', '5', 'e275009', 'Minetonka', '', NULL, '2011-04-06 07:17:20', '0', '1900-01-01 00:00:00', NULL),
	(1739, 1, 117, 1, '2011-04-11', '2011-04-15', '5', 'e332375', 'L&S', '', NULL, '2011-04-06 10:17:23', '0', '1900-01-01 00:00:00', NULL),
	(1740, 1, 168, 1, '2011-04-11', '2011-04-15', '5', 'e332375', 'L&S', '', NULL, '2011-04-06 10:17:53', '0', '1900-01-01 00:00:00', NULL),
	(1741, 1, 117, 1, '2011-04-06', '2011-04-07', '5', 'e355141', 'Poquime', '', NULL, '2011-04-06 10:27:05', '0', '1900-01-01 00:00:00', NULL),
	(1742, 1, 168, 1, '2011-04-07', '2011-04-07', '5', 'e355141', 'Poquime', '', NULL, '2011-04-06 10:28:33', '0', '1900-01-01 00:00:00', NULL),
	(1744, 1, 140, 1, '2011-04-07', '2011-04-08', '5', 'e355140', 'Ferroli NeXsys', '', NULL, '2011-04-07 08:15:55', '0', '1900-01-01 00:00:00', NULL),
	(1749, 1, 117, 1, '2011-04-08', '2011-04-08', '5', 'e355141', 'Paquime', '', NULL, '2011-04-08 06:52:07', '0', '1900-01-01 00:00:00', NULL),
	(1750, 1, 138, 1, '2011-04-11', '2011-04-12', '1', 'e532734', 'Capri', '', NULL, '2011-04-08 07:36:03', '0', '1900-01-01 00:00:00', NULL),
	(1751, 1, 161, 1, '2011-04-08', '2011-04-08', '5', 'e205003', 'Vibration, pack', 'VK4105G1138G duplicate failure mode (transportation ..?)', NULL, '2011-04-08 10:53:09', '0', '1900-01-01 00:00:00', NULL),
	(1752, 1, 161, 1, '2011-04-11', '2011-04-15', '5', 'e205003', 'Gastep 4, Vaillant field issue', '', NULL, '2011-04-11 09:00:10', '0', '1900-01-01 00:00:00', NULL),
	(1753, 2, 4, 1, '2011-06-11', '2011-07-31', '5', 'e332375', 'AOS', '', NULL, '2011-04-11 14:50:21', 'e324601', '2011-06-01 07:48:30', NULL),
	(1756, 1, 138, 1, '2011-05-05', '2011-05-06', '1', 'e208518', 'CA295', '', NULL, '2011-04-14 11:46:22', '0', '1900-01-01 00:00:00', NULL),
	(1757, 1, 115, 1, '2011-04-18', '2011-04-22', '5', 'e411049', 'Maintenance control MCBA', '', NULL, '2011-04-15 08:15:07', '0', '1900-01-01 00:00:00', NULL),
	(1758, 1, 169, 1, '2011-04-18', '2011-04-22', '5', 'e411049', 'Maintenance control MCBA', '', NULL, '2011-04-15 08:15:40', '0', '1900-01-01 00:00:00', NULL),
	(1759, 1, 125, 1, '2011-04-18', '2011-04-22', '5', 'e355140', 'Ferroli NeXsys', '', NULL, '2011-04-18 07:16:07', '0', '1900-01-01 00:00:00', NULL),
	(1760, 1, 123, 1, '2011-04-18', '2011-04-22', '5', 'e275009', 'Minnetonka', '', NULL, '2011-04-18 09:00:42', '0', '1900-01-01 00:00:00', NULL),
	(1761, 1, 167, 1, '2011-04-20', '2011-04-22', '5', 'e335886', 'Sylk', '', NULL, '2011-04-20 14:25:18', '0', '1900-01-01 00:00:00', NULL),
	(1762, 1, 141, 1, '2011-04-20', '2011-04-22', '5', 'e335886', 'Sylk', '', NULL, '2011-04-20 14:25:57', '0', '1900-01-01 00:00:00', NULL),
	(1763, 1, 116, 1, '2011-04-25', '2011-04-29', '5', 'e335886', 'Sylk', '', NULL, '2011-04-20 14:27:36', '0', '1900-01-01 00:00:00', NULL),
	(1764, 1, 115, 1, '2011-04-25', '2011-05-06', '5', 'e228392', 'MCBA sparking trafo', '', NULL, '2011-04-21 14:43:38', '0', '1900-01-01 00:00:00', NULL),
	(1765, 1, 138, 1, '2011-04-22', '2011-04-22', '1', 'e344762', '701225', '', NULL, '2011-04-22 10:05:10', '0', '1900-01-01 00:00:00', NULL),
	(1766, 2, 136, 1, '2011-05-02', '2011-06-03', '5', 'e493531', 'North Star', '', NULL, '2011-04-22 15:29:21', 'e275009', '2011-04-26 06:05:42', NULL),
	(1767, 1, 115, 1, '2011-05-09', '2011-05-13', '5', 'e355140', 'Ferroli NeXsys', '', NULL, '2011-04-27 07:06:10', 'e355140', '2011-04-27 07:06:26', ''),
	(1768, 1, 116, 1, '2011-05-01', '2011-05-29', '5', 'e332375', 'SV', '', NULL, '2011-04-27 07:32:02', '0', '1900-01-01 00:00:00', NULL),
	(1769, 2, 128, 1, '2011-05-28', '2011-06-30', '5', 'e332375', 'SV', '', NULL, '2011-04-27 07:34:45', 'e324601', '2011-04-27 10:09:23', NULL),
	(1770, 2, 124, 1, '2011-05-31', '2011-06-30', '5', 'e525130', '708659', '', NULL, '2011-04-27 10:16:19', 'e324601', '2011-04-27 10:18:34', NULL),
	(1775, 1, 123, 1, '2011-05-23', '2011-05-27', '5', 'e525130', '708659', '', NULL, '2011-04-27 10:32:55', '0', '1900-01-01 00:00:00', NULL),
	(1776, 1, 168, 1, '2011-06-17', '2011-07-02', '5', 'e525130', '708659', '', NULL, '2011-04-27 10:33:58', 'e525130', '2011-05-16 10:25:52', ''),
	(1777, 1, 117, 1, '2011-06-20', '2011-07-02', '5', 'e525130', '708659', '', NULL, '2011-04-27 10:34:34', 'e525130', '2011-05-16 10:25:19', ''),
	(1778, 1, 129, 1, '2011-05-17', '2011-05-26', '5', 'e525130', '708659', '', NULL, '2011-04-28 10:03:43', 'e525130', '2011-05-16 10:23:52', ''),
	(1780, 1, 123, 1, '2011-05-30', '2011-06-08', '5', 'e525130', '708659', '', NULL, '2011-04-29 13:48:58', '0', '1900-01-01 00:00:00', NULL),
	(1781, 1, 11, 1, '2011-05-02', '2011-05-02', '5', 'e335886', 'Sylk', '', NULL, '2011-05-02 10:45:22', '0', '1900-01-01 00:00:00', NULL),
	(1783, 1, 138, 1, '2011-05-03', '2011-05-03', '1', 'e532734', 'VS Inserts', '', NULL, '2011-05-02 14:03:28', '0', '1900-01-01 00:00:00', NULL),
	(1784, 1, 125, 1, '2011-05-03', '2011-05-05', '5', 'e360232', 'MainG', '', NULL, '2011-05-02 15:13:05', '0', '1900-01-01 00:00:00', NULL),
	(1785, 1, 122, 1, '2011-05-06', '2011-05-13', '5', 'e360232', 'MainG', '', NULL, '2011-05-02 15:15:50', '0', '1900-01-01 00:00:00', NULL),
	(1786, 1, 139, 1, '2011-05-03', '2011-05-03', '1', 'e355140', 'NeXsys Ferroli', '', NULL, '2011-05-03 11:23:23', '0', '1900-01-01 00:00:00', NULL),
	(1788, 2, 128, 1, '2011-07-01', '2011-07-15', '5', 'e525130', '708659', '', NULL, '2011-05-03 13:53:38', 'e324601', '2011-05-03 14:11:24', NULL),
	(1790, 1, 9, 1, '2011-06-07', '2011-06-18', '1', 'e525130', '708659', '', NULL, '2011-05-03 14:20:50', 'e525130', '2011-05-16 10:30:17', ''),
	(1792, 1, 10, 1, '2011-05-04', '2011-05-06', '5', 'e335886', 'Sylk', '', NULL, '2011-05-04 06:13:04', '0', '1900-01-01 00:00:00', NULL),
	(1795, 1, 117, 1, '2011-05-04', '2011-05-11', '5', 'e355141', 'Moravia', 'ESD', NULL, '2011-05-04 08:54:16', '0', '1900-01-01 00:00:00', NULL),
	(1797, 1, 9, 1, '2011-05-19', '2011-05-29', '1', 'e476520', 'P7911', '', NULL, '2011-05-04 09:14:14', '0', '1900-01-01 00:00:00', NULL),
	(1798, 2, 124, 1, '2011-05-06', '2011-05-14', '5', 'e332375', 'L&S', '', NULL, '2011-05-04 13:52:09', 'e324601', '2011-05-06 09:19:02', NULL),
	(1799, 1, 138, 1, '2011-05-04', '2011-05-04', '1', 'e532734', 'RFC', '', NULL, '2011-05-04 14:49:00', '0', '1900-01-01 00:00:00', NULL),
	(1800, 1, 141, 1, '2011-05-05', '2011-05-06', '5', 'e355140', 'NeXsys Baltur', '', NULL, '2011-05-05 13:14:17', '0', '1900-01-01 00:00:00', NULL),
	(1801, 1, 138, 1, '2011-05-09', '2011-05-09', '1', 'e208518', 'CA295', '', NULL, '2011-05-05 14:19:14', '0', '1900-01-01 00:00:00', NULL),
	(1802, 1, 138, 1, '2011-05-25', '2011-05-25', '1', 'e208518', 'CA295', '', NULL, '2011-05-05 14:19:31', 'e208518', '2011-05-17 12:45:51', ''),
	(1804, 2, 124, 1, '2011-05-16', '2011-05-30', '5', 'e324601', '704568 IHC', '', NULL, '2011-05-06 09:21:50', 'e324601', '2011-05-06 09:21:50', ''),
	(1805, 1, 172, 1, '2011-05-09', '2011-05-13', '5', 'e411049', 'MCBA', '', NULL, '2011-05-06 12:07:28', '0', '1900-01-01 00:00:00', NULL),
	(1806, 1, 169, 1, '2011-05-09', '2011-05-13', '5', 'e411049', 'MCBA', '', NULL, '2011-05-06 12:08:06', '0', '1900-01-01 00:00:00', NULL),
	(1807, 1, 138, 1, '2011-05-10', '2011-05-10', '1', 'e208518', 'CA295', '', NULL, '2011-05-06 17:36:49', '0', '1900-01-01 00:00:00', NULL),
	(1809, 1, 125, 1, '2011-05-06', '2011-05-16', '5', 'e360232', 'BMBC', '', NULL, '2011-05-09 11:06:41', '0', '1900-01-01 00:00:00', NULL),
	(1811, 1, 122, 1, '2011-05-10', '2011-05-20', '5', 'e360232', 'BMBC', '', NULL, '2011-05-10 15:19:22', '0', '1900-01-01 00:00:00', NULL),
	(1812, 1, 129, 1, '2011-05-11', '2011-05-13', '1', 'e355141', 'Zephyr', '', NULL, '2011-05-11 09:59:55', '0', '1900-01-01 00:00:00', NULL),
	(1813, 1, 125, 1, '2011-05-12', '2011-05-31', '5', 'e436340', 'oprava', '', NULL, '2011-05-12 09:58:16', '0', '1900-01-01 00:00:00', NULL),
	(1814, 1, 122, 1, '2011-05-21', '2011-05-31', '1', 'e476520', 'P7911', '', NULL, '2011-05-12 10:06:12', '0', '1900-01-01 00:00:00', NULL),
	(1815, 1, 122, 1, '2011-06-01', '2011-06-10', '5', 'e476520', 'P7911', '', NULL, '2011-05-12 10:12:06', '0', '1900-01-01 00:00:00', NULL),
	(1817, 1, 117, 1, '2011-05-20', '2011-05-27', '1', 'e476520', 'P7911', '', NULL, '2011-05-12 10:33:39', '0', '1900-01-01 00:00:00', NULL),
	(1818, 1, 123, 1, '2011-06-09', '2011-06-17', '5', 'e525130', '708659', '', NULL, '2011-05-16 10:21:34', '0', '1900-01-01 00:00:00', NULL),
	(1821, 1, 123, 1, '2011-05-17', '2011-05-17', '1', 'e275009', 'Minetonka', '', NULL, '2011-05-16 12:03:03', '0', '1900-01-01 00:00:00', NULL),
	(1822, 2, 119, 1, '2011-06-03', '2011-07-06', '5', 'e493531', 'North Star', '', NULL, '2011-05-17 07:55:53', 'e275009', '2011-05-17 09:16:29', NULL),
	(1823, 2, 136, 1, '2011-06-04', '2011-07-06', '5', 'e493531', 'North Star', '', NULL, '2011-05-17 07:56:50', 'e275009', '2011-05-17 09:15:53', NULL),
	(1824, 2, 6, 1, '2011-06-21', '2011-07-31', '5', 'e324601', '704415 R7999 ASIC Replacement', '', NULL, '2011-05-17 09:16:12', 'e324601', '2011-05-17 09:16:12', ''),
	(1825, 2, 124, 1, '2011-07-01', '2011-07-31', '5', 'e324601', '704415 R7999 ASIC Replacement', '', NULL, '2011-05-17 09:17:48', 'e324601', '2011-05-17 09:17:48', ''),
	(1828, 1, 9, 1, '2011-05-30', '2011-06-06', '5', 'e324601', '704415 R7999 ASIC', '', NULL, '2011-05-17 09:58:43', '0', '1900-01-01 00:00:00', NULL),
	(1829, 1, 117, 1, '2011-06-01', '2011-06-17', '1', 'e324601', '704415 R7999 ASIC', '', NULL, '2011-05-17 10:05:46', '0', '1900-01-01 00:00:00', NULL),
	(1830, 1, 123, 1, '2011-06-20', '2011-07-15', '5', 'e324601', '704415 R7999 ASIC', '', NULL, '2011-05-17 10:06:56', '0', '1900-01-01 00:00:00', NULL),
	(1831, 1, 116, 1, '2011-05-30', '2011-06-30', '5', 'e324601', '704415 R7999 ASIC', '', NULL, '2011-05-17 10:08:56', '0', '1900-01-01 00:00:00', NULL),
	(1833, 1, 168, 1, '2011-05-18', '2011-06-15', '5', 'e324601', '704415 R7999 ASIC', '', NULL, '2011-05-17 10:36:57', '0', '1900-01-01 00:00:00', NULL),
	(1834, 1, 167, 1, '2011-06-16', '2011-07-22', '5', 'e324601', '704415 R7999 ASIC', '', NULL, '2011-05-17 10:38:12', '0', '1900-01-01 00:00:00', NULL),
	(1835, 1, 10, 1, '2011-05-18', '2011-05-27', '1', 'e324601', '704415 R7999 ASIC', '', NULL, '2011-05-17 10:53:17', '0', '1900-01-01 00:00:00', NULL),
	(1837, 1, 141, 1, '2011-05-19', '2011-05-23', '1', 'e360230', 'Minnetonka', '', NULL, '2011-05-19 12:33:44', '0', '1900-01-01 00:00:00', NULL),
	(1838, 1, 141, 1, '2011-05-19', '2011-05-23', '1', 'e360230', 'Minnetonka', '', NULL, '2011-05-19 12:34:50', '0', '1900-01-01 00:00:00', NULL),
	(1839, 2, 113, 1, '2011-05-23', '2011-07-01', '1', 'e390270', 'AC-00000856 CVI maintenance', '', NULL, '2011-05-19 12:43:02', 'e677413', '2011-06-15 12:28:51', NULL),
	(1840, 2, 121, 1, '2011-06-01', '2011-06-30', '5', 'e228392', 'MCBA - ROHS test', '', NULL, '2011-05-19 13:26:05', 'e275009', '2011-05-23 12:28:04', NULL),
	(1841, 1, 130, 1, '2011-05-20', '2011-05-23', '5', 'e355140', 'NeXsys Ferroli', '', NULL, '2011-05-20 08:33:46', '0', '1900-01-01 00:00:00', NULL),
	(1842, 1, 123, 1, '2011-05-20', '2011-05-20', '5', 'e355140', 'Ferroli NeXsys', '', NULL, '2011-05-20 08:51:10', '0', '1900-01-01 00:00:00', NULL),
	(1843, 2, 121, 1, '2011-05-24', '2011-05-31', '5', 'e390270', 'AC-00000856', '', NULL, '2011-05-23 09:05:22', 'e275009', '2011-05-23 09:26:06', NULL),
	(1844, 1, 130, 1, '2011-05-24', '2011-05-31', '5', 'e459841', 'Unical', '', NULL, '2011-05-23 09:06:25', '0', '1900-01-01 00:00:00', NULL),
	(1845, 1, 141, 1, '2011-05-24', '2011-05-27', '1', 'e360230', 'Minnetonka', '', NULL, '2011-05-24 09:29:02', '0', '1900-01-01 00:00:00', NULL),
	(1848, 1, 138, 1, '2011-05-26', '2011-05-27', '1', 'e208518', 'CA295', '', NULL, '2011-05-26 09:12:16', '0', '1900-01-01 00:00:00', NULL),
	(1850, 1, 140, 1, '2011-05-27', '2011-05-27', '5', 'e360232', 'BMBC', '', NULL, '2011-05-27 14:14:46', '0', '1900-01-01 00:00:00', NULL),
	(1851, 1, 115, 1, '2011-05-27', '2011-05-31', '5', 'e360232', 'MAING', '', NULL, '2011-05-27 14:16:00', '0', '1900-01-01 00:00:00', NULL),
	(1852, 1, 140, 1, '2011-05-30', '2011-06-03', '5', 'e360232', 'Unical', '', NULL, '2011-05-27 16:19:38', '0', '1900-01-01 00:00:00', NULL),
	(1853, 1, 130, 1, '2011-06-01', '2011-06-03', '5', 'e459841', 'Unical', '', NULL, '2011-05-30 07:18:31', '0', '1900-01-01 00:00:00', NULL),
	(1854, 1, 10, 1, '2011-05-30', '2011-06-30', '5', 'e332375', 'SV', '', NULL, '2011-05-30 07:25:53', '0', '1900-01-01 00:00:00', NULL),
	(1859, 2, 5, 1, '2011-07-02', '2011-07-31', '1', 'e324443', 'Eugene VU life cycle tests', '', NULL, '2011-06-01 08:46:03', 'e677413', '2011-07-27 06:51:36', NULL),
	(1860, 1, 122, 1, '2011-06-20', '2011-06-30', '5', 'e244207', 'Sirocco', '', NULL, '2011-06-01 10:31:04', '0', '1900-01-01 00:00:00', NULL),
	(1861, 2, 118, 1, '2011-06-01', '2011-06-17', '5', 'e355141', 'IAS', '', NULL, '2011-06-01 11:09:17', 'e677413', '2011-06-09 13:42:04', NULL),
	(1862, 1, 141, 1, '2011-06-06', '2011-06-15', '5', 'e355141', 'IAS', '', NULL, '2011-06-01 11:21:47', '0', '1900-01-01 00:00:00', NULL),
	(1863, 2, 118, 1, '2011-06-20', '2011-06-30', '5', 'e355141', 'IAS', '', NULL, '2011-06-01 14:06:04', 'e677413', '2011-06-09 13:42:18', NULL),
	(1864, 1, 172, 1, '2011-06-03', '2011-06-10', '5', 'e411049', 'Maintenance control MCBA', '', NULL, '2011-06-02 08:30:52', '0', '1900-01-01 00:00:00', NULL),
	(1865, 1, 169, 1, '2011-06-03', '2011-06-10', '5', 'e411049', 'Maintenance control MCBA', '', NULL, '2011-06-02 08:31:37', 'e411049', '2011-06-02 08:32:10', ''),
	(1867, 1, 130, 1, '2011-06-13', '2011-06-17', '1', 'e332375', 'SV', '', NULL, '2011-06-03 12:38:48', '0', '1900-01-01 00:00:00', NULL),
	(1868, 1, 137, 1, '2011-06-06', '2011-06-06', '5', 'e360232', 'Unical', '', NULL, '2011-06-03 16:06:20', '0', '1900-01-01 00:00:00', NULL),
	(1869, 1, 115, 1, '2011-06-06', '2011-06-06', '5', 'e360232', 'Unical', '', NULL, '2011-06-03 16:06:53', '0', '1900-01-01 00:00:00', NULL),
	(1870, 1, 163, 1, '2011-06-06', '2011-06-10', '5', 'e355141', 'Moravia', '', NULL, '2011-06-06 09:54:35', '0', '1900-01-01 00:00:00', NULL),
	(1872, 2, 120, 1, '2011-06-07', '2011-06-10', '5', 'e493531', 'IAS', '', NULL, '2011-06-07 10:54:46', 'e677413', '2011-06-09 13:41:29', NULL),
	(1875, 1, 125, 1, '2011-06-01', '2011-06-19', '5', 'e436340', 'oprava', '', NULL, '2011-06-09 08:25:28', '0', '1900-01-01 00:00:00', NULL),
	(1876, 1, 167, 1, '2011-06-09', '2011-06-13', '5', 'e355141', 'IAS', '', NULL, '2011-06-09 09:17:16', '0', '1900-01-01 00:00:00', NULL),
	(1878, 2, 113, 1, '2011-06-13', '2011-06-17', '1', 'e677413', 'Water valve - Karel', '', NULL, '2011-06-09 13:31:58', 'e677413', '2011-06-09 13:31:58', ''),
	(1879, 2, 5, 1, '2011-06-13', '2011-06-30', '5', 'e677413', 'Valve test - Marek Kanuch', '', NULL, '2011-06-09 13:45:05', 'e677413', '2011-06-09 13:45:05', ''),
	(1880, 2, 120, 1, '2011-06-15', '2011-06-16', '1', 'e677413', 'Aerospace - +10 ...+ 50 C', '', NULL, '2011-06-09 16:29:08', 'e677413', '2011-06-09 16:29:08', ''),
	(1881, 1, 138, 1, '2011-06-13', '2011-06-14', '5', 'e355141', 'IAS', '', NULL, '2011-06-13 08:54:54', '0', '1900-01-01 00:00:00', NULL),
	(1883, 1, 122, 1, '2011-06-15', '2011-06-15', '5', 'e459841', 'Unical', '', NULL, '2011-06-15 08:05:44', '0', '1900-01-01 00:00:00', NULL),
	(1885, 1, 141, 1, '2011-06-16', '2011-06-18', '1', 'e332375', 'SV', '', NULL, '2011-06-16 07:56:23', '0', '1900-01-01 00:00:00', NULL),
	(1886, 1, 122, 1, '2011-06-16', '2011-06-16', '5', 'e459841', 'Unical', '', NULL, '2011-06-16 08:40:51', '0', '1900-01-01 00:00:00', NULL),
	(1887, 1, 125, 1, '2011-06-20', '2011-06-22', '1', 'e228392', 'DotMatrix', '', NULL, '2011-06-16 10:18:03', '0', '1900-01-01 00:00:00', NULL),
	(1888, 1, 116, 1, '2011-07-01', '2011-07-31', '5', 'e324601', '704414 R7999 ASIC Replacement', '', NULL, '2011-06-17 06:52:18', '0', '1900-01-01 00:00:00', NULL),
	(1889, 1, 122, 1, '2011-06-17', '2011-06-17', '5', 'e459841', 'Unical', '', NULL, '2011-06-17 07:53:46', '0', '1900-01-01 00:00:00', NULL),
	(1891, 1, 169, 1, '2011-06-20', '2011-06-20', '1', 'e525130', '708659', '', NULL, '2011-06-17 13:52:02', '0', '1900-01-01 00:00:00', NULL),
	(1892, 2, 120, 1, '2011-06-20', '2011-06-26', '2', 'e532734', 'FlowCon', '', NULL, '2011-06-20 11:02:25', 'e677413', '2011-07-27 06:49:54', NULL),
	(1893, 1, 9, 1, '2011-06-19', '2011-06-25', '5', 'e324601', 'R7999 ASIC Replacement', '', NULL, '2011-06-20 11:07:22', '0', '1900-01-01 00:00:00', NULL),
	(1895, 1, 117, 1, '2011-07-07', '2011-07-31', '5', 'e476520', 'S9361', '', NULL, '2011-06-20 11:17:52', '0', '1900-01-01 00:00:00', NULL),
	(1896, 1, 168, 1, '2011-07-07', '2011-07-31', '5', 'e476520', 'S9361', '', NULL, '2011-06-20 11:19:18', '0', '1900-01-01 00:00:00', NULL),
	(1898, 1, 140, 1, '2011-07-07', '2011-07-08', '1', 'e525130', '708659', '', NULL, '2011-06-21 09:00:16', 'e525130', '2011-07-01 14:17:06', ''),
	(1899, 1, 169, 1, '2011-06-21', '2011-06-25', '5', 'e525130', '708659', '', NULL, '2011-06-21 09:04:41', '0', '1900-01-01 00:00:00', NULL),
	(1900, 1, 123, 1, '2011-07-18', '2011-07-23', '5', 'e525130', '708659', '', NULL, '2011-06-21 09:09:00', '0', '1900-01-01 00:00:00', NULL),
	(1904, 1, 130, 1, '2011-06-26', '2011-07-04', '1', 'e536792', 'kalibrace', '', NULL, '2011-06-23 11:24:55', '0', '1900-01-01 00:00:00', NULL),
	(1906, 1, 122, 1, '2011-07-01', '2011-07-06', '1', 'e536792', 'oprava', '', NULL, '2011-06-23 12:28:48', '0', '1900-01-01 00:00:00', NULL),
	(1907, 1, 125, 1, '2011-06-23', '2011-06-30', '1', 'e436340', 'Oprava', '', NULL, '2011-06-27 08:21:01', '0', '1900-01-01 00:00:00', NULL),
	(1909, 2, 119, 1, '2011-07-07', '2011-08-20', '5', 'e493531', 'North Star', '', NULL, '2011-06-27 09:28:49', 'e275009', '2011-06-27 09:31:54', NULL),
	(1911, 1, 168, 1, '2011-07-04', '2011-07-06', '1', 'e525130', '708659', '', NULL, '2011-06-28 15:56:56', '0', '1900-01-01 00:00:00', NULL),
	(1912, 1, 117, 1, '2011-07-04', '2011-07-06', '1', 'e525130', '708659', '', NULL, '2011-06-28 15:57:57', '0', '1900-01-01 00:00:00', NULL),
	(1913, 1, 130, 1, '2011-07-13', '2011-07-19', '5', 'e525130', '708659', '', NULL, '2011-06-28 16:00:17', '0', '1900-01-01 00:00:00', NULL),
	(1914, 1, 141, 1, '2011-07-16', '2011-07-31', '5', 'e493531', 'North Star', '', NULL, '2011-06-29 09:07:26', '0', '1900-01-01 00:00:00', NULL),
	(1915, 2, 114, 1, '2011-07-01', '2011-07-31', '5', 'e315193', '706175', 'CQ test Mobile home project', NULL, '2011-06-29 17:20:55', 'e324601', '2011-06-30 08:22:20', NULL),
	(1917, 1, 141, 1, '2011-07-01', '2011-07-15', '5', 'e324601', '704415 R7999 ASIC Replacement', '', NULL, '2011-06-30 08:46:32', '0', '1900-01-01 00:00:00', NULL),
	(1918, 2, 124, 1, '2011-08-01', '2011-08-31', '5', 'e324601', 'Goodman 2-stage IFC', '', NULL, '2011-06-30 08:49:11', 'e324601', '2011-06-30 08:49:11', ''),
	(1920, 1, 116, 1, '2011-08-01', '2011-08-20', '5', 'e324601', '704415 R7999 ASIC', '', NULL, '2011-06-30 08:50:49', '0', '1900-01-01 00:00:00', NULL),
	(1921, 1, 167, 1, '2011-08-01', '2011-08-20', '5', 'e324601', '704415 R7999 ASIC', '', NULL, '2011-06-30 08:51:38', 'e324601', '2011-07-26 08:44:33', ''),
	(1922, 1, 10, 1, '2011-07-01', '2011-07-30', '5', 'e332375', 'SV', '', NULL, '2011-07-01 12:42:53', '0', '1900-01-01 00:00:00', NULL),
	(1923, 1, 140, 1, '2011-07-11', '2011-07-15', '5', 'e525130', '708659', '', NULL, '2011-07-01 14:16:33', '0', '1900-01-01 00:00:00', NULL),
	(1924, 2, 114, 1, '2011-08-01', '2011-08-15', '1', 'e315193', '706175', 'CQ test', NULL, '2011-07-01 16:08:52', 'e324601', '2011-07-18 06:52:15', NULL),
	(1925, 1, 137, 1, '2011-07-07', '2011-07-12', '5', 'e525130', '708659', '', NULL, '2011-07-07 08:59:53', '0', '1900-01-01 00:00:00', NULL),
	(1927, 2, 136, 1, '2011-07-12', '2011-07-15', '1', 'e331228', '3510', '', NULL, '2011-07-11 13:49:11', 'e275009', '2011-07-11 14:22:51', NULL),
	(1928, 1, 130, 1, '2011-07-20', '2011-07-27', '5', 'e525130', '708659', '', NULL, '2011-07-12 08:54:07', '0', '1900-01-01 00:00:00', NULL),
	(1929, 1, 123, 1, '2011-07-30', '2011-08-20', '5', 'e476520', 'S9361', '', NULL, '2011-07-12 17:52:41', '0', '1900-01-01 00:00:00', NULL),
	(1931, 1, 138, 1, '2011-07-11', '2011-08-05', '5', 'e532734', 'Inserts VS, FS', '', NULL, '2011-07-14 08:18:46', '0', '1900-01-01 00:00:00', NULL),
	(1932, 1, 140, 1, '2011-07-18', '2011-07-18', '5', 'e360232', 'Baxi No APS', '', NULL, '2011-07-14 14:29:44', '0', '1900-01-01 00:00:00', NULL),
	(1933, 2, 121, 1, '2011-07-15', '2011-07-20', '5', 'e360232', 'MAING', '', NULL, '2011-07-14 18:21:30', 'e275009', '2011-07-15 10:05:27', NULL),
	(1934, 2, 136, 1, '2011-07-16', '2011-07-19', '5', 'e454705', '3510', '', NULL, '2011-07-15 09:13:27', 'e275009', '2011-07-15 10:04:14', NULL),
	(1935, 1, 145, 1, '2011-07-15', '2011-07-15', '1', 'e538212', '708326 Capri', '1 hour', NULL, '2011-07-15 10:27:30', '0', '1900-01-01 00:00:00', NULL),
	(1936, 1, 145, 1, '2011-07-19', '2011-07-19', '1', 'e538212', 'Eugene', '', NULL, '2011-07-15 10:28:10', '0', '1900-01-01 00:00:00', NULL),
	(1937, 1, 140, 1, '2011-07-20', '2011-07-20', '1', 'e538212', 'Eugene', '', NULL, '2011-07-15 13:26:15', '0', '1900-01-01 00:00:00', NULL),
	(1938, 1, 137, 1, '2011-07-19', '2011-07-19', '1', 'e538212', 'Eugene', '', NULL, '2011-07-15 13:27:46', '0', '1900-01-01 00:00:00', NULL),
	(1939, 2, 120, 1, '2011-08-08', '2011-08-19', '1', 'e538212', 'Eugene', 'Due to delayed delivery of the samples, we have to postpone tests by a week-time.\r\n', NULL, '2011-07-15 13:33:18', 'e677413', '2011-08-22 09:07:20', ''),
	(1940, 2, 120, 1, '2011-08-11', '2011-08-12', '1', 'e538212', 'Eugene', 'Resistance to corrosion test.', NULL, '2011-07-15 13:35:34', 'e677413', '2011-07-27 06:50:42', ''),
	(1942, 1, 145, 1, '2011-08-01', '2011-08-01', '1', 'e538212', 'Eugene', '', NULL, '2011-07-15 13:38:20', '0', '1900-01-01 00:00:00', NULL),
	(1943, 1, 145, 1, '2011-08-08', '2011-08-08', '1', 'e538212', 'Eugene', '', NULL, '2011-07-15 13:39:01', 'e538212', '2011-07-25 11:51:00', ''),
	(1944, 1, 145, 1, '2011-07-28', '2011-07-29', '1', 'e538212', 'Eugene', '', NULL, '2011-07-15 13:39:24', '0', '1900-01-01 00:00:00', NULL),
	(1945, 1, 137, 1, '2011-08-02', '2011-08-03', '1', 'e538212', 'Eugene', '', NULL, '2011-07-15 13:41:06', '0', '1900-01-01 00:00:00', NULL),
	(1947, 2, 128, 1, '2011-07-20', '2011-09-15', '5', 'e476520', 'S9361', '', NULL, '2011-07-15 16:02:22', 'e324601', '2011-07-18 06:51:30', NULL),
	(1948, 2, 128, 1, '2011-07-18', '2011-07-19', '5', 'e525130', '708659', 'Max. temperatures', NULL, '2011-07-18 08:35:11', 'e324601', '2011-07-18 08:36:33', NULL),
	(1949, 1, 169, 1, '2011-07-19', '2011-07-19', '5', 'e407719', 'R7999', '', NULL, '2011-07-19 08:45:55', '0', '1900-01-01 00:00:00', NULL),
	(1950, 2, 136, 1, '2011-07-19', '2011-07-22', '5', 'e454705', '3510', '', NULL, '2011-07-19 09:48:39', 'e275009', '2011-07-19 10:37:24', NULL),
	(1951, 1, 144, 1, '2011-07-20', '2011-07-21', '5', 'e436340', 'Kalibrace přístrojů', '', NULL, '2011-07-20 08:19:13', '0', '1900-01-01 00:00:00', NULL),
	(1952, 1, 144, 1, '2011-07-25', '2011-07-29', '5', 'e436340', 'Kalibrace přístrojů', '', NULL, '2011-07-20 08:19:37', '0', '1900-01-01 00:00:00', NULL),
	(1954, 2, 114, 1, '2011-09-01', '2011-09-15', '5', 'e315193', '706175', '', NULL, '2011-07-20 08:59:31', 'e324601', '2011-08-31 06:53:40', NULL),
	(1955, 2, 121, 1, '2011-07-25', '2011-07-27', '5', 'e536792', 'kalibrace', '', NULL, '2011-07-20 09:11:40', 'e275009', '2011-07-20 09:16:20', NULL),
	(1956, 2, 136, 1, '2011-07-25', '2011-07-27', '5', 'e536792', 'kalibrace', '', NULL, '2011-07-20 09:12:29', 'e275009', '2011-07-20 09:16:39', NULL),
	(1957, 1, 137, 1, '2011-07-20', '2011-07-20', '1', 'e538212', 'Eugene ZV', '', NULL, '2011-07-20 10:22:48', '0', '1900-01-01 00:00:00', NULL),
	(1960, 1, 142, 1, '2011-07-21', '2011-07-30', '5', 'e476520', 'S9361', '', NULL, '2011-07-21 09:38:38', '0', '1900-01-01 00:00:00', NULL),
	(1961, 1, 131, 1, '2011-07-21', '2011-07-21', '5', 'e536792', 'mereni zasuvky', '', NULL, '2011-07-21 10:18:26', '0', '1900-01-01 00:00:00', NULL),
	(1962, 1, 129, 1, '2011-07-29', '2011-08-19', '5', 'e355140', 'Vulvano, lead free', '', NULL, '2011-07-21 11:02:44', '0', '1900-01-01 00:00:00', NULL),
	(1963, 1, 117, 1, '2011-08-01', '2011-08-05', '1', 'e360230', 'Minnetonka', 'Minnetonka Jiri Sapak', NULL, '2011-07-21 13:45:00', '0', '1900-01-01 00:00:00', NULL),
	(1964, 2, 118, 1, '2011-07-22', '2011-07-22', '1', 'e459841', 'Unical', '', NULL, '2011-07-21 16:50:44', 'e677413', '2011-07-27 06:51:10', NULL),
	(1967, 1, 117, 1, '2011-08-09', '2011-08-11', '5', 'e493531', 'North Star', '', NULL, '2011-07-22 12:23:39', '0', '1900-01-01 00:00:00', NULL),
	(1968, 1, 117, 1, '2011-08-16', '2011-08-16', '5', 'e493531', 'North Star', '', NULL, '2011-07-22 12:24:10', '0', '1900-01-01 00:00:00', NULL),
	(1969, 2, 121, 1, '2011-07-22', '2011-07-24', '1', 'e470736', 'S4965V2056 - accelerated reliability test due to replacmeent of 7968038-0001', 'Mentioned test is needed for approval an temporary usage of replacement (7968038-0001). It is used on safety position and approved components are not available at this time.', NULL, '2011-07-22 12:35:47', 'e275009', '2011-07-22 12:36:54', NULL),
	(1970, 1, 11, 1, '2011-07-25', '2011-08-08', '1', 'e360230', 'Minnetonka', '', NULL, '2011-07-22 13:05:31', '0', '1900-01-01 00:00:00', NULL),
	(1971, 2, 136, 1, '2011-07-22', '2011-07-23', '1', 'e454705', '3510', 'till 9:30 AM   2011-07-25\r\nDiscuss it with Frabtisek Novacek', NULL, '2011-07-22 13:42:24', 'e275009', '2011-07-22 13:54:58', ''),
	(1972, 1, 145, 1, '2011-08-10', '2011-08-11', '1', 'e538212', 'Eugene > ZV', '', NULL, '2011-07-25 11:51:39', '0', '1900-01-01 00:00:00', NULL),
	(1973, 1, 137, 1, '2011-08-01', '2011-08-01', '1', 'e538212', 'Eugene > ZV', '', NULL, '2011-07-25 11:52:58', '0', '1900-01-01 00:00:00', NULL),
	(1974, 1, 137, 1, '2011-08-08', '2011-08-08', '1', 'e538212', 'Eugene > ZV', '', NULL, '2011-07-25 11:53:18', '0', '1900-01-01 00:00:00', NULL),
	(1975, 1, 137, 1, '2011-08-12', '2011-08-12', '1', 'e538212', 'Eugene > ZV', '', NULL, '2011-07-25 11:53:38', '0', '1900-01-01 00:00:00', NULL),
	(1976, 2, 4, 1, '2011-08-01', '2011-08-31', '5', 'e476520', 'HSI, AOS 24', '', NULL, '2011-07-26 08:34:31', 'e324601', '2011-07-26 08:41:44', NULL),
	(1977, 2, 6, 1, '2011-08-01', '2011-08-14', '5', 'e332375', 'SV_ASIC_replacement', '', NULL, '2011-07-26 09:33:59', 'e324601', '2011-07-26 09:34:33', NULL),
	(1978, 1, 169, 1, '2011-07-29', '2011-08-08', '5', 'e411049', 'Maintenance control MCBA', 'HV probe will be taken to business trip to Emmen - Netherlands', NULL, '2011-07-27 13:12:30', '0', '1900-01-01 00:00:00', NULL),
	(1979, 1, 9, 1, '2011-07-28', '2011-08-08', '5', 'e332375', 'SV asic replacement', '', NULL, '2011-07-28 08:02:45', '0', '1900-01-01 00:00:00', NULL),
	(1980, 1, 168, 1, '2011-08-01', '2011-08-05', '5', 'e275009', 'Palava', '', NULL, '2011-07-28 09:16:32', '0', '1900-01-01 00:00:00', NULL),
	(1981, 1, 142, 1, '2011-08-01', '2011-08-12', '5', 'e275009', 'Palava', '', NULL, '2011-07-28 09:29:11', '0', '1900-01-01 00:00:00', NULL),
	(1982, 2, 170, 1, '2011-08-22', '2011-11-30', '5', 'e360232', 'Gastep', '', NULL, '2011-07-28 15:21:07', 'e228392', '2011-07-29 08:30:06', NULL),
	(1988, 2, 114, 1, '2011-08-16', '2011-08-31', '5', 'e315193', '706175', '', NULL, '2011-07-29 13:16:20', 'e324601', '2011-08-22 08:08:51', NULL),
	(1989, 1, 10, 1, '2011-08-01', '2011-08-05', '5', 'e332375', 'SV', '', NULL, '2011-08-01 07:18:21', '0', '1900-01-01 00:00:00', NULL),
	(1992, 1, 168, 1, '2011-08-16', '2011-08-16', '5', 'e493531', 'North Star', '', NULL, '2011-08-01 07:45:26', '0', '1900-01-01 00:00:00', NULL),
	(1993, 1, 168, 1, '2011-08-09', '2011-08-11', '5', 'e493531', 'North Star', '', NULL, '2011-08-01 07:56:44', '0', '1900-01-01 00:00:00', NULL),
	(1996, 2, 118, 1, '2011-08-01', '2011-08-05', '1', 'e402838', 'CR04', '', NULL, '2011-08-01 09:03:59', 'e677413', '2011-08-22 09:07:05', NULL),
	(1997, 1, 9, 1, '2011-08-09', '2011-08-18', '5', 'e476520', 'S9361', '', NULL, '2011-08-01 10:46:25', '0', '1900-01-01 00:00:00', NULL),
	(1998, 2, 119, 1, '2011-08-22', '2011-08-24', '5', 'e536792', 'kalibrace', '', NULL, '2011-08-01 12:42:29', 'e275009', '2011-08-01 14:16:51', NULL),
	(1999, 2, 6, 1, '2011-08-22', '2011-08-24', '5', 'e536792', 'kalibrace', '', NULL, '2011-08-01 12:43:18', 'e324601', '2011-08-04 06:45:56', NULL),
	(2000, 2, 5, 1, '2011-08-22', '2011-08-24', '2', 'e536792', 'kalibrace', '', NULL, '2011-08-01 12:43:54', 'e677413', '2011-08-22 09:06:31', NULL),
	(2002, 2, 170, 1, '2011-08-02', '2011-08-21', '5', 'e228392', 'DotMatrix', '', NULL, '2011-08-02 07:12:35', 'e228392', '2011-08-02 07:12:35', ''),
	(2003, 1, 115, 1, '2011-08-02', '2011-08-04', '1', 'e360230', 'Minnetonka', '', NULL, '2011-08-02 14:06:50', '0', '1900-01-01 00:00:00', NULL),
	(2004, 2, 121, 1, '2011-08-03', '2011-08-31', '5', 'e390270', '602272 - CVI maintenance', '', NULL, '2011-08-02 14:25:10', 'e275009', '2011-08-02 14:31:49', NULL),
	(2005, 1, 141, 1, '2011-08-08', '2011-08-26', '5', 'e324601', '704415 R7999 ASIC Replacement', '', NULL, '2011-08-03 07:15:28', '0', '1900-01-01 00:00:00', NULL),
	(2006, 1, 167, 1, '2011-08-22', '2011-08-26', '5', 'e324601', '704415 ASIC Replacement', '', NULL, '2011-08-03 07:16:10', '0', '1900-01-01 00:00:00', NULL),
	(2007, 1, 141, 1, '2011-08-03', '2011-08-05', '5', 'e355141', 'North Star', '', NULL, '2011-08-03 09:23:02', '0', '1900-01-01 00:00:00', NULL),
	(2008, 2, 136, 1, '2011-08-04', '2011-08-05', '5', 'e215421', '711234', '4.8. - Temperature extremes (-40, +80 stC)\r\n5.8. - Condensation test', NULL, '2011-08-03 10:21:23', 'e275009', '2011-08-03 10:56:39', NULL),
	(2009, 2, 136, 1, '2011-08-08', '2011-08-21', '5', 'e215421', '711234', 'Humidity test (40stC, 95% RH) - asi bych ho mohl v pripade nutnosti prerusit.', NULL, '2011-08-03 10:24:05', 'e275009', '2011-08-03 10:56:51', ''),
	(2010, 1, 145, 1, '2011-08-04', '2011-08-04', '1', 'e351667', 'SmartT', '', NULL, '2011-08-04 09:53:13', '0', '1900-01-01 00:00:00', NULL),
	(2011, 2, 120, 1, '2011-08-17', '2011-08-17', '1', 'e538212', 'Eugene', 'Due to delayed delivery of the samples, we have to postpone tests by a week-time.\r\n', NULL, '2011-08-05 08:14:17', 'e677413', '2011-08-22 09:07:27', NULL),
	(2012, 1, 117, 1, '2011-08-08', '2011-08-08', '5', 'e355141', 'Minetonka', '', NULL, '2011-08-08 07:14:33', '0', '1900-01-01 00:00:00', NULL),
	(2013, 1, 117, 1, '2011-08-12', '2011-08-12', '1', 'e355141', 'Minetonka', '', NULL, '2011-08-08 07:14:55', '0', '1900-01-01 00:00:00', NULL),
	(2014, 1, 140, 1, '2011-08-09', '2011-08-10', '5', 'e476520', 'S9361', '', NULL, '2011-08-08 08:10:37', '0', '1900-01-01 00:00:00', NULL),
	(2017, 1, 169, 1, '2011-08-09', '2011-08-12', '1', 'e371552', 'Ferroli NeXsys', '', NULL, '2011-08-08 10:53:34', '0', '1900-01-01 00:00:00', NULL),
	(2018, 1, 122, 1, '2011-08-09', '2011-08-10', '1', 'e466422', 'S4564BT1009', '', NULL, '2011-08-08 12:40:27', '0', '1900-01-01 00:00:00', NULL),
	(2019, 1, 122, 1, '2011-08-12', '2011-08-12', '1', 'e466422', 'S4564BT1009', '', NULL, '2011-08-08 12:41:52', '0', '1900-01-01 00:00:00', NULL),
	(2020, 1, 139, 1, '2011-08-09', '2011-08-10', '1', 'e371552', 'Ferroli NeXsys ', '', NULL, '2011-08-08 14:06:15', '0', '1900-01-01 00:00:00', NULL),
	(2021, 2, 4, 1, '2011-09-19', '2011-12-19', '5', 'e332375', 'SV (ASIC REPLACEMENT) device life test', '', NULL, '2011-08-09 09:37:57', 'e324601', '2011-08-09 09:53:25', NULL),
	(2022, 2, 118, 1, '2011-08-09', '2011-08-16', '1', 'e205003', 'Vulcano CCV, leak thru o-ring on Gastep valves', 'soak at +110°C, regular inspection', NULL, '2011-08-09 11:18:42', 'e677413', '2011-08-22 09:07:12', NULL),
	(2023, 1, 137, 1, '2011-08-10', '2011-08-10', '5', 'e538212', 'Eugene', '', NULL, '2011-08-09 15:07:27', '0', '1900-01-01 00:00:00', NULL),
	(2024, 1, 130, 1, '2011-08-10', '2011-08-12', '5', 'e332375', 'SV', '', NULL, '2011-08-10 13:09:51', '0', '1900-01-01 00:00:00', NULL),
	(2026, 1, 137, 1, '2011-08-11', '2011-08-11', '5', 'e538212', 'Eugene', '', NULL, '2011-08-11 08:25:28', '0', '1900-01-01 00:00:00', NULL),
	(2027, 1, 140, 1, '2011-08-15', '2011-08-15', '1', 'e355140', 'NeXsys Baxi', '', NULL, '2011-08-11 10:05:00', 'e355140', '2011-08-11 15:33:47', ''),
	(2028, 2, 5, 1, '2011-08-15', '2011-08-16', '2', 'e355140', 'NeXsys Baxi', '', NULL, '2011-08-11 10:07:05', 'e677413', '2011-08-22 09:06:48', NULL),
	(2029, 2, 6, 1, '2011-08-15', '2011-08-18', '5', 'e476520', 'S9361', '', NULL, '2011-08-11 10:32:12', 'e324601', '2011-08-11 11:10:45', NULL),
	(2030, 1, 9, 1, '2011-08-12', '2011-08-17', '5', 'e459841', 'Unical', '', NULL, '2011-08-12 08:42:04', '0', '1900-01-01 00:00:00', NULL),
	(2032, 1, 130, 1, '2011-08-21', '2011-08-27', '5', 'e476520', 'S9361', '', NULL, '2011-08-15 13:04:40', '0', '1900-01-01 00:00:00', NULL),
	(2033, 1, 122, 1, '2011-08-17', '2011-08-21', '1', 'e459841', 'Unical', '', NULL, '2011-08-16 11:40:44', '0', '1900-01-01 00:00:00', NULL),
	(2041, 1, 129, 1, '2011-08-22', '2011-08-27', '5', 'e525130', '708659', '', NULL, '2011-08-16 17:17:14', '0', '1900-01-01 00:00:00', NULL),
	(2043, 1, 140, 1, '2011-08-17', '2011-08-17', '1', 'e476520', 'S9361', '', NULL, '2011-08-17 08:47:39', '0', '1900-01-01 00:00:00', NULL),
	(2044, 1, 169, 1, '2011-08-18', '2011-08-19', '5', 'e371552', 'Ferolli NeXsys ', '', NULL, '2011-08-17 14:38:26', '0', '1900-01-01 00:00:00', NULL),
	(2045, 1, 9, 1, '2011-08-18', '2011-08-19', '5', 'e459841', 'Unical', '', NULL, '2011-08-17 17:13:47', '0', '1900-01-01 00:00:00', NULL),
	(2046, 1, 142, 1, '2011-08-18', '2011-08-31', '5', 'e536792', 'oprava', '', NULL, '2011-08-18 08:35:55', '0', '1900-01-01 00:00:00', NULL),
	(2047, 2, 6, 1, '2011-08-25', '2011-09-02', '5', 'e332375', 'Aqustat HNWL,Warm/Cold', '', NULL, '2011-08-18 14:41:05', 'e324601', '2011-08-19 07:25:46', NULL),
	(2048, 1, 129, 1, '2011-09-07', '2011-09-30', '5', 'e355140', 'Lead free reliability', '', NULL, '2011-08-19 08:17:31', 'e355140', '2011-09-06 09:30:57', ''),
	(2049, 1, 116, 1, '2011-08-22', '2011-09-04', '5', 'e324601', '704415 R7999 ASIC Replacement', '', NULL, '2011-08-22 08:13:31', '0', '1900-01-01 00:00:00', NULL),
	(2050, 2, 128, 1, '2011-09-16', '2011-10-31', '5', 'e476520', 'S9361 Burnham 2011', '', NULL, '2011-08-22 10:34:57', 'e324601', '2011-08-22 11:19:54', NULL),
	(2051, 2, 6, 1, '2011-09-14', '2011-09-30', '5', 'e476520', 'S9361 Burnham 2011', '', NULL, '2011-08-22 10:37:24', 'e324601', '2011-08-22 11:17:34', NULL),
	(2052, 1, 122, 1, '2011-09-05', '2011-10-22', '5', 'e476520', 'S9361 Burnham 2011', '', NULL, '2011-08-22 10:58:04', '0', '1900-01-01 00:00:00', NULL),
	(2054, 1, 141, 1, '2011-09-08', '2011-09-26', '5', 'e476520', 'S9361 Burnham 2011', '', NULL, '2011-08-22 11:08:03', '0', '1900-01-01 00:00:00', NULL),
	(2055, 1, 9, 1, '2011-09-19', '2011-10-11', '5', 'e476520', 'S9361 Burnham 2011', '', NULL, '2011-08-22 11:14:03', '0', '1900-01-01 00:00:00', NULL),
	(2056, 2, 124, 1, '2011-09-01', '2011-09-30', '5', 'e324601', 'ASIC Replacement', '', NULL, '2011-08-22 11:19:05', 'e324601', '2011-08-22 11:19:05', ''),
	(2057, 1, 125, 1, '2011-08-22', '2011-08-31', '5', 'e525130', '708659', '', NULL, '2011-08-22 18:02:57', '0', '1900-01-01 00:00:00', NULL),
	(2060, 1, 122, 1, '2011-08-25', '2011-08-31', '5', 'e360232', 'ECO4', '', NULL, '2011-08-23 07:41:24', '0', '1900-01-01 00:00:00', NULL),
	(2061, 1, 122, 1, '2011-08-23', '2011-08-24', '5', 'e360232', 'ECO4', '', NULL, '2011-08-23 07:41:44', '0', '1900-01-01 00:00:00', NULL),
	(2062, 1, 123, 1, '2011-08-24', '2011-08-31', '1', 'e355141', 'Minetonka', '', NULL, '2011-08-23 08:34:23', '0', '1900-01-01 00:00:00', NULL),
	(2063, 1, 145, 1, '2011-08-23', '2011-08-23', '5', 'e538212', 'MEP-11-08 ACS', '', NULL, '2011-08-23 10:36:53', '0', '1900-01-01 00:00:00', NULL),
	(2064, 1, 137, 1, '2011-08-23', '2011-08-23', '5', 'e538212', 'MEP-11-08 ACS', '', NULL, '2011-08-23 10:37:16', '0', '1900-01-01 00:00:00', NULL),
	(2065, 2, 5, 1, '2011-08-29', '2011-10-07', '1', 'e324443', 'Eugene', 'VU actuators Life cycle tests to verify outsourced component', NULL, '2011-08-23 12:28:02', 'e677413', '2011-10-31 08:09:16', NULL),
	(2067, 1, 9, 1, '2011-08-24', '2011-08-26', '5', 'e332375', 'sv', '', NULL, '2011-08-24 08:10:46', '0', '1900-01-01 00:00:00', NULL),
	(2068, 2, 6, 1, '2011-08-24', '2011-08-24', '0', 'e332375', 'Aqustat', '', NULL, '2011-08-24 11:12:05', '0', '1900-01-01 00:00:00', NULL),
	(2070, 1, 115, 1, '2011-08-29', '2011-08-31', '5', 'e360232', 'BC1000', '', NULL, '2011-08-24 13:06:55', '0', '1900-01-01 00:00:00', NULL),
	(2071, 1, 122, 1, '2011-09-01', '2011-09-04', '5', 'e476520', 'S9361 Burnham', '', NULL, '2011-08-24 14:52:24', '0', '1900-01-01 00:00:00', NULL),
	(2072, 1, 141, 1, '2011-09-06', '2011-09-07', '5', 'e476520', 'S9361 Burnham', '', NULL, '2011-08-24 14:54:17', '0', '1900-01-01 00:00:00', NULL),
	(2074, 1, 168, 1, '2011-09-06', '2011-09-26', '5', 'e476520', 'S9361 Burnham', '', NULL, '2011-08-24 15:00:13', '0', '1900-01-01 00:00:00', NULL),
	(2075, 2, 119, 1, '2011-08-25', '2011-08-26', '5', 'e355141', 'NorthStar', '', NULL, '2011-08-24 17:26:25', 'e275009', '2011-08-25 10:47:08', NULL),
	(2076, 2, 119, 1, '2011-08-29', '2011-09-09', '5', 'e228392', 'MCBA optron', '', NULL, '2011-08-26 10:27:05', 'e275009', '2011-08-26 10:52:04', NULL),
	(2077, 1, 140, 1, '2011-08-30', '2011-08-31', '1', 'e466422', 'PX42', '', NULL, '2011-08-26 17:42:37', '0', '1900-01-01 00:00:00', NULL),
	(2078, 1, 9, 1, '2011-08-29', '2011-08-31', '1', 'e466422', 'PX42', '', NULL, '2011-08-26 17:43:22', '0', '1900-01-01 00:00:00', NULL),
	(2079, 1, 10, 1, '2011-08-29', '2011-09-30', '5', 'e332375', 'SV', '', NULL, '2011-08-29 08:01:23', '0', '1900-01-01 00:00:00', NULL),
	(2082, 1, 123, 1, '2011-09-09', '2011-09-30', '5', 'e355141', 'Minetonka', '', NULL, '2011-08-29 09:39:06', '0', '1900-01-01 00:00:00', NULL),
	(2083, 2, 4, 1, '2011-09-01', '2011-09-01', '1', 'e476520', 'HSI, AOS 24', '', NULL, '2011-08-29 10:15:24', 'e324601', '2011-08-29 11:07:16', NULL),
	(2085, 2, 114, 1, '2011-09-16', '2011-09-30', '5', 'e315193', '706175', 'Flip Flop Corrosion Test', NULL, '2011-08-30 09:51:13', 'e324601', '2011-08-30 12:19:59', NULL),
	(2088, 2, 121, 1, '2011-09-01', '2011-09-30', '5', 'e390270', 'CVI maintenance AC-00000856', '', NULL, '2011-08-31 08:09:56', 'e275009', '2011-08-31 08:15:45', NULL),
	(2089, 1, 130, 1, '2011-08-31', '2011-09-02', '5', 'e360232', 'CR04', '', NULL, '2011-08-31 08:38:02', '0', '1900-01-01 00:00:00', NULL),
	(2091, 1, 140, 1, '2011-09-01', '2011-09-01', '5', 'e459841', 'Px42', '', NULL, '2011-08-31 13:24:47', '0', '1900-01-01 00:00:00', NULL),
	(2092, 1, 9, 1, '2011-09-01', '2011-09-01', '5', 'e459841', 'Unical', '', NULL, '2011-08-31 13:25:14', '0', '1900-01-01 00:00:00', NULL),
	(2093, 2, 6, 1, '2011-09-05', '2011-09-13', '5', 'e332375', 'Aquastat', '', NULL, '2011-08-31 15:38:43', 'e324601', '2011-09-01 06:50:20', NULL),
	(2094, 2, 4, 1, '2011-09-02', '2011-09-16', '5', 'e332375', 'AOS 24V Energy Star', '', NULL, '2011-09-01 14:43:45', 'e324601', '2011-09-01 15:15:18', NULL),
	(2095, 2, 124, 1, '2011-10-01', '2011-10-31', '5', 'e324601', '710398 Vesta FPY/Quality ImprovementTeam ', '', NULL, '2011-09-02 08:26:34', 'e324601', '2011-09-02 08:26:34', ''),
	(2096, 1, 116, 1, '2011-09-05', '2011-09-12', '5', 'e324601', '704415 R7999 ASIC replacement', '', NULL, '2011-09-02 08:28:02', '0', '1900-01-01 00:00:00', NULL),
	(2097, 1, 129, 1, '2011-10-03', '2011-10-17', '5', 'e315193', '706175', '', NULL, '2011-09-02 09:12:34', '0', '1900-01-01 00:00:00', NULL),
	(2098, 1, 117, 1, '2011-09-02', '2011-09-05', '5', 'e360232', 'CR04', '', NULL, '2011-09-02 10:10:09', '0', '1900-01-01 00:00:00', NULL),
	(2099, 1, 167, 1, '2011-09-02', '2011-09-05', '5', 'e360232', 'CR04', '', NULL, '2011-09-02 10:11:17', '0', '1900-01-01 00:00:00', NULL),
	(2100, 1, 141, 1, '2011-09-05', '2011-09-05', '1', 'e335886', 'sensors', '', NULL, '2011-09-05 12:43:33', '0', '1900-01-01 00:00:00', NULL),
	(2101, 1, 117, 1, '2011-09-08', '2011-09-19', '1', 'e324601', '710398 Vesta', '', NULL, '2011-09-05 14:09:08', '0', '1900-01-01 00:00:00', NULL),
	(2102, 1, 167, 1, '2011-09-08', '2011-09-19', '5', 'e324601', '710398 Vesta', '', NULL, '2011-09-05 14:10:03', 'e324601', '2011-09-05 14:10:34', ''),
	(2103, 1, 117, 1, '2011-09-22', '2011-09-30', '5', 'e324601', '710398 Vesta', '', NULL, '2011-09-05 14:11:25', '0', '1900-01-01 00:00:00', NULL),
	(2104, 1, 167, 1, '2011-09-22', '2011-09-30', '5', 'e324601', '710398 Vesta', '', NULL, '2011-09-05 14:11:53', '0', '1900-01-01 00:00:00', NULL),
	(2105, 1, 116, 1, '2011-09-20', '2011-09-30', '5', 'e324601', '710398 Vesta', '', NULL, '2011-09-05 14:14:38', 'e324601', '2011-09-19 08:26:13', ''),
	(2107, 2, 120, 1, '2011-09-07', '2011-09-08', '1', 'e538212', 'RFCB-11-10', '', NULL, '2011-09-06 10:10:11', 'e677413', '2011-10-31 08:09:05', NULL),
	(2109, 2, 118, 1, '2011-09-07', '2011-09-30', '1', 'e334629', 'RFC', '', NULL, '2011-09-07 12:04:06', 'e677413', '2011-10-31 08:33:38', NULL),
	(2110, 2, 136, 1, '2011-09-07', '2011-09-30', '5', 'e334629', 'RFC', '', NULL, '2011-09-07 12:05:10', 'e275009', '2011-09-08 06:19:08', NULL),
	(2111, 1, 11, 1, '2011-09-08', '2011-09-08', '1', 'e401907', 'SylkIO', '', NULL, '2011-09-07 15:39:30', '0', '1900-01-01 00:00:00', NULL),
	(2112, 2, 119, 1, '2011-09-10', '2011-10-07', '5', 'e324443', 'Eugene', 'VU actuators Life cycle tests', NULL, '2011-09-08 08:12:42', 'e275009', '2011-09-08 08:16:56', NULL),
	(2115, 1, 125, 1, '2011-09-20', '2011-09-23', '1', 'e466422', 'S4564...', '', NULL, '2011-09-09 12:47:07', '0', '1900-01-01 00:00:00', NULL),
	(2116, 1, 125, 1, '2011-09-12', '2011-09-16', '5', 'e360232', 'CR04', '', NULL, '2011-09-12 14:00:29', '0', '1900-01-01 00:00:00', NULL),
	(2117, 2, 121, 1, '2011-10-03', '2011-10-18', '5', 'e355141', 'NorthStar', '', NULL, '2011-09-13 06:51:14', 'e275009', '2011-09-13 09:57:41', NULL),
	(2119, 2, 6, 1, '2011-10-01', '2011-10-30', '5', 'e332375', 'SV', '', NULL, '2011-09-13 11:31:56', 'e324601', '2011-10-06 08:42:54', NULL),
	(2120, 2, 136, 1, '2011-10-01', '2011-10-15', '5', 'e459841', 'PX42', '', NULL, '2011-09-13 14:22:34', 'e275009', '2011-09-13 14:25:23', NULL),
	(2121, 1, 115, 1, '2011-09-14', '2011-09-14', '1', 'e355140', '230V valve check', '', NULL, '2011-09-14 09:16:45', '0', '1900-01-01 00:00:00', NULL),
	(2123, 1, 130, 1, '2011-09-15', '2011-09-20', '5', 'e425882', 'Piranha Ethernet Module', '', NULL, '2011-09-15 07:37:01', '0', '1900-01-01 00:00:00', NULL),
	(2124, 1, 9, 1, '2011-09-15', '2011-09-16', '5', 'e476520', 'S9361', '', NULL, '2011-09-15 08:20:57', '0', '1900-01-01 00:00:00', NULL),
	(2125, 1, 142, 1, '2011-09-14', '2011-09-23', '5', 'e536792', 'oprava', '', NULL, '2011-09-15 13:02:06', 'e536792', '2011-09-15 13:04:53', ''),
	(2127, 1, 141, 1, '2011-09-27', '2011-10-07', '5', 'e355141', 'Minetonka', '', NULL, '2011-09-19 12:32:20', '0', '1900-01-01 00:00:00', NULL),
	(2128, 1, 139, 1, '2011-09-21', '2011-09-22', '1', 'e536792', 'leili motor tester', 'ACS ATT group tests', NULL, '2011-09-19 15:05:57', '0', '1900-01-01 00:00:00', NULL),
	(2129, 1, 130, 1, '2011-09-21', '2011-09-27', '5', 'e425882', 'AC00000919 Ethernet Module', '', NULL, '2011-09-20 06:59:36', '0', '1900-01-01 00:00:00', NULL),
	(2131, 1, 9, 1, '2011-10-19', '2011-11-08', '5', 'e525130', '711389', '', NULL, '2011-09-20 16:58:13', '0', '1900-01-01 00:00:00', NULL),
	(2132, 1, 140, 1, '2011-10-18', '2011-10-21', '5', 'e525130', '711389', '', NULL, '2011-09-20 17:01:50', '0', '1900-01-01 00:00:00', NULL),
	(2133, 2, 119, 1, '2011-10-10', '2011-10-14', '5', 'e228392', 'MCBA ROHS', '', NULL, '2011-09-22 10:33:15', 'e275009', '2011-09-22 10:37:44', NULL),
	(2134, 1, 123, 1, '2011-09-23', '2011-09-30', '1', 'e536792', 'oprava', '', NULL, '2011-09-22 12:23:24', '0', '1900-01-01 00:00:00', NULL),
	(2135, 1, 123, 1, '2011-09-23', '2011-10-10', '1', 'e536792', 'oprava', '', NULL, '2011-09-22 12:24:14', 'e536792', '2011-09-22 12:24:57', ''),
	(2136, 1, 161, 1, '2011-09-26', '2011-09-27', '1', 'e470736', 'W7075C1027 - vibration test of the mounting of linear transformer', '', NULL, '2011-09-23 10:47:56', '0', '1900-01-01 00:00:00', NULL),
	(2137, 2, 6, 1, '2011-10-01', '2011-10-30', '0', 'e332375', 'S&V', '', NULL, '2011-09-23 14:26:12', '0', '1900-01-01 00:00:00', NULL),
	(2138, 2, 6, 1, '2011-10-31', '2011-11-30', '5', 'e332375', 'SV', '', NULL, '2011-09-23 14:27:16', 'e324601', '2011-10-06 08:43:58', NULL),
	(2139, 1, 9, 1, '2011-10-12', '2011-10-18', '5', 'e476520', 'S9361', '', NULL, '2011-09-23 15:14:18', '0', '1900-01-01 00:00:00', NULL),
	(2140, 1, 130, 1, '2011-10-03', '2011-10-07', '5', 'e425882', 'Piranha Ethernet Module', '', NULL, '2011-09-27 14:55:38', '0', '1900-01-01 00:00:00', NULL),
	(2141, 1, 167, 1, '2011-10-03', '2011-10-14', '5', 'e324601', '710398 Vesta QI', '', NULL, '2011-09-30 08:10:44', '0', '1900-01-01 00:00:00', NULL),
	(2142, 1, 117, 1, '2011-10-03', '2011-10-14', '5', 'e324601', '710398 Vesta QI', '', NULL, '2011-09-30 08:11:26', '0', '1900-01-01 00:00:00', NULL),
	(2143, 1, 116, 1, '2011-10-10', '2011-10-31', '5', 'e324601', '710398 Vesta QI', '', NULL, '2011-09-30 08:13:58', '0', '1900-01-01 00:00:00', NULL),
	(2144, 1, 10, 1, '2011-10-01', '2011-10-31', '5', 'e332375', 'SV', '', NULL, '2011-09-30 13:17:37', '0', '1900-01-01 00:00:00', NULL),
	(2145, 1, 122, 1, '2011-10-23', '2011-10-28', '5', 'e476520', 'S9361', '', NULL, '2011-09-30 13:56:47', '0', '1900-01-01 00:00:00', NULL),
	(2146, 2, 136, 1, '2011-10-17', '2011-11-07', '5', 'e228392', 'DotMatrix-SOLA', '', NULL, '2011-10-03 09:00:44', 'e275009', '2011-10-03 12:13:08', NULL),
	(2147, 1, 168, 1, '2011-10-04', '2011-10-12', '5', 'e355141', 'PSE-G', 'E-Field test, ESD test', NULL, '2011-10-03 14:37:01', '0', '1900-01-01 00:00:00', NULL),
	(2149, 1, 141, 1, '2011-10-10', '2011-10-14', '5', 'e355141', 'PSE-G, Minetonka', '', NULL, '2011-10-03 14:38:44', '0', '1900-01-01 00:00:00', NULL),
	(2150, 1, 162, 1, '2011-10-03', '2011-10-14', '1', 'e355141', 'PSE-G', 'Spark Ignition test', NULL, '2011-10-03 14:43:49', '0', '1900-01-01 00:00:00', NULL),
	(2151, 1, 125, 1, '2011-10-05', '2011-10-07', '1', 'e355141', 'PSE-G', 'EFT', NULL, '2011-10-03 14:46:21', '0', '1900-01-01 00:00:00', NULL),
	(2152, 2, 119, 1, '2011-10-17', '2011-11-19', '5', 'e355141', 'PSE-G, Fosil', '', NULL, '2011-10-03 14:48:32', 'e275009', '2011-10-04 06:07:32', NULL),
	(2153, 2, 121, 1, '2011-10-19', '2011-10-31', '5', 'e355141', 'Fosil', '', NULL, '2011-10-03 14:49:22', 'e275009', '2011-10-04 06:07:41', NULL),
	(2154, 1, 125, 1, '2011-10-10', '2011-10-14', '5', 'e275009', 'Fossil', '', NULL, '2011-10-04 13:07:39', '0', '1900-01-01 00:00:00', NULL),
	(2155, 1, 173, 1, '2011-10-10', '2011-11-11', '5', 'e366268', '701552', 'Kombi Pro DPC Extended range FQ test', NULL, '2011-10-06 10:08:14', '0', '1900-01-01 00:00:00', NULL),
	(2157, 1, 115, 1, '2011-10-04', '2011-10-12', '5', 'e324601', 'Aquastat', '', NULL, '2011-10-07 08:32:37', '0', '1900-01-01 00:00:00', NULL),
	(2158, 2, 128, 1, '2011-11-01', '2011-11-11', '5', 'e476520', 'S9361A', '', NULL, '2011-10-07 12:46:02', 'e324601', '2011-10-07 13:47:16', NULL),
	(2159, 1, 130, 1, '2011-10-17', '2011-10-21', '1', 'e425882', 'Piranha Ethernet Module', '', NULL, '2011-10-10 08:18:01', '0', '1900-01-01 00:00:00', NULL),
	(2160, 1, 125, 1, '2011-10-17', '2011-10-21', '5', 'e275009', 'Fossil', '', NULL, '2011-10-14 06:02:09', '0', '1900-01-01 00:00:00', NULL),
	(2161, 1, 167, 1, '2011-10-17', '2011-10-25', '5', 'e324601', '710398 Vesta QI', '', NULL, '2011-10-14 11:25:08', '0', '1900-01-01 00:00:00', NULL),
	(2162, 1, 117, 1, '2011-10-17', '2011-10-25', '5', 'e324601', '710398 Vesta QI', '', NULL, '2011-10-14 11:26:13', '0', '1900-01-01 00:00:00', NULL),
	(2163, 1, 140, 1, '2011-10-17', '2011-10-17', '1', 'e525130', '711389', '', NULL, '2011-10-17 09:24:58', '0', '1900-01-01 00:00:00', NULL),
	(2164, 2, 114, 1, '2011-10-19', '2011-10-26', '1', 'e315193', '706175', 'FLIP FLOP', NULL, '2011-10-17 12:50:59', 'e324601', '2011-10-31 07:13:02', ''),
	(2165, 1, 129, 1, '2011-10-18', '2011-10-22', '5', 'e332375', 'SV', '', NULL, '2011-10-17 15:05:01', '0', '1900-01-01 00:00:00', NULL),
	(2166, 1, 169, 1, '2011-10-18', '2011-10-19', '5', 'e371552', 'New RAC ignitor', '', NULL, '2011-10-18 08:01:04', '0', '1900-01-01 00:00:00', NULL),
	(2167, 1, 130, 1, '2011-10-24', '2011-10-27', '5', 'e332375', 'Aquastat', '', NULL, '2011-10-18 09:55:05', '0', '1900-01-01 00:00:00', NULL),
	(2168, 2, 114, 1, '2011-11-01', '2011-11-30', '5', 'e228392', 'MCBA6 RoHS test', 'This test can be interrupted. \r\nTest se da prerusit', NULL, '2011-10-19 07:31:42', 'e324601', '2011-10-19 14:57:12', 'Schvaleno podminecne. V pripade pozadavku ze strany Tomase Kadery bude nutno test prerusit.'),
	(2169, 2, 170, 1, '2012-01-02', '2012-04-30', '5', 'e360232', 'Gastep', '', NULL, '2011-10-19 07:44:13', 'e228392', '2011-10-19 07:54:16', NULL),
	(2170, 1, 125, 1, '2011-10-24', '2011-10-28', '5', 'e355141', 'ThinUI', '', NULL, '2011-10-20 16:31:52', '0', '1900-01-01 00:00:00', NULL),
	(2171, 2, 124, 1, '2011-11-01', '2011-11-30', '5', 'e324601', 'Miscellaneous', '', NULL, '2011-10-21 06:50:48', 'e324601', '2011-10-21 06:50:48', ''),
	(2173, 1, 141, 1, '2011-10-24', '2011-11-04', '5', 'e275009', 'Fossil', '', NULL, '2011-10-21 11:39:14', '0', '1900-01-01 00:00:00', NULL),
	(2174, 1, 168, 1, '2011-10-24', '2011-11-04', '5', 'e275009', 'Fossil', '', NULL, '2011-10-21 11:42:51', '0', '1900-01-01 00:00:00', NULL),
	(2175, 1, 130, 1, '2011-10-31', '2011-11-04', '5', 'e425882', 'ethernet module', '', NULL, '2011-10-21 13:04:28', '0', '1900-01-01 00:00:00', NULL),
	(2176, 1, 129, 1, '2011-10-24', '2011-10-28', '5', 'e332375', 'SV', '', NULL, '2011-10-24 06:32:07', '0', '1900-01-01 00:00:00', NULL),
	(2180, 1, 122, 1, '2011-10-29', '2011-11-06', '5', 'e476520', 'S9361', '', NULL, '2011-10-24 13:45:25', '0', '1900-01-01 00:00:00', NULL),
	(2181, 1, 173, 1, '2011-11-14', '2011-12-15', '5', 'e538212', 'PICV - Flow con, GRANADA, RFCB', 'Measure flow characteristics of Klinger calibration valve\r\nMeasure flow characteristics of prototype valve\r\n', NULL, '2011-10-25 09:34:33', '0', '1900-01-01 00:00:00', NULL),
	(2183, 2, 136, 1, '2011-11-08', '2011-11-25', '5', 'e459841', 'PX42', 'Test je možno kdykoliv přerušit a komoru vyklidit.', NULL, '2011-10-25 12:47:51', 'e275009', '2011-10-25 12:56:54', NULL),
	(2184, 1, 138, 1, '2011-11-01', '2011-11-03', '5', 'e208518', 'D06 2015', '', NULL, '2011-10-25 15:42:45', '0', '1900-01-01 00:00:00', NULL),
	(2185, 1, 10, 1, '2011-11-01', '2011-11-11', '5', 'e228392', 'DotMatrix - SOLA', '', NULL, '2011-10-26 08:35:45', '0', '1900-01-01 00:00:00', NULL),
	(2186, 2, 128, 1, '2011-12-01', '2012-01-31', '5', 'e332375', 'SV', '', NULL, '2011-10-27 14:02:38', 'e324601', '2011-11-23 14:52:41', NULL),
	(2187, 2, 128, 1, '2011-11-24', '2011-11-30', '5', 'e332375', 'SV', '', NULL, '2011-10-27 14:03:25', 'e324601', '2011-10-31 07:11:37', NULL),
	(2188, 2, 4, 1, '2011-12-20', '2012-02-29', '5', 'e332375', 'SV', '', NULL, '2011-10-27 14:03:57', 'e324601', '2011-10-31 07:12:12', NULL),
	(2189, 1, 116, 1, '2011-11-08', '2011-12-20', '5', 'e332375', 'SV', '', NULL, '2011-10-27 14:07:04', 'e332375', '2011-11-07 08:00:16', ''),
	(2190, 1, 115, 1, '2011-10-31', '2011-11-01', '5', 'e355140', 'NeXsys - Baxi', '', NULL, '2011-10-27 14:11:17', 'e355140', '2011-10-31 07:01:54', ''),
	(2191, 2, 5, 1, '2011-10-31', '2011-11-04', '5', 'e677413', 'Valve test Houdek Karel', '', NULL, '2011-10-31 08:32:44', 'e677413', '2011-10-31 08:32:44', ''),
	(2192, 2, 120, 1, '2011-10-31', '2011-11-04', '3', 'e677413', 'Houdek Valve test', '', NULL, '2011-10-31 08:38:08', 'e677413', '2011-10-31 08:38:08', ''),
	(2193, 2, 5, 1, '2011-10-31', '2011-11-11', '1', 'e677413', 'oslejsek', '', NULL, '2011-10-31 08:40:09', 'e677413', '2011-10-31 08:40:09', ''),
	(2194, 2, 113, 1, '2011-10-03', '2011-11-30', '3', 'e677413', 'Creval  - Zlamal Pavel', '', NULL, '2011-10-31 08:44:36', 'e677413', '2011-10-31 08:44:36', ''),
	(2195, 1, 122, 1, '2011-11-07', '2011-11-15', '5', 'e476520', 'S9361', '', NULL, '2011-11-02 08:10:13', '0', '1900-01-01 00:00:00', NULL),
	(2196, 1, 117, 1, '2011-11-04', '2011-11-11', '5', 'e355141', 'Minetonka ThinUI', '', NULL, '2011-11-02 08:10:34', '0', '1900-01-01 00:00:00', NULL),
	(2197, 1, 117, 1, '2011-11-02', '2011-11-03', '5', 'e355141', 'PSE-G', 'E-Field', NULL, '2011-11-02 08:11:12', '0', '1900-01-01 00:00:00', NULL),
	(2198, 1, 141, 1, '2011-11-04', '2011-11-04', '5', 'e355140', 'NeXsys Baxi', '', NULL, '2011-11-03 13:06:08', '0', '1900-01-01 00:00:00', NULL),
	(2200, 2, 113, 1, '2011-11-04', '2011-11-11', '1', 'e677413', 'Creval', 'Horazny, Kozak', NULL, '2011-11-04 07:47:59', 'e677413', '2011-11-04 07:47:59', ''),
	(2201, 1, 141, 1, '2011-11-07', '2011-11-07', '5', 'e355140', 'NeXsys Baxi', '', NULL, '2011-11-04 15:02:34', '0', '1900-01-01 00:00:00', NULL),
	(2202, 1, 125, 1, '2011-11-04', '2011-11-07', '5', 'e360232', 'Vulcano', '', NULL, '2011-11-04 15:15:42', '0', '1900-01-01 00:00:00', NULL),
	(2203, 2, 121, 1, '2011-11-04', '2011-11-18', '5', 'e198806', 'NorthStar', 'Humidity test 14 days', NULL, '2011-11-07 08:53:47', 'e275009', '2011-11-07 08:56:04', NULL),
	(2204, 2, 119, 1, '2011-11-21', '2011-11-25', '1', 'e466422', 'Rectifiers for gas valves', '', NULL, '2011-11-08 14:27:48', 'e275009', '2011-11-09 06:11:25', NULL),
	(2205, 1, 167, 1, '2011-11-09', '2011-11-11', '5', 'e355141', 'PSE-G', '', NULL, '2011-11-09 07:35:10', '0', '1900-01-01 00:00:00', NULL),
	(2206, 1, 169, 1, '2011-11-09', '2011-11-10', '5', 'e525130', '708659', 'Spark energy', NULL, '2011-11-09 10:20:33', '0', '1900-01-01 00:00:00', NULL),
	(2207, 1, 116, 1, '2011-11-01', '2011-11-07', '1', 'e324601', '710398 Vesta', '', NULL, '2011-11-10 06:50:32', '0', '1900-01-01 00:00:00', NULL),
	(2208, 1, 115, 1, '2011-11-10', '2011-11-16', '5', 'e324601', 'Maxon Power Supply', '', NULL, '2011-11-10 10:32:16', '0', '1900-01-01 00:00:00', NULL),
	(2209, 1, 161, 1, '2011-11-28', '2011-12-09', '5', 'e205003', 'CVI-vf legacy', '', NULL, '2011-11-14 08:53:23', '0', '1900-01-01 00:00:00', NULL),
	(2210, 1, 131, 1, '2011-11-14', '2011-12-16', '5', 'e205003', 'Mereni dlouhodobe spotreby 60Hz site', '', NULL, '2011-11-14 08:54:42', '0', '1900-01-01 00:00:00', NULL),
	(2211, 1, 141, 1, '2011-11-14', '2011-11-16', '5', 'e355141', 'PSE-G, Minetonka Sylvia ThinUI', '', NULL, '2011-11-14 09:28:13', '0', '1900-01-01 00:00:00', NULL),
	(2212, 1, 125, 1, '2011-11-14', '2011-11-15', '5', 'e355140', 'Baxi', '', NULL, '2011-11-14 13:35:51', '0', '1900-01-01 00:00:00', NULL),
	(2213, 2, 121, 1, '2011-11-21', '2011-11-25', '5', 'e244207', 'T-Rex', 'Rezervace pro Pavla Maraka.', NULL, '2011-11-14 16:53:50', 'e275009', '2011-11-15 12:15:11', NULL),
	(2214, 1, 122, 1, '2011-11-16', '2011-11-22', '5', 'e476520', 'S9361A', '', NULL, '2011-11-15 08:10:26', '0', '1900-01-01 00:00:00', NULL),
	(2215, 1, 10, 1, '2011-11-21', '2011-12-21', '5', 'e324601', '711270 Maxon Power Supply', '', NULL, '2011-11-16 07:12:40', '0', '1900-01-01 00:00:00', NULL),
	(2216, 2, 124, 1, '2011-12-01', '2011-12-23', '5', 'e324601', '711270 Maxon Power Supply', '', NULL, '2011-11-16 07:16:22', 'e324601', '2011-11-16 07:16:22', ''),
	(2217, 2, 128, 1, '2011-11-22', '2011-11-23', '1', 'e677219', 'Vulcan', 'Budu tam merit cely tyden - domluveno s Tomasem Chvatalem, ktery to sice ma zamluvene, ale nevyuzije to.', NULL, '2011-11-16 09:41:23', 'e324601', '2011-11-17 09:47:31', NULL),
	(2218, 2, 119, 1, '2011-11-28', '2011-11-29', '1', 'e470736', 'S4962CM2020 - Temperature stability of frequency, 32.768kHz crystal (6141015704/7976044-3272)', '', NULL, '2011-11-16 13:41:06', 'e275009', '2011-11-21 11:23:43', NULL),
	(2219, 1, 130, 1, '2011-11-21', '2011-11-23', '5', 'e228392', 'DotMatrix + SOLA', '', NULL, '2011-11-16 13:46:20', '0', '1900-01-01 00:00:00', NULL),
	(2220, 1, 117, 1, '2011-11-21', '2011-11-23', '5', 'e228392', 'DotMatrix + SOLA', '', NULL, '2011-11-16 13:47:05', '0', '1900-01-01 00:00:00', NULL),
	(2221, 2, 6, 1, '2011-12-01', '2011-12-31', '5', 'e332375', 'SV', '', NULL, '2011-11-16 14:36:51', 'e324601', '2011-11-17 09:50:20', NULL),
	(2222, 1, 115, 1, '2011-11-22', '2011-11-24', '5', 'e324601', '711270 Maxon Power Supply', '', NULL, '2011-11-17 09:45:16', '0', '1900-01-01 00:00:00', NULL),
	(2223, 1, 125, 1, '2011-11-23', '2011-11-25', '5', 'e355140', 'NeXsys - Baxi', '', NULL, '2011-11-23 11:22:43', '0', '1900-01-01 00:00:00', NULL),
	(2224, 2, 128, 1, '2012-02-01', '2012-02-29', '5', 'e525130', '711800', '', NULL, '2011-11-23 14:38:17', 'e324601', '2011-11-23 14:50:35', NULL),
	(2225, 2, 128, 1, '2012-03-01', '2012-03-31', '5', 'e525130', '711799', '', NULL, '2011-11-23 14:39:33', 'e324601', '2011-11-23 14:51:17', NULL),
	(2228, 2, 136, 1, '2011-11-26', '2011-12-31', '5', 'e459841', 'Px42', 'Lze uvolnit test', NULL, '2011-11-24 13:55:11', 'e275009', '2011-11-24 14:04:59', NULL),
	(2229, 2, 121, 1, '2011-11-26', '2011-12-15', '5', 'e535710', 'Eugen', 'Testing LV actuators - cycling;\r\nDry test, Temperature = 55 Celsius.', NULL, '2011-11-24 14:02:50', 'e275009', '2011-11-24 14:18:36', NULL),
	(2230, 2, 170, 1, '2011-12-01', '2011-12-10', '5', 'e360232', 'Megadense', '', NULL, '2011-11-24 14:07:19', 'e228392', '2011-11-24 15:08:03', NULL),
	(2231, 1, 9, 1, '2011-11-09', '2011-11-09', '1', 'e315193', '01463', '', NULL, '2011-11-25 09:58:02', '0', '1900-01-01 00:00:00', NULL),
	(2233, 2, 175, 1, '2011-11-24', '2012-02-29', '5', 'e228392', 'RoHS test project CoEU P110004', '', NULL, '2011-11-25 12:27:00', 'e228392', '2011-11-25 12:27:00', ''),
	(2234, 2, 5, 1, '2011-11-28', '2011-12-19', '2', 'e532734', 'Kombi3+ membrane', 'Aging', NULL, '2011-11-25 12:56:52', 'e677413', '2011-11-25 13:08:43', NULL),
	(2237, 2, 119, 1, '2011-11-30', '2011-12-22', '5', 'e532734', 'Kombi3+', 'Aging 3 weeks at 130°C ', NULL, '2011-11-28 09:24:32', 'e275009', '2011-11-28 10:17:13', NULL),
	(2238, 2, 114, 1, '2011-12-01', '2011-12-08', '5', 'e282051', 'T-Rex bypass damper 708605', '', NULL, '2011-11-28 14:19:16', 'e324601', '2011-11-29 17:23:08', NULL),
	(2239, 1, 130, 1, '2011-11-28', '2011-12-02', '5', 'e332375', 'Aquastat', '', NULL, '2011-11-28 17:01:38', '0', '1900-01-01 00:00:00', NULL),
	(2240, 1, 122, 1, '2011-11-29', '2011-11-29', '1', 'e476520', 'S9361', '', NULL, '2011-11-29 10:02:18', '0', '1900-01-01 00:00:00', NULL),
	(2242, 2, 176, 1, '2011-11-30', '2011-12-04', '5', 'e360232', 'RAC', '', NULL, '2011-11-30 10:50:06', 'e390270', '2011-11-30 11:53:13', NULL),
	(2243, 1, 130, 1, '2011-12-05', '2011-12-09', '5', 'e332375', 'SV', '', NULL, '2011-12-01 07:11:55', '0', '1900-01-01 00:00:00', NULL),
	(2244, 1, 122, 1, '2011-12-05', '2011-12-14', '5', 'e459841', 'Baymak', '', NULL, '2011-12-01 08:37:25', '0', '1900-01-01 00:00:00', NULL),
	(2248, 1, 169, 1, '2011-12-02', '2011-12-02', '5', 'e371552', 'New RAC igniter', '', NULL, '2011-12-02 08:31:19', '0', '1900-01-01 00:00:00', NULL),
	(2249, 1, 141, 1, '2011-12-05', '2011-12-17', '5', 'e335886', 'Sylk', '', NULL, '2011-12-05 10:06:54', '0', '1900-01-01 00:00:00', NULL),
	(2250, 1, 167, 1, '2011-12-05', '2011-12-16', '5', 'e335886', 'sylk', '', NULL, '2011-12-05 10:08:21', '0', '1900-01-01 00:00:00', NULL),
	(2251, 1, 11, 1, '2011-12-07', '2011-12-16', '5', 'e335886', 'sylk', '', NULL, '2011-12-05 10:09:40', '0', '1900-01-01 00:00:00', NULL),
	(2252, 2, 176, 1, '2011-12-05', '2011-12-05', '1', 'e360232', 'RAC', '', NULL, '2011-12-05 13:36:32', 'e390270', '2011-12-05 14:47:34', NULL),
	(2253, 2, 176, 1, '2011-12-06', '2012-01-06', '5', 'e390270', 'CVI maintenance', '', NULL, '2011-12-05 14:49:02', 'e390270', '2011-12-05 14:49:02', ''),
	(2255, 1, 117, 1, '2011-12-09', '2011-12-14', '5', 'e324601', '711270 Maxon Power Supply', '', NULL, '2011-12-06 13:09:01', '0', '1900-01-01 00:00:00', NULL),
	(2256, 1, 168, 1, '2011-12-09', '2011-12-14', '5', 'e324601', '711270 Maxon Power Supply', '', NULL, '2011-12-06 13:10:20', '0', '1900-01-01 00:00:00', NULL),
	(2257, 2, 6, 1, '2012-03-01', '2012-03-31', '5', 'e476520', '711800 Rheem Modulating IFC', '', NULL, '2011-12-06 16:28:46', 'e324601', '2011-12-07 06:54:40', NULL),
	(2258, 1, 173, 1, '2011-12-19', '2011-12-19', '1', 'e466085', 'PRIMUS', 'Primus Plus backwashing test (Haltmar, Belhac)', NULL, '2011-12-07 09:26:47', '0', '1900-01-01 00:00:00', NULL),
	(2259, 1, 115, 1, '2011-12-07', '2011-12-08', '5', 'e360232', 'booster', '', NULL, '2011-12-07 14:57:09', '0', '1900-01-01 00:00:00', NULL),
	(2260, 1, 130, 1, '2011-12-12', '2011-12-13', '1', 'e332375', 'Aqaustat', '', NULL, '2011-12-08 09:16:31', '0', '1900-01-01 00:00:00', NULL),
	(2261, 1, 173, 1, '2012-01-09', '2012-01-13', '1', 'e466085', 'ALWA KOMBI 4', 'Belhac, Jakub; Klepsa, Martin (Water Controls EU)', NULL, '2011-12-08 15:40:56', '0', '1900-01-01 00:00:00', NULL),
	(2262, 1, 139, 1, '2011-12-09', '2011-12-16', '1', 'e282051', 'GA', '', NULL, '2011-12-08 16:09:33', '0', '1900-01-01 00:00:00', NULL),
	(2263, 2, 170, 1, '2011-12-11', '2011-12-31', '5', 'e228392', 'Rectifier in gasvalve', '', NULL, '2011-12-09 08:11:54', 'e228392', '2011-12-09 08:11:54', ''),
	(2264, 1, 161, 1, '2011-12-12', '2011-12-21', '5', 'e205003', 'AOS CVI', '', NULL, '2011-12-09 09:16:57', '0', '1900-01-01 00:00:00', NULL),
	(2265, 1, 122, 1, '2011-12-15', '2011-12-19', '5', 'e459841', 'Nexsys Baymark', '', NULL, '2011-12-12 07:33:42', '0', '1900-01-01 00:00:00', NULL),
	(2267, 1, 140, 1, '2011-12-12', '2011-12-12', '5', 'e459841', 'Nexsys Baymark', '', NULL, '2011-12-12 07:35:24', '0', '1900-01-01 00:00:00', NULL),
	(2268, 1, 115, 1, '2011-12-12', '2011-12-14', '5', 'e360232', 'Booster', '', NULL, '2011-12-12 10:59:31', '0', '1900-01-01 00:00:00', NULL),
	(2269, 1, 140, 1, '2011-12-13', '2011-12-14', '5', 'e459841', 'Baymark', '', NULL, '2011-12-13 08:43:30', '0', '1900-01-01 00:00:00', NULL),
	(2270, 2, 121, 1, '2011-12-13', '2011-12-14', '5', 'e324601', 'Maxon PS', '', NULL, '2011-12-13 08:58:58', 'e275009', '2011-12-13 09:21:29', NULL),
	(2271, 1, 115, 1, '2011-12-14', '2011-12-15', '5', 'e355140', 'NeXsys Baxi', '', NULL, '2011-12-13 09:40:22', 'e355140', '2011-12-14 10:32:47', ''),
	(2273, 1, 125, 1, '2011-12-13', '2011-12-15', '5', 'e324601', '711270 Maxon Power Supply', '', NULL, '2011-12-13 11:42:20', '0', '1900-01-01 00:00:00', NULL),
	(2275, 2, 176, 1, '2011-12-19', '2012-01-31', '5', 'e390270', 'CVI maintenance', '', NULL, '2011-12-13 15:07:53', 'e390270', '2011-12-13 15:07:53', ''),
	(2276, 1, 9, 1, '2011-12-15', '2011-12-23', '5', 'e275009', 'RTH7XX backlight redesign', '', NULL, '2011-12-14 10:30:43', '0', '1900-01-01 00:00:00', NULL),
	(2277, 2, 121, 1, '2011-12-15', '2011-12-16', '1', 'e324601', '2-St IFC Accolade relay replacement', '', NULL, '2011-12-15 07:24:41', 'e275009', '2011-12-16 08:55:52', NULL),
	(2278, 1, 173, 1, '2011-12-16', '2011-12-16', '1', 'e532734', 'Noise test', '', NULL, '2011-12-15 10:46:08', '0', '1900-01-01 00:00:00', NULL),
	(2279, 1, 173, 1, '2011-12-20', '2011-12-20', '1', 'e532734', 'Noise test', '', NULL, '2011-12-15 10:46:32', '0', '1900-01-01 00:00:00', NULL),
	(2280, 1, 122, 1, '2011-12-20', '2011-12-23', '5', 'e459841', 'Baymak', '', NULL, '2011-12-19 07:35:16', '0', '1900-01-01 00:00:00', NULL),
	(2281, 2, 121, 1, '2011-12-19', '2011-12-21', '5', 'e324601', '710103 Relays Requalification', '', NULL, '2011-12-19 07:56:31', 'e275009', '2011-12-19 08:12:03', NULL),
	(2282, 1, 173, 1, '2011-12-21', '2011-12-21', '1', 'e208518', 'D06F', '', NULL, '2011-12-19 11:55:53', '0', '1900-01-01 00:00:00', NULL),
	(2283, 1, 116, 1, '2011-12-21', '2011-12-23', '1', 'e332375', 'SV', '', NULL, '2011-12-20 08:19:49', '0', '1900-01-01 00:00:00', NULL),
	(2284, 1, 130, 1, '2011-12-21', '2011-12-23', '5', 'e459841', 'Baymak', '', NULL, '2011-12-21 10:34:50', '0', '1900-01-01 00:00:00', NULL),
	(2285, 2, 121, 1, '2011-12-22', '2012-01-06', '5', 'e324601', '710103 Relay Qualification', '', NULL, '2011-12-23 09:10:29', 'e275009', '2011-12-23 09:43:43', NULL),
	(2286, 1, 130, 1, '2012-01-02', '2012-01-05', '5', 'e459841', 'Nexsys Baymak', '', NULL, '2012-01-02 08:26:58', '0', '1900-01-01 00:00:00', NULL),
	(2288, 1, 173, 1, '2012-01-06', '2012-01-06', '1', 'e532734', 'Granada', '', NULL, '2012-01-02 08:50:30', '0', '1900-01-01 00:00:00', NULL),
	(2289, 2, 6, 1, '2012-01-02', '2012-01-19', '5', 'e332375', 'SV', '', NULL, '2012-01-02 09:19:56', 'e324601', '2012-01-02 10:07:02', NULL),
	(2290, 1, 9, 1, '2012-01-04', '2012-01-13', '5', 'e275009', 'RTH7XX backlight redesign', '', NULL, '2012-01-02 09:21:14', '0', '1900-01-01 00:00:00', NULL),
	(2291, 2, 4, 1, '2012-03-01', '2012-04-30', '5', 'e332375', 'SV device life test', '', NULL, '2012-01-02 09:22:07', 'e324601', '2012-01-02 10:08:08', NULL),
	(2292, 2, 124, 1, '2012-02-01', '2012-03-31', '5', 'e332375', 'SV', '', NULL, '2012-01-02 09:25:22', 'e324601', '2012-02-06 07:02:35', NULL),
	(2293, 1, 173, 1, '2012-01-05', '2012-01-05', '1', 'e532734', 'Flowcon', '', NULL, '2012-01-03 11:51:51', '0', '1900-01-01 00:00:00', NULL),
	(2294, 1, 173, 1, '2012-01-04', '2012-01-04', '1', 'e532734', 'Flowcon', '', NULL, '2012-01-03 11:52:20', '0', '1900-01-01 00:00:00', NULL),
	(2295, 1, 167, 1, '2012-01-03', '2012-01-06', '5', 'e335886', 'Sylk', '', NULL, '2012-01-03 14:10:52', '0', '1900-01-01 00:00:00', NULL),
	(2296, 1, 141, 1, '2012-01-03', '2012-01-06', '5', 'e335886', 'Sylk', '', NULL, '2012-01-03 14:11:16', '0', '1900-01-01 00:00:00', NULL),
	(2297, 2, 136, 1, '2012-01-04', '2012-01-31', '5', 'e532734', 'VS / FS ', '', NULL, '2012-01-03 15:04:28', 'e275009', '2012-01-04 06:00:17', NULL),
	(2300, 2, 138, 1, '2012-01-04', '2012-01-11', '5', 'e332375', 'Aqustat', '', NULL, '2012-01-04 08:55:45', 'e334629', '2012-01-06 07:37:11', NULL),
	(2301, 2, 121, 1, '2012-01-09', '2012-01-30', '5', 'e355141', 'Fossil', '', NULL, '2012-01-04 16:07:58', 'e275009', '2012-01-05 06:44:39', NULL),
	(2302, 2, 119, 1, '2012-01-05', '2012-01-23', '5', 'e355141', 'Fossil', '', NULL, '2012-01-04 16:09:11', 'e275009', '2012-01-05 06:44:14', NULL),
	(2303, 2, 114, 1, '2012-01-05', '2012-01-09', '5', 'e324601', '7010103 Relay Requalification', '', NULL, '2012-01-05 11:57:59', 'e324601', '2012-01-05 11:57:59', ''),
	(2305, 1, 168, 1, '2012-02-23', '2012-02-29', '5', 'e525130', '711799', 'ESD', NULL, '2012-01-06 11:22:51', 'e525130', '2012-02-23 14:34:23', ''),
	(2306, 1, 141, 1, '2012-02-15', '2012-02-29', '5', 'e525130', '711799', '', NULL, '2012-01-06 12:21:41', 'e525130', '2012-02-09 08:27:18', ''),
	(2307, 2, 128, 1, '2012-04-02', '2012-04-30', '5', 'e525130', '711800', '', NULL, '2012-01-06 12:22:42', 'e324601', '2012-01-06 13:06:41', NULL),
	(2308, 1, 168, 1, '2012-03-05', '2012-03-31', '5', 'e525130', '711800', '', NULL, '2012-01-06 12:24:18', '0', '1900-01-01 00:00:00', NULL),
	(2309, 1, 141, 1, '2012-03-05', '2012-03-31', '5', 'e525130', '711800', '', NULL, '2012-01-06 12:24:43', '0', '1900-01-01 00:00:00', NULL),
	(2311, 1, 123, 1, '2012-04-20', '2012-04-28', '5', 'e525130', '711799', '', NULL, '2012-01-06 12:30:19', 'e525130', '2012-04-13 09:13:04', ''),
	(2312, 1, 123, 1, '2012-01-09', '2012-01-23', '5', 'e275009', 'Backlight redesign', 'Backlight redesign', NULL, '2012-01-09 10:05:22', '0', '1900-01-01 00:00:00', NULL),
	(2313, 1, 9, 1, '2012-01-09', '2012-01-20', '5', 'e275009', 'Backlight redesign', '', NULL, '2012-01-09 10:06:17', '0', '1900-01-01 00:00:00', NULL),
	(2314, 2, 124, 1, '2012-01-02', '2012-01-31', '5', 'e324601', '711270 Maxon Power Supply', '', NULL, '2012-01-09 10:14:58', 'e324601', '2012-01-09 10:14:58', ''),
	(2316, 1, 173, 1, '2012-01-16', '2012-01-18', '1', 'e466085', 'Alwa Kombi 4', 'Alwa Kombi 4 competitors / Klepsa / Belhac', NULL, '2012-01-09 13:22:19', '0', '1900-01-01 00:00:00', NULL),
	(2317, 2, 138, 1, '2012-01-12', '2012-01-31', '5', 'e436340', 'Kalibrace', '', NULL, '2012-01-09 14:54:45', 'e334629', '2012-01-10 08:22:42', NULL),
	(2318, 1, 117, 1, '2012-01-10', '2012-01-12', '5', 'e459841', 'Baymak', '', NULL, '2012-01-10 08:43:36', '0', '1900-01-01 00:00:00', NULL),
	(2319, 1, 167, 1, '2012-01-10', '2012-01-12', '5', 'e459841', 'Baymak', '', NULL, '2012-01-10 08:44:16', '0', '1900-01-01 00:00:00', NULL),
	(2320, 2, 114, 1, '2012-01-10', '2012-01-20', '5', 'e324601', '711270 Maxon Power Supply', '', NULL, '2012-01-11 07:23:48', 'e324601', '2012-01-11 07:23:48', ''),
	(2321, 1, 125, 1, '2012-01-11', '2012-01-12', '5', 'e228392', 'Nefit SK10018', '', NULL, '2012-01-11 07:53:51', '0', '1900-01-01 00:00:00', NULL),
	(2324, 1, 141, 1, '2012-01-12', '2012-01-13', '5', 'e459841', 'Baymak', '', NULL, '2012-01-12 10:39:45', '0', '1900-01-01 00:00:00', NULL),
	(2326, 1, 167, 1, '2012-01-13', '2012-01-13', '1', 'e459841', 'Baymak', '', NULL, '2012-01-13 07:55:12', '0', '1900-01-01 00:00:00', NULL),
	(2327, 1, 173, 1, '2012-01-20', '2012-01-25', '1', 'e366268', '701552 Kombi Pro', '', NULL, '2012-01-13 10:26:17', '0', '1900-01-01 00:00:00', NULL),
	(2328, 1, 125, 1, '2012-01-16', '2012-01-20', '5', 'e324601', '710103 Relay Requalification Hongfa', '', NULL, '2012-01-16 08:28:39', '0', '1900-01-01 00:00:00', NULL),
	(2330, 1, 117, 1, '2012-01-20', '2012-01-20', '5', 'e536792', 'test kalibrace', '', NULL, '2012-01-16 14:32:11', '0', '1900-01-01 00:00:00', NULL),
	(2331, 1, 141, 1, '2012-01-20', '2012-01-20', '5', 'e536792', 'test kalibrace', '', NULL, '2012-01-16 14:33:04', '0', '1900-01-01 00:00:00', NULL),
	(2332, 1, 9, 1, '2012-01-21', '2012-01-31', '5', 'e275009', 'Backlight Redesign', '', NULL, '2012-01-17 07:02:27', '0', '1900-01-01 00:00:00', NULL),
	(2333, 1, 123, 1, '2012-01-24', '2012-01-29', '5', 'e275009', 'Backlight Redesign', '', NULL, '2012-01-17 07:04:27', '0', '1900-01-01 00:00:00', NULL),
	(2335, 1, 178, 1, '2012-01-20', '2012-01-20', '1', 'e334629', 'Kalibrace', '', NULL, '2012-01-17 07:22:31', '0', '1900-01-01 00:00:00', NULL),
	(2336, 1, 130, 1, '2012-01-17', '2012-01-20', '5', 'e332375', 'SV', '', NULL, '2012-01-17 08:38:27', '0', '1900-01-01 00:00:00', NULL),
	(2337, 1, 122, 1, '2012-01-17', '2012-01-18', '5', 'e459841', 'Baymak', '', NULL, '2012-01-17 08:52:03', '0', '1900-01-01 00:00:00', NULL),
	(2338, 1, 142, 1, '2012-01-17', '2012-01-20', '5', 'e355140', 'NeXsys Baxi', '', NULL, '2012-01-17 10:39:08', '0', '1900-01-01 00:00:00', NULL),
	(2339, 1, 173, 1, '2012-01-26', '2012-01-26', '1', 'e334629', 'exkurze', '', NULL, '2012-01-19 13:37:04', '0', '1900-01-01 00:00:00', NULL),
	(2340, 1, 122, 1, '2012-01-20', '2012-01-23', '5', 'e459841', 'baymak', '', NULL, '2012-01-19 16:48:11', '0', '1900-01-01 00:00:00', NULL),
	(2341, 2, 114, 1, '2012-01-21', '2012-01-31', '5', 'e324601', '710103 LK1AF Relay replacements qulification (Hongfa)', '', NULL, '2012-01-20 09:39:23', 'e324601', '2012-01-20 09:39:23', ''),
	(2342, 1, 125, 1, '2012-01-26', '2012-02-03', '5', 'e324601', '710103 Relay Hongfa Requalification', '', NULL, '2012-01-23 06:50:10', '0', '1900-01-01 00:00:00', NULL),
	(2343, 2, 114, 1, '2012-02-01', '2012-02-10', '5', 'e324601', '710103 Relays Requalification', '', NULL, '2012-01-23 06:52:40', 'e324601', '2012-01-23 06:52:40', ''),
	(2344, 1, 116, 1, '2012-01-23', '2012-01-27', '5', 'e355140', 'NeXsys Baxi', '', NULL, '2012-01-23 08:57:29', '0', '1900-01-01 00:00:00', NULL),
	(2345, 1, 130, 1, '2012-01-23', '2012-01-27', '5', 'e332375', 'SV', '', NULL, '2012-01-23 09:20:11', '0', '1900-01-01 00:00:00', NULL),
	(2346, 1, 12, 1, '2012-01-24', '2012-02-03', '5', 'e525130', '709225', 'Testing in Vyskov one day within this interval another is here', NULL, '2012-01-23 09:55:03', '0', '1900-01-01 00:00:00', NULL),
	(2347, 1, 122, 1, '2012-01-24', '2012-01-24', '5', 'e459841', 'Baymak', '', NULL, '2012-01-24 11:34:35', '0', '1900-01-01 00:00:00', NULL),
	(2349, 1, 141, 1, '2012-01-26', '2012-01-31', '5', 'e355141', 'Fossil', '', NULL, '2012-01-25 16:04:33', '0', '1900-01-01 00:00:00', NULL),
	(2350, 1, 141, 1, '2012-02-01', '2012-02-03', '5', 'e355141', 'Fossil', '', NULL, '2012-01-25 16:05:24', '0', '1900-01-01 00:00:00', NULL),
	(2351, 1, 117, 1, '2012-01-26', '2012-01-27', '5', 'e355141', 'Goldilocks', '', NULL, '2012-01-25 16:07:27', '0', '1900-01-01 00:00:00', NULL),
	(2352, 1, 169, 1, '2012-01-26', '2012-01-26', '1', 'e525130', '711389', '', NULL, '2012-01-25 20:40:54', '0', '1900-01-01 00:00:00', NULL),
	(2354, 1, 122, 1, '2012-01-26', '2012-01-30', '5', 'e228392', 'Fuel Cell ', '', NULL, '2012-01-26 12:23:50', '0', '1900-01-01 00:00:00', NULL),
	(2355, 1, 116, 1, '2012-01-30', '2012-02-03', '5', 'e355140', 'NeXsys Baxi', '', NULL, '2012-01-27 13:47:27', '0', '1900-01-01 00:00:00', NULL),
	(2356, 1, 130, 1, '2012-01-30', '2012-01-31', '1', 'e332375', 'SV', '', NULL, '2012-01-30 07:54:11', '0', '1900-01-01 00:00:00', NULL),
	(2357, 2, 121, 1, '2012-02-01', '2012-02-10', '5', 'e355141', 'Fossil', '', NULL, '2012-01-30 08:07:47', 'e275009', '2012-01-30 08:29:43', NULL),
	(2358, 1, 142, 1, '2012-01-30', '2012-02-10', '5', 'e275009', 'backlight re-design', '', NULL, '2012-01-30 09:52:32', '0', '1900-01-01 00:00:00', NULL),
	(2359, 1, 167, 1, '2012-02-03', '2012-02-17', '5', 'e275009', 'backlight re-design', '', NULL, '2012-01-30 09:55:31', '0', '1900-01-01 00:00:00', NULL),
	(2360, 1, 117, 1, '2012-02-03', '2012-02-17', '5', 'e275009', 'backlight re-design', '', NULL, '2012-01-30 09:56:39', '0', '1900-01-01 00:00:00', NULL),
	(2361, 1, 173, 1, '2012-01-31', '2012-01-31', '1', 'e466085', 'D06-2015', 'Belhac, Jakub; Novotny, Marek', NULL, '2012-01-30 13:21:07', '0', '1900-01-01 00:00:00', NULL),
	(2362, 2, 121, 1, '2012-01-31', '2012-01-31', '1', 'e355141', 'Fossil', '', NULL, '2012-01-31 06:15:18', 'e275009', '2012-01-31 06:25:17', NULL),
	(2363, 2, 176, 1, '2012-02-01', '2012-02-20', '5', 'e390270', 'CVI - maintenance', '', NULL, '2012-01-31 08:09:51', 'e390270', '2012-01-31 08:09:51', ''),
	(2364, 1, 173, 1, '2012-02-01', '2012-02-03', '1', 'e244214', 'Alwa W554', 'Flow tests', NULL, '2012-01-31 09:33:03', '0', '1900-01-01 00:00:00', NULL),
	(2365, 2, 138, 1, '2012-02-09', '2012-02-09', '0', 'e208518', 'CA295', '', NULL, '2012-01-31 12:14:15', '0', '1900-01-01 00:00:00', NULL),
	(2366, 1, 167, 1, '2012-02-01', '2012-02-02', '5', 'e355141', 'Fossil', '', NULL, '2012-01-31 14:05:39', '0', '1900-01-01 00:00:00', NULL),
	(2368, 1, 116, 1, '2012-02-06', '2012-02-10', '1', 'e332375', 'SOLA', '', NULL, '2012-02-01 10:36:39', '0', '1900-01-01 00:00:00', NULL),
	(2369, 2, 6, 1, '2012-02-09', '2012-02-29', '5', 'e476520', 'Rheem Modulating', '', NULL, '2012-02-01 10:36:41', 'e324601', '2012-02-01 10:57:54', NULL),
	(2372, 2, 6, 1, '2012-02-01', '2012-02-08', '5', 'e324601', '701103 Relays Requalification', '', NULL, '2012-02-01 11:03:47', 'e324601', '2012-02-01 11:03:47', ''),
	(2373, 1, 130, 1, '2012-02-01', '2012-02-10', '5', 'e332375', 'SOLA', '', NULL, '2012-02-01 13:53:37', '0', '1900-01-01 00:00:00', NULL),
	(2374, 1, 117, 1, '2012-02-20', '2012-02-29', '5', 'e275009', 'backlight redesing', '', NULL, '2012-02-03 07:58:06', '0', '1900-01-01 00:00:00', NULL),
	(2375, 1, 167, 1, '2012-02-20', '2012-02-29', '5', 'e275009', 'backlight redesign', '', NULL, '2012-02-03 07:58:44', '0', '1900-01-01 00:00:00', NULL),
	(2376, 1, 9, 1, '2012-02-03', '2012-02-10', '5', 'e332375', 'SOLA', '', NULL, '2012-02-03 13:11:11', '0', '1900-01-01 00:00:00', NULL),
	(2377, 2, 138, 1, '2012-02-01', '2012-02-08', '0', 'e436340', 'kalibrace/oprava', '', NULL, '2012-02-06 08:10:34', '0', '1900-01-01 00:00:00', NULL),
	(2379, 1, 173, 1, '2012-02-06', '2012-02-08', '1', 'e244214', 'W554', '', NULL, '2012-02-06 08:24:03', '0', '1900-01-01 00:00:00', NULL),
	(2380, 1, 173, 1, '2012-02-09', '2012-02-10', '5', 'e366268', '701552 K - Pro', '', NULL, '2012-02-06 12:47:58', '0', '1900-01-01 00:00:00', NULL),
	(2381, 2, 119, 1, '2012-02-08', '2012-02-10', '5', 'e355140', 'NeXsys Baxi', '', NULL, '2012-02-07 14:02:26', 'e275009', '2012-02-07 14:10:26', NULL),
	(2382, 1, 173, 1, '2012-02-13', '2012-02-13', '1', 'e208518', 'D06F', '', NULL, '2012-02-08 16:49:42', '0', '1900-01-01 00:00:00', NULL),
	(2383, 1, 173, 1, '2012-02-16', '2012-02-17', '1', 'e466085', 'ALWA W554', 'insulation shell infuence on flowrate characteristic / Belhac, Klepsa', NULL, '2012-02-09 08:56:11', '0', '1900-01-01 00:00:00', NULL),
	(2384, 2, 119, 1, '2012-02-13', '2012-02-17', '5', 'e355140', 'NeXsys Baxi', '', NULL, '2012-02-10 13:33:01', 'e275009', '2012-02-10 13:35:31', NULL),
	(2385, 1, 9, 1, '2012-02-13', '2012-02-15', '5', 'e459841', 'Baymak', '', NULL, '2012-02-10 14:26:57', '0', '1900-01-01 00:00:00', NULL),
	(2386, 1, 141, 1, '2012-02-13', '2012-02-14', '1', 'e459841', 'Baymak', '', NULL, '2012-02-10 14:27:44', '0', '1900-01-01 00:00:00', NULL),
	(2387, 1, 168, 1, '2012-02-13', '2012-02-14', '1', 'e459841', 'Baymak', '', NULL, '2012-02-10 14:28:10', '0', '1900-01-01 00:00:00', NULL),
	(2388, 1, 173, 1, '2012-02-14', '2012-02-15', '1', 'e244214', 'Alwa W554', 'Alwa W554', NULL, '2012-02-10 14:55:26', '0', '1900-01-01 00:00:00', NULL),
	(2389, 1, 122, 1, '2012-02-28', '2012-03-31', '5', 'e476520', 'Rheem ModulatingIFC/2Stage IFC', '', NULL, '2012-02-13 08:05:03', 'e476520', '2012-02-23 14:33:39', ''),
	(2390, 1, 169, 1, '2012-02-08', '2012-02-11', '1', 'e525130', '708659', '', NULL, '2012-02-13 09:13:18', '0', '1900-01-01 00:00:00', NULL),
	(2391, 1, 169, 1, '2012-02-13', '2012-02-14', '1', 'e525130', '711800', '', NULL, '2012-02-13 09:14:03', '0', '1900-01-01 00:00:00', NULL),
	(2392, 2, 121, 1, '2012-02-13', '2012-02-15', '5', 'e538212', 'Thera-3, Thera-4', '', NULL, '2012-02-13 09:31:17', 'e275009', '2012-02-13 09:39:19', NULL),
	(2393, 2, 136, 1, '2012-02-14', '2012-02-14', '5', 'e532734', 'Kombi 3+', '130°C', NULL, '2012-02-13 09:39:03', 'e275009', '2012-02-13 09:40:32', NULL),
	(2394, 1, 178, 1, '2012-02-14', '2012-02-17', '5', 'e425882', 'Ethernet Module', 'closed field probe measuring (spectral analyser)', NULL, '2012-02-13 16:35:15', '0', '1900-01-01 00:00:00', NULL),
	(2395, 1, 173, 1, '2012-02-20', '2012-02-20', '1', 'e532734', 'Kombi 3+', '', NULL, '2012-02-14 08:23:33', '0', '1900-01-01 00:00:00', NULL),
	(2396, 1, 122, 1, '2012-02-14', '2012-02-15', '5', 'e459841', 'Baymak', '', NULL, '2012-02-14 11:41:51', '0', '1900-01-01 00:00:00', NULL),
	(2397, 1, 115, 1, '2012-02-14', '2012-02-17', '1', 'e425882', 'Ethernet Module', '', NULL, '2012-02-15 08:28:52', '0', '1900-01-01 00:00:00', NULL),
	(2398, 1, 173, 1, '2012-02-21', '2012-02-21', '1', 'e208518', 'D06F', '', NULL, '2012-02-15 11:12:16', '0', '1900-01-01 00:00:00', NULL),
	(2399, 1, 125, 1, '2012-02-16', '2012-02-23', '5', 'e355141', 'Fossil', '', NULL, '2012-02-15 15:51:32', '0', '1900-01-01 00:00:00', NULL),
	(2400, 2, 136, 1, '2012-02-17', '2012-02-27', '5', 'e532734', 'Kombi 3+', '', NULL, '2012-02-15 17:27:23', 'e275009', '2012-02-16 06:40:34', ''),
	(2401, 2, 138, 1, '2012-02-17', '2012-02-21', '0', 'e208518', 'CA295', '', NULL, '2012-02-16 08:59:12', '0', '1900-01-01 00:00:00', NULL),
	(2402, 1, 142, 1, '2012-02-16', '2012-02-21', '5', 'e355141', 'Fossil', '', NULL, '2012-02-16 09:57:14', '0', '1900-01-01 00:00:00', NULL),
	(2403, 2, 119, 1, '2012-02-20', '2012-02-24', '5', 'e355140', 'NeXsys Baxi', '', NULL, '2012-02-17 09:31:00', 'e275009', '2012-02-17 10:35:45', NULL),
	(2404, 1, 173, 1, '2012-02-22', '2012-02-22', '1', 'e466085', 'Primus Plus', 'Belhac, Jakub; Haltmar Bretislav - projekt PrimusPlus', NULL, '2012-02-20 12:51:12', '0', '1900-01-01 00:00:00', NULL),
	(2405, 2, 114, 1, '2012-02-20', '2012-03-23', '5', 'e324601', '712155 IBC 2012', '', NULL, '2012-02-20 14:54:17', 'e324601', '2012-02-20 14:54:17', ''),
	(2406, 1, 116, 1, '2012-02-20', '2012-03-16', '5', 'e324601', '712155 IBC 2012', '', NULL, '2012-02-20 14:58:45', '0', '1900-01-01 00:00:00', NULL),
	(2407, 1, 173, 1, '2012-02-23', '2012-02-23', '1', 'e466085', 'alwa w554', '', NULL, '2012-02-21 14:34:11', '0', '1900-01-01 00:00:00', NULL),
	(2408, 1, 122, 1, '2012-02-22', '2012-02-22', '5', 'e228392', 'MCBA', '', NULL, '2012-02-22 08:09:23', '0', '1900-01-01 00:00:00', NULL),
	(2409, 1, 173, 1, '2012-02-24', '2012-02-24', '5', 'e208518', 'D06F', '', NULL, '2012-02-22 15:47:58', '0', '1900-01-01 00:00:00', NULL),
	(2410, 1, 173, 1, '2012-02-27', '2012-02-27', '1', 'e366268', '701552 - Kombi Pro', '', NULL, '2012-02-23 06:56:22', '0', '1900-01-01 00:00:00', NULL),
	(2411, 1, 173, 1, '2012-02-28', '2012-02-28', '1', 'e532734', 'QI 11-05 Kombi3+ membran', '', NULL, '2012-02-24 14:08:49', '0', '1900-01-01 00:00:00', NULL),
	(2412, 1, 173, 1, '2012-02-29', '2012-02-29', '1', 'e208518', 'D06F', '', NULL, '2012-02-27 08:37:08', '0', '1900-01-01 00:00:00', NULL),
	(2413, 1, 173, 1, '2012-03-01', '2012-03-01', '1', 'e466085', 'primus plus', 'mereni prutokove charakteristicky filtru primusplus', NULL, '2012-02-27 08:53:55', '0', '1900-01-01 00:00:00', NULL),
	(2414, 1, 173, 1, '2012-03-02', '2012-03-02', '1', 'e366268', '701552 Kombi Pro', '', NULL, '2012-02-27 10:28:02', '0', '1900-01-01 00:00:00', NULL),
	(2415, 2, 175, 1, '2012-03-01', '2012-03-31', '5', 'e228392', 'AMC spark trafo', '', NULL, '2012-03-01 07:39:57', 'e228392', '2012-03-01 07:39:57', ''),
	(2417, 2, 119, 1, '2012-03-02', '2012-03-09', '5', 'e532734', 'Kombi 3+ membrane leakage after aging', '', NULL, '2012-03-01 14:56:13', 'e275009', '2012-03-02 06:06:21', NULL),
	(2418, 1, 173, 1, '2012-03-05', '2012-03-05', '1', 'e208518', 'D06F', '', NULL, '2012-03-02 09:49:25', '0', '1900-01-01 00:00:00', NULL),
	(2419, 2, 136, 1, '2012-03-02', '2012-03-16', '5', 'e228392', 'S4572 Orangebox', '', NULL, '2012-03-02 10:53:34', 'e275009', '2012-03-02 11:32:51', NULL),
	(2420, 1, 173, 1, '2012-03-12', '2012-03-23', '5', 'e366268', '701552 K-Pro', '', NULL, '2012-03-02 12:04:59', '0', '1900-01-01 00:00:00', NULL),
	(2421, 2, 6, 1, '2012-04-02', '2012-04-30', '5', 'e332375', 'SV', '', NULL, '2012-03-05 10:47:45', 'e324601', '2012-04-04 07:11:14', ''),
	(2422, 1, 125, 1, '2012-03-05', '2012-03-05', '5', 'e360232', 'Orangebox', '', NULL, '2012-03-05 11:13:17', '0', '1900-01-01 00:00:00', NULL),
	(2423, 1, 179, 1, '2012-03-19', '2012-03-31', '5', 'e332375', 'Smart Valve', '', NULL, '2012-03-05 16:51:02', '0', '1900-01-01 00:00:00', NULL),
	(2424, 2, 4, 1, '2012-05-01', '2012-06-30', '3', 'e332375', 'Smart Valve', '', NULL, '2012-03-05 16:53:41', 'e324601', '2012-03-06 08:57:01', NULL),
	(2425, 1, 161, 1, '2012-05-07', '2012-05-11', '5', 'e332375', 'Smart Valve', '', NULL, '2012-03-05 16:54:44', '0', '1900-01-01 00:00:00', NULL),
	(2426, 1, 9, 1, '2012-03-12', '2012-03-23', '5', 'e332375', 'SV', '', NULL, '2012-03-06 07:21:43', '0', '1900-01-01 00:00:00', NULL),
	(2427, 1, 116, 1, '2012-03-26', '2012-05-11', '5', 'e332375', 'SV', '', NULL, '2012-03-06 07:23:52', '0', '1900-01-01 00:00:00', NULL),
	(2428, 2, 114, 1, '2012-04-09', '2012-04-21', '5', 'e332375', 'SV', '', NULL, '2012-03-06 07:33:24', 'e324601', '2012-03-06 08:53:07', NULL),
	(2429, 2, 121, 1, '2012-03-16', '2012-04-03', '5', 'e332375', 'Smart Valve', '', NULL, '2012-03-06 07:48:49', 'e275009', '2012-03-06 09:14:03', NULL),
	(2430, 2, 114, 1, '2012-03-24', '2012-03-31', '1', 'e315193', 'Gas Air', 'Gas Air', NULL, '2012-03-06 08:33:55', 'e324601', '2012-03-27 08:37:05', NULL),
	(2431, 2, 114, 1, '2012-04-01', '2012-04-08', '5', 'e315193', 'Gas Air', '', NULL, '2012-03-06 08:34:45', 'e324601', '2012-03-06 08:56:24', NULL),
	(2432, 2, 121, 1, '2012-03-06', '2012-03-08', '5', 'e355140', 'NeXsys Baxi', 'ADC measurement', NULL, '2012-03-06 08:51:00', 'e275009', '2012-03-06 09:13:40', NULL),
	(2434, 1, 130, 1, '2012-04-16', '2012-04-16', '5', 'e332375', 'SV', '', NULL, '2012-03-06 09:34:05', '0', '1900-01-01 00:00:00', NULL),
	(2435, 1, 130, 1, '2012-04-17', '2012-04-24', '5', 'e332375', 'SV', '', NULL, '2012-03-06 09:34:25', '0', '1900-01-01 00:00:00', NULL),
	(2436, 1, 141, 1, '2012-04-23', '2012-05-02', '5', 'e332375', 'SV', '', NULL, '2012-03-06 09:35:36', '0', '1900-01-01 00:00:00', NULL),
	(2437, 1, 125, 1, '2012-03-08', '2012-03-09', '5', 'e360232', 'CM700', '', NULL, '2012-03-07 15:22:49', '0', '1900-01-01 00:00:00', NULL),
	(2439, 1, 138, 1, '2012-03-08', '2012-03-08', '1', 'e331228', '3510', '', NULL, '2012-03-08 07:15:39', '0', '1900-01-01 00:00:00', NULL),
	(2441, 1, 123, 1, '2012-03-09', '2012-03-09', '1', 'e275009', 'Sonic', '', NULL, '2012-03-09 08:02:49', '0', '1900-01-01 00:00:00', NULL),
	(2442, 1, 173, 1, '2012-03-26', '2012-03-27', '1', 'e208518', 'D06 2015', '', NULL, '2012-03-12 08:20:48', '0', '1900-01-01 00:00:00', NULL),
	(2443, 2, 121, 1, '2012-04-04', '2012-04-13', '5', 'e332375', 'SV', '', NULL, '2012-03-12 12:18:30', 'e275009', '2012-03-12 14:03:11', NULL),
	(2445, 2, 176, 1, '2012-03-13', '2012-03-16', '5', 'e390270', 'CVI - maintenance', '', NULL, '2012-03-13 09:10:00', 'e390270', '2012-03-13 09:10:00', ''),
	(2446, 2, 119, 1, '2012-03-13', '2012-05-14', '5', 'e420412', 'Eugene', '', NULL, '2012-03-13 09:11:49', 'e275009', '2012-03-13 14:31:11', 'V případě akutního požadavku na testování Homes NA se vyhrazuje právo, po předchozí domluvě, na přerušení testu na nezbytně nutnou dobu.'),
	(2447, 1, 130, 1, '2012-03-13', '2012-03-14', '5', 'e360232', 'CM700', '', NULL, '2012-03-13 09:55:10', '0', '1900-01-01 00:00:00', NULL),
	(2448, 2, 176, 1, '2012-03-17', '2012-04-28', '5', 'e228392', 'OrangeBox', 'Can be interrupted', NULL, '2012-03-13 10:47:45', 'e390270', '2012-03-13 11:01:04', 'Muzu ti to garantovat pristi tyden, kdy budu na sluzebce, pote budeme pokracovat v testech, tak se pak osobne domluvime'),
	(2449, 1, 178, 1, '2012-03-14', '2012-03-19', '5', 'e360230', 'Sonic', '', NULL, '2012-03-13 11:41:34', '0', '1900-01-01 00:00:00', NULL),
	(2450, 2, 121, 1, '2012-03-14', '2012-03-15', '5', 'e355140', 'NeXsys Baxi', '', NULL, '2012-03-13 14:53:31', 'e275009', '2012-03-13 15:20:39', NULL),
	(2452, 1, 123, 1, '2012-03-15', '2012-03-15', '1', 'e275009', 'Sonic', '', NULL, '2012-03-14 11:03:39', '0', '1900-01-01 00:00:00', NULL),
	(2453, 1, 9, 1, '2012-03-26', '2012-03-31', '5', 'e332375', 'SV', '', NULL, '2012-03-15 06:49:32', '0', '1900-01-01 00:00:00', NULL),
	(2454, 1, 123, 1, '2012-03-16', '2012-03-23', '5', 'e275009', 'Sonic', '', NULL, '2012-03-15 09:14:16', '0', '1900-01-01 00:00:00', NULL),
	(2455, 1, 116, 1, '2012-03-19', '2012-03-25', '1', 'e324601', '712155 IBC 2012', '', NULL, '2012-03-16 09:51:46', '0', '1900-01-01 00:00:00', NULL),
	(2456, 1, 125, 1, '2012-03-16', '2012-03-16', '1', 'e476520', 'Rheem', '', NULL, '2012-03-16 10:59:15', '0', '1900-01-01 00:00:00', NULL),
	(2457, 1, 177, 1, '2012-03-19', '2012-03-19', '1', 'e402873', 'Flex RF portal', '', NULL, '2012-03-16 16:46:33', '0', '1900-01-01 00:00:00', NULL),
	(2458, 1, 179, 1, '2012-04-01', '2012-04-07', '5', 'e332375', 'SV', '', NULL, '2012-03-19 07:15:34', '0', '1900-01-01 00:00:00', NULL),
	(2459, 1, 125, 1, '2012-03-19', '2012-03-23', '5', 'e459841', 'Baymak', '', NULL, '2012-03-19 09:54:59', '0', '1900-01-01 00:00:00', NULL),
	(2460, 1, 130, 1, '2012-03-22', '2012-03-28', '5', 'e459841', 'Baymak', '', NULL, '2012-03-19 09:55:33', 'e459841', '2012-03-23 15:11:42', ''),
	(2461, 1, 178, 1, '2012-03-20', '2012-03-23', '5', 'e360230', 'Sonic', '', NULL, '2012-03-19 11:20:12', '0', '1900-01-01 00:00:00', NULL),
	(2462, 1, 177, 1, '2012-03-20', '2012-03-23', '5', 'e355141', 'Goldilocks', '', NULL, '2012-03-19 12:11:33', '0', '1900-01-01 00:00:00', NULL),
	(2463, 1, 171, 1, '2012-03-19', '2012-03-23', '5', 'e355141', 'Goldilocks', '', NULL, '2012-03-19 12:12:32', '0', '1900-01-01 00:00:00', NULL),
	(2464, 1, 178, 1, '2012-03-26', '2012-03-28', '5', 'e525128', 'Rheem IFC', '', NULL, '2012-03-21 10:44:47', '0', '1900-01-01 00:00:00', NULL),
	(2465, 1, 115, 1, '2012-03-26', '2012-03-28', '5', 'e525128', 'Rheem IFC', '', NULL, '2012-03-21 10:45:43', '0', '1900-01-01 00:00:00', NULL),
	(2466, 1, 173, 1, '2012-03-30', '2012-03-30', '1', 'e447382', '701552-Kombi PRO', 'Spring tuning measurement', NULL, '2012-03-22 09:53:53', '0', '1900-01-01 00:00:00', NULL),
	(2467, 1, 123, 1, '2012-03-26', '2012-03-31', '5', 'e275009', 'SONIC', '', NULL, '2012-03-22 12:32:40', '0', '1900-01-01 00:00:00', NULL),
	(2469, 2, 136, 1, '2012-03-20', '2012-03-27', '5', 'e402730', 'Kombi 3 +', 'Replacing Viktors one', NULL, '2012-03-23 11:02:09', 'e275009', '2012-03-23 11:18:55', NULL),
	(2472, 1, 125, 1, '2012-04-04', '2012-04-20', '5', 'e536792', 'kalibrace', '', NULL, '2012-03-23 13:50:36', 'e536792', '2012-03-28 10:58:14', ''),
	(2473, 1, 140, 1, '2012-03-28', '2012-04-13', '5', 'e536792', 'kalibrace', '', NULL, '2012-03-23 13:53:33', '0', '1900-01-01 00:00:00', NULL),
	(2474, 1, 140, 1, '2012-03-26', '2012-03-27', '5', 'e459841', 'Baymak', '', NULL, '2012-03-23 15:12:16', '0', '1900-01-01 00:00:00', NULL),
	(2475, 1, 117, 1, '2012-03-29', '2012-03-30', '1', 'e459841', 'Baymak', '', NULL, '2012-03-23 15:12:56', '0', '1900-01-01 00:00:00', NULL),
	(2476, 1, 167, 1, '2012-03-29', '2012-03-30', '1', 'e459841', 'Baymak', '', NULL, '2012-03-23 15:14:16', '0', '1900-01-01 00:00:00', NULL),
	(2477, 1, 177, 1, '2012-03-26', '2012-03-30', '5', 'e355141', 'Goldilocks', '', NULL, '2012-03-26 08:03:22', '0', '1900-01-01 00:00:00', NULL),
	(2478, 1, 171, 1, '2012-03-26', '2012-03-29', '5', 'e355141', 'Goldilocks', '', NULL, '2012-03-26 08:04:18', '0', '1900-01-01 00:00:00', NULL),
	(2479, 1, 173, 1, '2012-03-28', '2012-03-28', '5', 'e208518', 'D06 2015', '', NULL, '2012-03-26 08:35:03', '0', '1900-01-01 00:00:00', NULL),
	(2480, 1, 117, 1, '2012-03-27', '2012-03-28', '1', 'e355141', 'Goldilocks', '', NULL, '2012-03-27 09:38:23', '0', '1900-01-01 00:00:00', NULL),
	(2481, 2, 136, 1, '2012-04-02', '2012-04-30', '5', 'e355141', 'Goldilocks', '', NULL, '2012-03-27 09:58:21', 'e275009', '2012-03-27 10:01:02', NULL),
	(2482, 1, 117, 1, '2012-04-02', '2012-04-12', '5', 'e355141', 'Goldilocks', '', NULL, '2012-03-27 09:58:58', '0', '1900-01-01 00:00:00', NULL),
	(2483, 1, 122, 1, '2012-04-02', '2012-04-30', '5', 'e355141', 'Goldilocks', '', NULL, '2012-03-27 10:00:45', '0', '1900-01-01 00:00:00', NULL),
	(2484, 1, 177, 1, '2012-04-02', '2012-04-30', '5', 'e355141', 'Goldilocks', '', NULL, '2012-03-27 10:01:20', '0', '1900-01-01 00:00:00', NULL),
	(2485, 1, 171, 1, '2012-04-02', '2012-04-30', '5', 'e355141', 'Goldilocks', '', NULL, '2012-03-27 10:01:57', '0', '1900-01-01 00:00:00', NULL),
	(2486, 1, 173, 1, '2012-03-29', '2012-03-29', '1', 'e288845', 'AC 0001243', '', NULL, '2012-03-27 10:45:03', '0', '1900-01-01 00:00:00', NULL),
	(2487, 1, 122, 1, '2012-05-08', '2012-06-30', '3', 'e476520', 'Rheem - Modulating, 2Stage', '', NULL, '2012-03-27 10:49:19', 'e476520', '2012-05-03 08:25:52', ''),
	(2488, 2, 6, 1, '2012-05-31', '2012-06-30', '1', 'e476520', 'Rheem - Modulating, 2Stage', '', NULL, '2012-03-27 10:50:05', 'e324601', '2012-05-17 07:26:24', ''),
	(2490, 1, 138, 1, '2012-03-29', '2012-03-29', '1', 'e407132', '3510', '', NULL, '2012-03-28 12:22:54', '0', '1900-01-01 00:00:00', NULL),
	(2491, 1, 125, 1, '2012-03-29', '2012-03-30', '5', 'e476520', 'Rheem - 2Stage', '', NULL, '2012-03-29 08:27:23', '0', '1900-01-01 00:00:00', NULL),
	(2492, 1, 173, 1, '2012-04-02', '2012-04-06', '1', 'e466085', 'Alwa W554', 'Belhac, Klepsa', NULL, '2012-03-29 12:15:32', '0', '1900-01-01 00:00:00', NULL),
	(2493, 1, 169, 1, '2012-03-30', '2012-03-30', '1', 'e411049', 'Maintenance controls MCBA', '', NULL, '2012-03-30 08:53:52', '0', '1900-01-01 00:00:00', NULL),
	(2494, 1, 123, 1, '2012-04-02', '2012-04-06', '5', 'e360230', 'Sonic', '', NULL, '2012-03-30 09:31:37', 'e360230', '2012-03-30 09:32:20', ''),
	(2495, 1, 9, 1, '2012-04-02', '2012-04-13', '5', 'e332375', 'SV', '', NULL, '2012-03-30 11:23:54', '0', '1900-01-01 00:00:00', NULL),
	(2496, 2, 136, 1, '2012-03-30', '2012-04-01', '5', 'e275009', 'Minetonka', '', NULL, '2012-03-30 11:37:15', 'e275009', '2012-03-30 11:37:15', ''),
	(2497, 1, 115, 1, '2012-04-04', '2012-04-13', '5', 'e536792', 'kalibrace', '', NULL, '2012-03-30 13:53:21', '0', '1900-01-01 00:00:00', NULL),
	(2498, 2, 175, 1, '2012-04-01', '2012-05-31', '3', 'e228392', 'AMC spark transformer test', '', NULL, '2012-04-02 07:11:49', 'e228392', '2012-04-02 07:11:49', ''),
	(2499, 2, 124, 1, '2012-04-09', '2012-04-14', '5', 'e332375', 'SV', '', NULL, '2012-04-02 08:43:05', 'e324601', '2012-04-02 08:59:21', NULL),
	(2500, 2, 121, 1, '2012-04-02', '2012-04-13', '5', 'e332375', 'SV', '', NULL, '2012-04-02 08:48:50', 'e275009', '2012-04-04 07:44:15', ''),
	(2501, 1, 138, 1, '2012-04-02', '2012-04-06', '5', 'e244216', '711543', '', NULL, '2012-04-02 10:49:30', '0', '1900-01-01 00:00:00', NULL),
	(2503, 2, 128, 1, '2012-06-01', '2012-06-22', '1', 'e525130', '711800', '', NULL, '2012-04-02 13:04:59', 'e324601', '2012-04-02 15:07:35', NULL),
	(2504, 1, 9, 1, '2012-06-11', '2012-06-30', '1', 'e525130', '711799', '', NULL, '2012-04-02 13:06:38', '0', '1900-01-01 00:00:00', NULL),
	(2507, 1, 168, 1, '2012-06-01', '2012-06-15', '1', 'e525130', '711799', '', NULL, '2012-04-02 13:15:46', '0', '1900-01-01 00:00:00', NULL),
	(2508, 1, 117, 1, '2012-06-01', '2012-06-15', '1', 'e525130', '711799', '', NULL, '2012-04-02 13:16:38', '0', '1900-01-01 00:00:00', NULL),
	(2512, 1, 173, 1, '2012-04-09', '2012-04-13', '5', 'e447382', 'Kombi Pro', '', NULL, '2012-04-03 09:33:41', '0', '1900-01-01 00:00:00', NULL),
	(2513, 1, 142, 1, '2012-04-04', '2012-04-06', '5', 'e228392', 'DotMatrix', '', NULL, '2012-04-04 06:49:27', '0', '1900-01-01 00:00:00', NULL),
	(2514, 1, 123, 1, '2012-04-09', '2012-04-13', '1', 'e459841', 'Baymak', '', NULL, '2012-04-05 09:06:56', 'e459841', '2012-04-10 07:10:08', ''),
	(2515, 1, 141, 1, '2012-04-05', '2012-04-11', '5', 'e459841', 'Baymak', '', NULL, '2012-04-05 09:07:41', 'e459841', '2012-04-10 07:10:28', ''),
	(2516, 1, 167, 1, '2012-04-05', '2012-04-11', '5', 'e459841', 'Baymak', '', NULL, '2012-04-05 09:08:04', 'e459841', '2012-04-10 07:10:57', ''),
	(2517, 2, 170, 1, '2012-05-01', '2012-07-31', '3', 'e360232', 'GASTEP', '', NULL, '2012-04-06 09:35:12', 'e228392', '2012-05-04 08:17:34', NULL),
	(2518, 2, 121, 1, '2012-04-14', '2012-05-25', '5', 'e228392', 'OrangeBox', 'can be break', NULL, '2012-04-06 09:56:42', 'e275009', '2012-04-06 10:01:25', NULL),
	(2519, 1, 138, 1, '2012-04-10', '2012-04-13', '5', 'e244216', '711543', '', NULL, '2012-04-10 07:43:49', '0', '1900-01-01 00:00:00', NULL),
	(2520, 2, 114, 1, '2012-04-23', '2012-04-27', '1', 'e315193', '713286 GasAir Diaphrame cavity', '', NULL, '2012-04-10 08:40:55', 'e324601', '2012-04-10 08:54:20', NULL),
	(2521, 1, 130, 1, '2012-04-12', '2012-04-13', '1', 'e459841', 'Baymak', '', NULL, '2012-04-11 07:05:21', '0', '1900-01-01 00:00:00', NULL),
	(2522, 1, 173, 1, '2012-04-16', '2012-04-18', '1', 'e466085', 'alwa w554', 'martin klepsa', NULL, '2012-04-11 18:35:30', '0', '1900-01-01 00:00:00', NULL),
	(2524, 1, 173, 1, '2012-04-19', '2012-04-20', '1', 'e447382', 'Diverting valve', '', NULL, '2012-04-12 09:27:59', '0', '1900-01-01 00:00:00', NULL),
	(2527, 1, 9, 1, '2012-04-16', '2012-04-20', '5', 'e332375', 'SV', '', NULL, '2012-04-12 09:45:59', '0', '1900-01-01 00:00:00', NULL),
	(2528, 1, 140, 1, '2012-04-13', '2012-04-16', '5', 'e525130', '711799', '', NULL, '2012-04-12 14:31:50', '0', '1900-01-01 00:00:00', NULL),
	(2529, 1, 125, 1, '2012-04-13', '2012-04-13', '5', 'e525130', '711800', '', NULL, '2012-04-12 14:37:33', '0', '1900-01-01 00:00:00', NULL),
	(2530, 1, 115, 1, '2012-04-14', '2012-04-19', '1', 'e536792', 'kalibrace', '', NULL, '2012-04-12 15:56:46', '0', '1900-01-01 00:00:00', NULL),
	(2531, 1, 141, 1, '2012-04-13', '2012-04-13', '1', 'e324601', '712155  IBC 2012', '', NULL, '2012-04-13 07:11:43', '0', '1900-01-01 00:00:00', NULL),
	(2532, 1, 125, 1, '2012-04-16', '2012-04-19', '5', 'e525130', '711800', '', NULL, '2012-04-13 09:12:16', '0', '1900-01-01 00:00:00', NULL),
	(2533, 1, 131, 1, '2012-04-13', '2012-05-31', '1', 'e677413', 'HP starting current ', '', NULL, '2012-04-13 09:49:05', '0', '1900-01-01 00:00:00', NULL),
	(2534, 1, 123, 1, '2012-04-16', '2012-04-19', '5', 'e275009', 'Goldie Lock', '', NULL, '2012-04-13 12:20:24', '0', '1900-01-01 00:00:00', NULL),
	(2535, 1, 125, 1, '2012-04-20', '2012-04-27', '5', 'e275009', 'Goldie Lock', '', NULL, '2012-04-13 12:21:18', '0', '1900-01-01 00:00:00', NULL),
	(2537, 1, 9, 1, '2012-04-30', '2012-05-04', '5', 'e275009', 'Goldie Lock', '', NULL, '2012-04-13 13:10:49', '0', '1900-01-01 00:00:00', NULL),
	(2538, 1, 173, 1, '2012-04-23', '2012-04-26', '5', 'e562021', 'Residential Leakage System', 'Petr Kusala, 1608', NULL, '2012-04-13 13:12:52', '0', '1900-01-01 00:00:00', NULL),
	(2539, 1, 178, 1, '2012-04-16', '2012-04-20', '5', 'e525128', 'Rheem Modulating IFC', '', NULL, '2012-04-13 15:31:17', '0', '1900-01-01 00:00:00', NULL),
	(2540, 1, 149, 1, '2012-04-16', '2012-04-20', '5', 'e525128', 'Rheem Modulating IFC', '', NULL, '2012-04-13 15:32:05', '0', '1900-01-01 00:00:00', NULL),
	(2541, 1, 141, 1, '2012-04-16', '2012-04-20', '1', 'e335886', 'sensor', '', NULL, '2012-04-16 08:17:11', '0', '1900-01-01 00:00:00', NULL),
	(2542, 2, 124, 1, '2012-04-16', '2012-04-28', '5', 'e332375', 'SV', '', NULL, '2012-04-16 15:00:37', 'e324601', '2012-04-18 13:57:26', NULL),
	(2543, 1, 161, 1, '2012-04-30', '2012-05-04', '5', 'e332375', 'SV', '', NULL, '2012-04-16 16:12:40', '0', '1900-01-01 00:00:00', NULL),
	(2544, 2, 120, 1, '2012-04-18', '2012-04-23', '2', 'e563257', 'K-PRO', '', NULL, '2012-04-17 13:39:22', 'e677413', '2012-05-22 14:38:34', NULL),
	(2545, 1, 173, 1, '2012-04-30', '2012-05-02', '1', 'e288845', 'VS valves', 'Valves test', NULL, '2012-04-17 16:02:18', '0', '1900-01-01 00:00:00', NULL),
	(2546, 1, 169, 1, '2012-04-20', '2012-04-20', '5', 'e525130', '711799', '', NULL, '2012-04-18 08:38:13', '0', '1900-01-01 00:00:00', NULL),
	(2547, 1, 168, 1, '2012-04-18', '2012-04-20', '5', 'e476520', 'Rheem 2Stage', '', NULL, '2012-04-18 09:10:13', 'e476520', '2012-04-18 09:10:34', ''),
	(2548, 1, 117, 1, '2012-04-18', '2012-04-20', '1', 'e476520', 'Rheem 2Stage', '', NULL, '2012-04-18 09:16:32', '0', '1900-01-01 00:00:00', NULL),
	(2549, 1, 140, 1, '2012-04-19', '2012-04-19', '5', 'e332375', 'SV', '', NULL, '2012-04-18 14:07:39', '0', '1900-01-01 00:00:00', NULL),
	(2550, 1, 138, 1, '2012-04-20', '2012-04-20', '1', 'e331228', '3510', '', NULL, '2012-04-19 10:23:16', '0', '1900-01-01 00:00:00', NULL),
	(2551, 1, 169, 1, '2012-04-19', '2012-04-19', '1', 'e411049', 'Maintenance S4565 family', '', NULL, '2012-04-19 10:51:15', '0', '1900-01-01 00:00:00', NULL),
	(2552, 1, 168, 1, '2012-04-21', '2012-04-24', '5', 'e476520', 'Rheem', '', NULL, '2012-04-20 10:37:30', '0', '1900-01-01 00:00:00', NULL),
	(2553, 1, 117, 1, '2012-04-21', '2012-04-24', '5', 'e476520', 'Rheem', '', NULL, '2012-04-20 10:37:48', '0', '1900-01-01 00:00:00', NULL),
	(2554, 1, 178, 1, '2012-04-23', '2012-04-25', '5', 'e525128', 'Rheem Modulating IFC', '', NULL, '2012-04-20 12:02:07', '0', '1900-01-01 00:00:00', NULL),
	(2555, 1, 115, 1, '2012-04-23', '2012-04-25', '1', 'e525128', 'Rheem Modulating IFC', '', NULL, '2012-04-20 12:02:55', '0', '1900-01-01 00:00:00', NULL),
	(2556, 1, 149, 1, '2012-04-23', '2012-04-25', '5', 'e525128', 'Rheem Modulating IFC', '', NULL, '2012-04-20 12:03:41', '0', '1900-01-01 00:00:00', NULL),
	(2557, 1, 130, 1, '2012-04-25', '2012-04-25', '1', 'e332375', 'SV', '', NULL, '2012-04-20 12:59:38', '0', '1900-01-01 00:00:00', NULL),
	(2559, 1, 167, 1, '2012-04-24', '2012-04-25', '5', 'e360232', 'CM700', '', NULL, '2012-04-23 13:41:48', '0', '1900-01-01 00:00:00', NULL),
	(2560, 1, 117, 1, '2012-04-25', '2012-04-30', '5', 'e355141', 'Goldilocks', '', NULL, '2012-04-23 16:11:39', '0', '1900-01-01 00:00:00', NULL),
	(2561, 1, 125, 1, '2012-05-01', '2012-05-31', '5', 'e355141', 'Goldilocks', '', NULL, '2012-04-23 16:15:57', '0', '1900-01-01 00:00:00', NULL),
	(2562, 1, 117, 1, '2012-05-01', '2012-05-03', '1', 'e355141', 'Goldilocks', '', NULL, '2012-04-23 16:16:34', '0', '1900-01-01 00:00:00', NULL),
	(2563, 1, 141, 1, '2012-05-03', '2012-05-24', '5', 'e355141', 'Goldilocks', '', NULL, '2012-04-23 16:17:12', '0', '1900-01-01 00:00:00', NULL),
	(2564, 1, 9, 1, '2012-05-05', '2012-05-14', '5', 'e275009', 'Goldie Locks', '', NULL, '2012-04-24 06:03:59', '0', '1900-01-01 00:00:00', NULL),
	(2565, 2, 128, 1, '2012-05-01', '2012-05-31', '3', 'e332375', 'SV', '', NULL, '2012-04-24 12:30:15', 'e324601', '2012-05-09 13:12:56', NULL),
	(2567, 1, 161, 1, '2012-05-14', '2012-05-18', '5', 'e332375', 'SV', '', NULL, '2012-04-25 11:20:36', '0', '1900-01-01 00:00:00', NULL),
	(2568, 1, 130, 1, '2012-04-26', '2012-04-27', '1', 'e459841', 'Baymak', '', NULL, '2012-04-25 11:32:53', '0', '1900-01-01 00:00:00', NULL),
	(2569, 1, 9, 1, '2012-05-28', '2012-05-31', '1', 'e332375', 'SV', '', NULL, '2012-04-25 12:14:15', 'e332375', '2012-05-11 12:12:20', ''),
	(2570, 2, 124, 1, '2012-05-01', '2012-05-31', '3', 'e332375', 'SV', '', NULL, '2012-04-25 13:08:51', 'e324601', '2012-05-09 13:13:23', NULL),
	(2571, 1, 123, 1, '2012-05-01', '2012-05-11', '5', 'e360230', 'Sonic', '', NULL, '2012-04-25 13:09:03', '0', '1900-01-01 00:00:00', NULL),
	(2572, 1, 117, 1, '2012-05-04', '2012-05-14', '5', 'e360230', 'Sonic', '', NULL, '2012-04-25 13:10:50', '0', '1900-01-01 00:00:00', NULL),
	(2575, 1, 169, 1, '2012-04-27', '2012-04-27', '5', 'e228392', 'AMC spark transformer', '', NULL, '2012-04-27 09:38:32', '0', '1900-01-01 00:00:00', NULL),
	(2576, 1, 168, 1, '2012-04-30', '2012-05-04', '1', 'e335886', 'sylk', '', NULL, '2012-04-30 13:30:47', '0', '1900-01-01 00:00:00', NULL),
	(2577, 1, 130, 1, '2012-05-02', '2012-05-11', '5', 'e332375', 'SV', '', NULL, '2012-05-02 15:18:49', '0', '1900-01-01 00:00:00', NULL),
	(2578, 1, 177, 1, '2012-05-03', '2012-05-03', '1', 'e402873', 'RF portal', '', NULL, '2012-05-03 09:39:05', '0', '1900-01-01 00:00:00', NULL),
	(2579, 1, 169, 1, '2012-05-03', '2012-05-04', '1', 'e228392', 'AMC transformer', '', NULL, '2012-05-03 14:47:11', '0', '1900-01-01 00:00:00', NULL),
	(2580, 2, 176, 1, '2012-05-04', '2012-05-25', '5', 'e228392', 'OrangeBox capacitor test', '', NULL, '2012-05-04 08:19:26', 'e390270', '2012-05-04 08:43:51', NULL),
	(2581, 2, 119, 1, '2012-05-15', '2012-05-15', '1', 'e355141', 'Goldilock', '', NULL, '2012-05-04 09:05:43', 'e275009', '2012-05-04 09:23:25', NULL),
	(2582, 2, 119, 1, '2012-05-16', '2012-05-31', '3', 'e355141', 'Goldilocks', '', NULL, '2012-05-04 09:06:25', 'e275009', '2012-05-04 09:23:33', NULL),
	(2583, 2, 136, 1, '2012-05-04', '2012-05-31', '3', 'e355141', 'Goldilocks', '', NULL, '2012-05-04 09:07:05', 'e275009', '2012-05-04 09:23:39', NULL),
	(2584, 1, 169, 1, '2012-05-07', '2012-05-11', '5', 'e411049', 'MCBA', 'Probe will be taken to Emmen - The Netherlands', NULL, '2012-05-04 11:51:36', '0', '1900-01-01 00:00:00', NULL),
	(2585, 1, 173, 1, '2012-05-09', '2012-05-09', '1', 'e466085', 'alwa FS DN15 body modification', '', NULL, '2012-05-07 09:12:27', '0', '1900-01-01 00:00:00', NULL),
	(2586, 1, 173, 1, '2012-05-07', '2012-05-07', '1', 'e466085', 'alwa FS DN15 body modification', '', NULL, '2012-05-07 09:13:36', '0', '1900-01-01 00:00:00', NULL),
	(2588, 1, 145, 1, '2012-05-07', '2012-05-07', '1', 'e466085', 'alwa-fs-dn-15', '', NULL, '2012-05-07 09:39:42', '0', '1900-01-01 00:00:00', NULL),
	(2589, 2, 114, 1, '2012-05-09', '2012-05-14', '1', 'e324601', '712155 IBC2012', '', NULL, '2012-05-07 12:08:39', 'e324601', '2012-05-07 12:08:39', ''),
	(2590, 1, 116, 1, '2012-05-14', '2012-05-25', '5', 'e324601', '712155 IBC 2012', '', NULL, '2012-05-08 10:46:40', '0', '1900-01-01 00:00:00', NULL),
	(2591, 1, 149, 1, '2012-05-10', '2012-05-18', '5', 'e332375', 'SV', '', NULL, '2012-05-10 14:07:30', '0', '1900-01-01 00:00:00', NULL),
	(2592, 1, 10, 1, '2012-05-14', '2012-06-30', '3', 'e332375', 'SV', '', NULL, '2012-05-10 14:38:25', 'e332375', '2012-05-10 14:38:48', ''),
	(2595, 1, 123, 1, '2012-05-12', '2012-05-28', '5', 'e275009', 'Goldielocks', '', NULL, '2012-05-11 11:45:04', '0', '1900-01-01 00:00:00', NULL),
	(2597, 1, 9, 1, '2012-05-15', '2012-05-27', '5', 'e275009', 'Goldielocks', '', NULL, '2012-05-11 12:16:18', '0', '1900-01-01 00:00:00', NULL),
	(2599, 2, 119, 1, '2012-06-01', '2012-06-08', '1', 'e355141', 'Minetonka - Sonic', '', NULL, '2012-05-14 14:39:58', 'e275009', '2012-05-14 14:44:32', NULL),
	(2601, 1, 167, 1, '2012-05-15', '2012-05-22', '5', 'e355141', 'Goldilocks', '', NULL, '2012-05-15 09:24:23', '0', '1900-01-01 00:00:00', NULL),
	(2602, 1, 161, 1, '2012-05-21', '2012-05-31', '3', 'e332375', 'SV', '', NULL, '2012-05-15 09:43:29', '0', '1900-01-01 00:00:00', NULL),
	(2603, 1, 116, 1, '2012-05-23', '2012-06-15', '5', 'e536792', 'kalibrace', '', NULL, '2012-05-16 10:24:15', 'e536792', '2012-05-23 08:36:21', ''),
	(2604, 2, 128, 1, '2012-06-25', '2012-06-30', '1', 'e525130', '799800', '', NULL, '2012-05-16 12:31:09', 'e324601', '2012-05-17 07:28:11', NULL),
	(2605, 2, 6, 1, '2012-07-01', '2012-07-31', '1', 'e476520', 'Rheem - Modulating, 2Stage', '', NULL, '2012-05-16 12:35:02', 'e324601', '2012-05-17 10:52:31', NULL),
	(2606, 1, 174, 1, '2012-06-11', '2012-06-30', '1', 'e525130', '711800', '', NULL, '2012-05-16 12:35:28', '0', '1900-01-01 00:00:00', NULL),
	(2607, 1, 122, 1, '2012-07-01', '2012-07-31', '1', 'e476520', 'Rheem - Modulating, 2Stage', '', NULL, '2012-05-16 12:36:28', '0', '1900-01-01 00:00:00', NULL),
	(2609, 2, 6, 1, '2012-05-21', '2012-05-25', '5', 'e525130', '711799', 'AERO: Smart power switch BTS4140N', NULL, '2012-05-16 15:18:19', 'e324601', '2012-05-17 10:52:08', NULL),
	(2610, 2, 121, 1, '2012-05-26', '2012-06-01', '1', 'e544561', 'Minnetonka DUO', '', NULL, '2012-05-17 12:26:18', 'e275009', '2012-05-17 12:35:56', NULL),
	(2611, 1, 130, 1, '2012-05-21', '2012-05-23', '5', 'e459841', 'Baymak', '', NULL, '2012-05-18 14:51:45', '0', '1900-01-01 00:00:00', NULL),
	(2612, 1, 117, 1, '2012-05-21', '2012-05-25', '5', 'e324601', 'IBC 2012 (712155)', '', NULL, '2012-05-21 08:52:57', '0', '1900-01-01 00:00:00', NULL),
	(2613, 1, 168, 1, '2012-05-21', '2012-05-25', '5', 'e324601', '712155 IBC 2012', '', NULL, '2012-05-21 08:54:13', '0', '1900-01-01 00:00:00', NULL),
	(2614, 1, 130, 1, '2012-05-24', '2012-05-26', '5', 'e525130', '712762', '', NULL, '2012-05-21 10:37:03', '0', '1900-01-01 00:00:00', NULL),
	(2615, 1, 173, 1, '2012-05-24', '2012-05-24', '1', 'e562021', 'ac-00001895 technology research of leakage detection', '', NULL, '2012-05-21 12:39:22', '0', '1900-01-01 00:00:00', NULL),
	(2617, 2, 120, 1, '2012-05-30', '2012-06-12', '2', 'e402730', 'KMT Carclo ressourcing', '', NULL, '2012-05-22 07:41:03', 'e677413', '2012-05-22 14:38:52', NULL),
	(2618, 2, 114, 1, '2012-06-01', '2012-06-30', '1', 'e332375', 'SV', '', NULL, '2012-05-22 08:31:52', 'e324601', '2012-05-28 09:04:06', NULL),
	(2619, 2, 124, 1, '2012-06-01', '2012-06-30', '1', 'e332375', 'SV', '', NULL, '2012-05-22 08:32:35', 'e324601', '2012-05-28 09:07:05', NULL),
	(2620, 2, 4, 1, '2012-07-01', '2012-08-31', '0', 'e332375', 'SV', '', NULL, '2012-05-22 08:34:17', '0', '1900-01-01 00:00:00', NULL),
	(2621, 2, 114, 1, '2012-05-22', '2012-05-31', '3', 'e228392', 'Capacitor test', '', NULL, '2012-05-22 08:39:48', 'e324601', '2012-05-22 08:46:54', NULL),
	(2622, 1, 169, 1, '2012-05-22', '2012-05-25', '5', 'e228392', 'AMC spark transformer test', '', NULL, '2012-05-22 08:44:13', '0', '1900-01-01 00:00:00', NULL),
	(2623, 2, 120, 1, '2012-05-23', '2012-05-30', '2', 'e402730', 'Kombi DP membrane Leakage', '', NULL, '2012-05-22 13:59:02', 'e677413', '2012-05-22 14:38:16', 'Marco, I have checked actual situation and all our chambers are used.'),
	(2624, 2, 5, 1, '2012-05-01', '2012-05-31', '3', 'e677413', 'cobra Kalvoda', '', NULL, '2012-05-22 14:43:14', 'e677413', '2012-05-22 14:43:14', ''),
	(2625, 2, 118, 1, '2012-05-01', '2012-05-31', '3', 'e677413', 'Diff  - Rab, Riha, Hanus', '', NULL, '2012-05-22 14:44:40', 'e677413', '2012-05-22 14:44:40', ''),
	(2627, 2, 176, 1, '2012-05-26', '2012-06-30', '3', 'e390270', 'Blue pancake', '', NULL, '2012-05-22 15:15:16', 'e390270', '2012-05-22 15:18:36', ''),
	(2628, 1, 125, 1, '2012-05-24', '2012-05-25', '5', 'e459841', 'Baymak', '', NULL, '2012-05-23 07:21:11', '0', '1900-01-01 00:00:00', NULL),
	(2629, 1, 141, 1, '2012-05-25', '2012-05-29', '1', 'e198806', 'Minnetonka Duo', '', NULL, '2012-05-23 08:46:54', '0', '1900-01-01 00:00:00', NULL),
	(2630, 1, 167, 1, '2012-05-24', '2012-05-29', '1', 'e198806', 'Sonic  pre EField', '', NULL, '2012-05-23 08:48:32', '0', '1900-01-01 00:00:00', NULL),
	(2631, 1, 125, 1, '2012-05-23', '2012-05-23', '1', 'e198806', 'Sonic EFT testy', '', NULL, '2012-05-23 10:00:06', '0', '1900-01-01 00:00:00', NULL),
	(2632, 1, 173, 1, '2012-05-25', '2012-06-08', '3', 'e447382', 'Kombi Pro for Flowcon customer', '', NULL, '2012-05-24 10:47:50', '0', '1900-01-01 00:00:00', NULL),
	(2633, 1, 130, 1, '2012-05-28', '2012-06-08', '1', 'e332375', 'SV', '', NULL, '2012-05-25 10:02:44', '0', '1900-01-01 00:00:00', NULL),
	(2634, 2, 136, 1, '2012-06-01', '2012-06-29', '1', 'e228392', 'Capacitor test', 'Can be break', NULL, '2012-05-25 12:58:34', 'e275009', '2012-05-25 13:29:50', NULL),
	(2635, 2, 175, 1, '2012-06-01', '2012-06-30', '1', 'e228392', 'AMC spark transformer test', '', NULL, '2012-05-25 13:00:19', 'e228392', '2012-05-25 13:00:19', ''),
	(2636, 1, 169, 1, '2012-05-28', '2012-06-01', '3', 'e228392', 'AMC spark trafo', '', NULL, '2012-05-28 07:14:05', '0', '1900-01-01 00:00:00', NULL),
	(2637, 1, 125, 1, '2012-05-28', '2012-05-30', '3', 'e459841', 'Baymak', '', NULL, '2012-05-28 08:40:43', '0', '1900-01-01 00:00:00', NULL),
	(2638, 1, 9, 1, '2012-06-01', '2012-06-10', '1', 'e198806', 'Sonic', '', NULL, '2012-05-28 11:04:39', '0', '1900-01-01 00:00:00', NULL),
	(2639, 1, 173, 1, '2012-06-11', '2012-06-12', '1', 'e244214', 'Alwa W554 - other versions', '', NULL, '2012-05-29 13:27:32', '0', '1900-01-01 00:00:00', NULL),
	(2640, 2, 5, 2, '2012-10-03', '2012-10-24', '1', 'e425703', 'ghfghfg', NULL, NULL, '2012-10-04 00:00:00', 'e677413', '2012-10-04 00:00:00', NULL),
	(2641, 2, 6, 2, '2012-10-10', '2012-10-11', '1', 'e425703', 'fghfgh', NULL, 2643, '2012-10-04 00:00:00', 'e324601', '2012-10-04 00:00:00', 'Your reservation was changed by device owner.'),
	(2642, 2, 114, 2, '2012-10-02', '2012-10-17', '1', 'e384161', 'hfgjh', NULL, NULL, '2012-10-04 00:00:00', 'e324601', '2012-10-04 00:00:00', NULL),
	(2643, 2, 6, 1, '2012-10-02', '2012-10-09', '1', 'e351243', 'fdgfdgfd', NULL, NULL, '2012-10-04 00:00:00', 'e425703', '2012-10-04 00:00:00', NULL),
	(2644, 1, 186, 3, '2012-10-16', '2012-10-16', '2', 'e555540', 'ghmghmhgmghm', 'ghmgh', NULL, '2012-10-11 00:00:00', '0', '2012-10-11 00:00:00', NULL),
	(2645, 1, 186, 4, '2012-10-19', '2012-10-19', '1', 'e555540', 'zxvxzvxzvxzvxz', 'vxz', NULL, '2012-10-11 00:00:00', '0', '2012-10-11 00:00:00', NULL),
	(2646, 2, 186, 2, '2012-10-18', '2012-10-18', '1', 'e555540', 'csasa', NULL, NULL, '2012-10-11 00:00:00', 'e555540', '2012-10-11 00:00:00', NULL),
	(2647, 2, 186, 2, '2012-10-15', '2012-10-15', '1', 'e555540', 'sacasca', NULL, 2648, '2012-10-11 00:00:00', 'e555540', '2012-10-11 00:00:00', 'Your reservation was changed by device owner.'),
	(2648, 2, 186, 1, '2012-10-16', '2012-10-16', '1', 'e555540', 'cbxcbcxbcxb', NULL, NULL, '2012-10-11 00:00:00', 'e555540', '2012-10-11 00:00:00', NULL),
	(2649, 2, 187, 2, '2013-01-18', '2013-02-19', '1', 'e351243', 'Moje testovani', NULL, 2650, '2013-01-18 00:00:00', 'e425703', '2013-01-18 00:00:00', 'Your reservation was changed by device owner.'),
	(2650, 2, 187, 4, '2013-02-20', '2013-02-28', '1', 'e555540', 'rtytrytr', NULL, NULL, '2013-02-20 00:00:00', 'e555540', '2013-02-20 00:00:00', NULL),
	(2651, 1, 9, 2, '2013-02-27', '2013-02-28', '1', 'e555540', 'rrrrr56urrrru56u56u56u', '23r23r6uu6u6u', NULL, '2013-02-20 00:00:00', '0', '2013-02-20 00:00:00', NULL),
	(2652, 2, 9, 2, '2013-02-25', '2013-02-27', '0', 'e555540', 'urtutu', 'rturu', NULL, '2013-02-20 00:00:00', '0', '1900-01-01 00:00:00', NULL),
	(2653, 2, 9, 2, '2013-02-20', '2013-02-25', '0', 'e555540', 'kikikikik', 'ikik', NULL, '2013-02-20 00:00:00', 'E555540', '1900-01-01 00:00:00', NULL);
/*!40000 ALTER TABLE `reservation` ENABLE KEYS */;


-- Dumping structure for table labbooking.reservation_actions
DROP TABLE IF EXISTS `reservation_actions`;
CREATE TABLE IF NOT EXISTS `reservation_actions` (
  `id` int(10) unsigned NOT NULL AUTO_INCREMENT,
  `reservation_id` int(10) unsigned NOT NULL,
  `state_id` int(11) unsigned NOT NULL,
  `users_eid` varchar(7) COLLATE utf8_czech_ci NOT NULL,
  `time` datetime NOT NULL,
  `pause_reason` tinytext COLLATE utf8_czech_ci,
  `pause_days` int(3) DEFAULT NULL,
  PRIMARY KEY (`id`),
  KEY `fk_reservation_actions_reservation1` (`reservation_id`) USING BTREE,
  KEY `fk_reservation_actions_reservation_states1` (`state_id`) USING BTREE,
  CONSTRAINT `fk_reservation_actions_reservation1` FOREIGN KEY (`reservation_id`) REFERENCES `reservation` (`id`) ON DELETE NO ACTION ON UPDATE NO ACTION,
  CONSTRAINT `fk_reservation_actions_reservation_states1` FOREIGN KEY (`state_id`) REFERENCES `reservation_states` (`id`) ON DELETE NO ACTION ON UPDATE NO ACTION
) ENGINE=InnoDB AUTO_INCREMENT=1347 DEFAULT CHARSET=utf8 COLLATE=utf8_czech_ci ROW_FORMAT=COMPACT;

-- Dumping data for table labbooking.reservation_actions: ~1 339 rows (approximately)
DELETE FROM `reservation_actions`;
/*!40000 ALTER TABLE `reservation_actions` DISABLE KEYS */;
INSERT INTO `reservation_actions` (`id`, `reservation_id`, `state_id`, `users_eid`, `time`, `pause_reason`, `pause_days`) VALUES
	(1, 1489, 3, 'e315193', '2010-12-13 12:20:51', NULL, NULL),
	(3, 1432, 3, 'e463932', '2011-01-04 12:28:28', NULL, NULL),
	(5, 1499, 3, 'e463932', '2011-01-04 12:28:28', NULL, NULL),
	(6, 1472, 3, 'e463932', '2011-01-04 12:28:28', NULL, NULL),
	(7, 1450, 3, 'e463932', '2011-01-04 12:28:28', NULL, NULL),
	(8, 1446, 3, 'e463932', '2011-01-04 12:28:28', NULL, NULL),
	(9, 1412, 3, 'e463932', '2011-01-04 12:28:28', NULL, NULL),
	(10, 1400, 3, 'e463932', '2011-01-04 12:28:28', NULL, NULL),
	(11, 1396, 3, 'e463932', '2011-01-04 12:28:28', NULL, NULL),
	(12, 1258, 3, 'e463932', '2011-01-04 12:28:28', NULL, NULL),
	(14, 1490, 3, 'e463932', '2011-01-04 12:28:28', NULL, NULL),
	(15, 1497, 5, 'e463932', '2011-01-04 12:28:28', NULL, NULL),
	(16, 1473, 3, 'e463932', '2011-01-04 12:28:28', NULL, NULL),
	(17, 1500, 3, 'e463932', '2011-01-04 12:28:28', NULL, NULL),
	(18, 1465, 3, 'e463932', '2011-01-04 12:28:28', NULL, NULL),
	(19, 1515, 3, 'e436340', '2011-01-03 15:52:17', NULL, NULL),
	(20, 1515, 5, 'e436340', '2011-01-03 15:52:36', NULL, NULL),
	(21, 1516, 3, 'e360232', '2011-01-04 08:38:19', NULL, NULL),
	(22, 1534, 3, 'e436340', '2011-01-06 11:14:59', NULL, NULL),
	(23, 1534, 5, 'e436340', '2011-01-06 11:15:25', NULL, NULL),
	(24, 1518, 3, 'e360232', '2011-01-06 13:56:59', NULL, NULL),
	(25, 1537, 3, 'e275009', '2011-01-10 09:36:53', NULL, NULL),
	(26, 1533, 3, 'e275009', '2011-01-11 09:58:37', NULL, NULL),
	(27, 1517, 3, 'e360232', '2011-01-11 11:25:44', NULL, NULL),
	(28, 1517, 5, 'e360232', '2011-01-11 11:26:29', NULL, NULL),
	(29, 1540, 3, 'e371552', '2011-01-12 07:59:22', NULL, NULL),
	(30, 1541, 3, 'e436340', '2011-01-12 08:36:10', NULL, NULL),
	(31, 1527, 3, 'e334629', '2011-01-12 13:32:10', NULL, NULL),
	(32, 1516, 5, 'e360232', '2011-01-12 14:26:15', NULL, NULL),
	(33, 1518, 5, 'e360232', '2011-01-12 14:26:24', NULL, NULL),
	(34, 1528, 3, 'e334629', '2011-01-13 07:19:03', NULL, NULL),
	(35, 1473, 5, 'e228392', '2011-01-13 12:05:49', NULL, NULL),
	(36, 1530, 3, 'e228392', '2011-01-13 12:08:08', NULL, NULL),
	(37, 1540, 5, 'e371552', '2011-01-13 12:52:35', NULL, NULL),
	(38, 1527, 5, 'e334629', '2011-01-13 12:58:06', NULL, NULL),
	(39, 1544, 3, 'e355140', '2011-01-13 13:49:13', NULL, NULL),
	(40, 1493, 3, 'e324601', '2011-01-13 14:40:39', NULL, NULL),
	(41, 1502, 3, 'e324601', '2011-01-13 14:41:05', NULL, NULL),
	(42, 1545, 3, 'e324601', '2011-01-13 14:44:48', NULL, NULL),
	(43, 1543, 3, 'e410697', '2011-01-13 15:34:27', NULL, NULL),
	(44, 1528, 5, 'e334629', '2011-01-14 14:03:13', NULL, NULL),
	(45, 1544, 5, 'e355140', '2011-01-17 07:08:29', NULL, NULL),
	(46, 1546, 3, 'e355140', '2011-01-17 07:25:56', NULL, NULL),
	(47, 1525, 3, 'e334629', '2011-01-17 07:59:51', NULL, NULL),
	(48, 1541, 5, 'e436340', '2011-01-17 08:23:23', NULL, NULL),
	(49, 1547, 3, 'e436340', '2011-01-17 08:24:30', NULL, NULL),
	(50, 1543, 5, 'e355141', '2011-01-18 06:30:01', NULL, NULL),
	(51, 1546, 5, 'e355140', '2011-01-18 07:52:28', NULL, NULL),
	(52, 1552, 3, 'e360232', '2011-01-18 13:49:26', NULL, NULL),
	(53, 1547, 5, 'e436340', '2011-01-18 15:59:18', NULL, NULL),
	(54, 1551, 3, 'e459841', '2011-01-19 07:44:21', NULL, NULL),
	(55, 1529, 3, 'e334629', '2011-01-19 08:08:44', NULL, NULL),
	(56, 1523, 3, 'e390270', '2011-01-19 08:30:39', NULL, NULL),
	(57, 1533, 5, 'e275009', '2011-01-20 06:00:53', NULL, NULL),
	(58, 1537, 5, 'e275009', '2011-01-20 06:01:26', NULL, NULL),
	(59, 1555, 3, 'e205003', '2011-01-20 07:36:46', NULL, NULL),
	(60, 1560, 3, 'e459841', '2011-01-20 08:17:21', NULL, NULL),
	(61, 1561, 3, 'e459841', '2011-01-20 08:18:29', NULL, NULL),
	(62, 1554, 3, 'e436340', '2011-01-20 09:13:44', NULL, NULL),
	(63, 1563, 3, 'e436340', '2011-01-20 09:23:48', NULL, NULL),
	(64, 1548, 3, 'e355141', '2011-01-20 11:01:37', NULL, NULL),
	(65, 1564, 3, 'e436340', '2011-01-20 13:19:47', NULL, NULL),
	(66, 1501, 3, 'e324601', '2011-01-20 13:52:05', NULL, NULL),
	(67, 1554, 5, 'e436340', '2011-01-20 16:06:04', NULL, NULL),
	(68, 1560, 5, 'e459841', '2011-01-21 10:52:39', NULL, NULL),
	(69, 1555, 5, 'e205003', '2011-01-22 16:55:26', NULL, NULL),
	(70, 1525, 5, 'e334629', '2011-01-24 07:00:50', NULL, NULL),
	(71, 1526, 3, 'e334629', '2011-01-24 07:01:53', NULL, NULL),
	(72, 1548, 5, 'e355141', '2011-01-24 09:08:32', NULL, NULL),
	(73, 1570, 3, 'e205003', '2011-01-24 11:39:03', NULL, NULL),
	(74, 1523, 4, 'e390270', '2011-01-24 14:28:44', 'cycle measurement ', 2),
	(75, 1571, 3, 'e436340', '2011-01-24 15:27:59', NULL, NULL),
	(76, 1561, 5, 'e459841', '2011-01-25 14:52:05', NULL, NULL),
	(77, 1576, 3, 'e459841', '2011-01-25 14:53:10', NULL, NULL),
	(78, 1523, 3, 'e123456', '2011-01-26 04:01:29', NULL, NULL),
	(79, 1563, 5, 'e436340', '2011-01-26 08:19:12', NULL, NULL),
	(80, 1575, 3, 'e275009', '2011-01-26 09:01:06', NULL, NULL),
	(81, 1574, 3, 'e275009', '2011-01-26 09:02:08', NULL, NULL),
	(82, 1526, 5, 'e334629', '2011-01-27 07:54:07', NULL, NULL),
	(83, 1529, 5, 'e334629', '2011-01-27 07:55:24', NULL, NULL),
	(84, 1576, 5, 'e459841', '2011-01-27 08:10:40', NULL, NULL),
	(85, 1570, 5, 'e205003', '2011-01-28 08:39:13', NULL, NULL),
	(86, 1472, 5, 'e332375', '2011-01-31 07:02:56', NULL, NULL),
	(87, 1577, 3, 'e334629', '2011-01-31 08:01:02', NULL, NULL),
	(88, 1450, 5, 'e476520', '2011-01-31 08:14:45', NULL, NULL),
	(89, 1578, 3, 'e360232', '2011-01-31 08:20:14', NULL, NULL),
	(90, 1571, 5, 'e436340', '2011-01-31 08:34:19', NULL, NULL),
	(91, 1258, 5, 'e436143', '2011-01-31 08:56:42', NULL, NULL),
	(92, 1446, 5, 'e332375', '2011-02-01 06:51:29', NULL, NULL),
	(93, 1499, 5, 'e324601', '2011-02-01 08:36:46', NULL, NULL),
	(94, 1494, 3, 'e315193', '2011-02-01 08:38:28', NULL, NULL),
	(95, 1501, 5, 'e324601', '2011-02-01 08:38:53', NULL, NULL),
	(96, 1565, 3, 'e324601', '2011-02-01 08:39:34', NULL, NULL),
	(97, 1396, 5, 'e360232', '2011-02-01 08:42:43', NULL, NULL),
	(98, 1420, 3, 'e360232', '2011-02-01 08:44:29', NULL, NULL),
	(99, 1574, 5, 'e275009', '2011-02-02 06:22:44', NULL, NULL),
	(100, 1575, 5, 'e275009', '2011-02-02 06:23:10', NULL, NULL),
	(101, 1432, 5, 'e476520', '2011-02-02 08:11:15', NULL, NULL),
	(102, 1449, 3, 'e476520', '2011-02-02 08:12:49', NULL, NULL),
	(103, 1400, 5, 'e476520', '2011-02-02 08:14:22', NULL, NULL),
	(104, 1431, 3, 'e476520', '2011-02-02 08:14:53', NULL, NULL),
	(105, 1465, 5, 'e293807', '2011-02-02 12:42:44', NULL, NULL),
	(106, 1591, 3, 'e332375', '2011-02-02 14:10:24', NULL, NULL),
	(107, 1478, 3, 'e476520', '2011-02-03 09:30:55', NULL, NULL),
	(108, 1592, 3, 'e335886', '2011-02-03 12:47:22', NULL, NULL),
	(109, 1593, 3, 'e335886', '2011-02-03 12:47:40', NULL, NULL),
	(110, 1470, 3, 'e332375', '2011-02-04 06:50:59', NULL, NULL),
	(111, 1578, 5, 'e360232', '2011-02-04 15:21:25', NULL, NULL),
	(112, 1466, 3, 'e244207', '2011-02-07 07:52:17', NULL, NULL),
	(113, 1601, 3, 'e459841', '2011-02-07 13:23:26', NULL, NULL),
	(114, 1601, 5, 'e459841', '2011-02-07 13:23:40', NULL, NULL),
	(115, 1577, 5, 'e334629', '2011-02-09 07:03:07', NULL, NULL),
	(116, 1600, 3, 'e355141', '2011-02-09 11:56:11', NULL, NULL),
	(117, 1610, 3, 'e410697', '2011-02-09 14:07:21', NULL, NULL),
	(118, 1593, 5, 'e335886', '2011-02-09 14:55:23', NULL, NULL),
	(119, 1592, 5, 'e335886', '2011-02-09 14:57:03', NULL, NULL),
	(120, 1589, 3, 'e504738', '2011-02-10 09:01:26', NULL, NULL),
	(121, 1584, 3, 'e436143', '2011-02-11 08:56:39', NULL, NULL),
	(122, 1600, 5, 'e355141', '2011-02-14 06:17:33', NULL, NULL),
	(123, 1412, 5, 'e324601', '2011-02-14 07:51:54', NULL, NULL),
	(124, 1500, 5, 'e324601', '2011-02-14 07:54:45', NULL, NULL),
	(125, 1489, 5, 'e315193', '2011-02-14 08:40:46', NULL, NULL),
	(126, 1624, 3, 'e355140', '2011-02-15 08:37:15', NULL, NULL),
	(127, 1628, 3, 'e335886', '2011-02-17 09:40:37', NULL, NULL),
	(128, 1422, 3, 'e332375', '2011-02-18 09:18:41', NULL, NULL),
	(129, 1628, 5, 'e335886', '2011-02-21 06:56:50', NULL, NULL),
	(130, 1624, 5, 'e355140', '2011-02-21 07:28:53', NULL, NULL),
	(131, 1631, 3, 'e355140', '2011-02-21 07:30:33', NULL, NULL),
	(132, 1523, 5, 'e390270', '2011-02-21 08:19:45', NULL, NULL),
	(133, 1627, 3, 'e476520', '2011-02-21 08:49:00', NULL, NULL),
	(134, 1627, 3, 'e476520', '2011-02-21 08:49:29', NULL, NULL),
	(135, 1634, 3, 'e335886', '2011-02-21 10:12:25', NULL, NULL),
	(136, 1502, 5, 'e324601', '2011-02-21 11:55:52', NULL, NULL),
	(137, 1632, 3, 'e228392', '2011-02-22 06:26:13', NULL, NULL),
	(138, 1637, 3, 'e332375', '2011-02-22 09:04:34', NULL, NULL),
	(139, 1631, 5, 'e355140', '2011-02-22 13:12:24', NULL, NULL),
	(140, 1639, 3, 'e355140', '2011-02-23 06:48:28', NULL, NULL),
	(141, 1632, 5, 'e228392', '2011-02-23 08:15:00', NULL, NULL),
	(142, 1564, 5, 'e436340', '2011-02-24 07:55:34', NULL, NULL),
	(143, 1636, 3, 'e310561', '2011-02-24 08:37:48', NULL, NULL),
	(144, 1639, 5, 'e355140', '2011-02-24 09:36:18', NULL, NULL),
	(145, 1618, 3, 'e525130', '2011-02-24 10:02:31', NULL, NULL),
	(146, 1618, 5, 'e525130', '2011-02-24 10:05:48', NULL, NULL),
	(147, 1589, 5, 'e436340', '2011-02-24 10:59:47', NULL, NULL),
	(148, 1634, 5, 'e335886', '2011-02-25 06:48:25', NULL, NULL),
	(149, 1650, 3, 'e334629', '2011-02-25 07:59:32', NULL, NULL),
	(150, 1647, 3, 'e459841', '2011-02-25 08:44:11', NULL, NULL),
	(151, 1643, 3, 'e476520', '2011-02-25 12:14:28', NULL, NULL),
	(152, 1636, 5, 'e310561', '2011-02-25 13:15:12', NULL, NULL),
	(153, 1431, 5, 'e476520', '2011-02-28 08:14:33', NULL, NULL),
	(154, 1449, 5, 'e476520', '2011-02-28 08:14:42', NULL, NULL),
	(155, 1478, 5, 'e476520', '2011-02-28 08:15:09', NULL, NULL),
	(156, 1644, 3, 'e476520', '2011-02-28 08:15:50', NULL, NULL),
	(157, 1644, 3, 'e476520', '2011-02-28 08:18:10', NULL, NULL),
	(158, 1627, 5, 'e476520', '2011-02-28 08:18:23', NULL, NULL),
	(159, 1647, 5, 'e459841', '2011-02-28 08:32:57', NULL, NULL),
	(160, 1552, 5, 'e360232', '2011-02-28 10:24:03', NULL, NULL),
	(161, 1641, 3, 'e275009', '2011-03-01 06:21:32', NULL, NULL),
	(162, 1640, 3, 'e275009', '2011-03-01 06:22:23', NULL, NULL),
	(163, 1476, 3, 'e476520', '2011-03-01 08:12:22', NULL, NULL),
	(164, 1479, 3, 'e476520', '2011-03-01 08:13:05', NULL, NULL),
	(165, 1653, 3, 'e335886', '2011-03-01 08:17:49', NULL, NULL),
	(166, 1652, 3, 'e335886', '2011-03-01 08:18:08', NULL, NULL),
	(167, 1637, 5, 'e332375', '2011-03-01 08:18:37', NULL, NULL),
	(168, 1591, 5, 'e332375', '2011-03-01 08:20:38', NULL, NULL),
	(169, 1656, 3, 'e335886', '2011-03-01 08:21:14', NULL, NULL),
	(170, 1603, 3, 'e332375', '2011-03-01 08:21:29', NULL, NULL),
	(171, 1480, 3, 'e476520', '2011-03-01 08:29:19', NULL, NULL),
	(172, 1567, 3, 'e476520', '2011-03-01 08:29:39', NULL, NULL),
	(173, 1642, 3, 'e476520', '2011-03-01 08:29:57', NULL, NULL),
	(174, 1422, 5, 'e332375', '2011-03-01 08:43:38', NULL, NULL),
	(175, 1655, 3, 'e360232', '2011-03-01 09:23:35', NULL, NULL),
	(176, 1565, 5, 'e324601', '2011-03-01 14:10:22', NULL, NULL),
	(177, 1612, 3, 'e205003', '2011-03-02 07:38:01', NULL, NULL),
	(178, 1645, 3, 'e476520', '2011-03-02 08:05:49', NULL, NULL),
	(179, 1645, 3, 'e476520', '2011-03-02 08:06:06', NULL, NULL),
	(180, 1545, 5, 'e324601', '2011-03-02 09:01:23', NULL, NULL),
	(181, 1466, 5, 'e244207', '2011-03-02 09:10:52', NULL, NULL),
	(182, 1480, 5, 'e275009', '2011-03-02 14:09:47', NULL, NULL),
	(183, 1470, 5, 'e332375', '2011-03-03 06:57:16', NULL, NULL),
	(184, 1654, 3, 'e244207', '2011-03-03 08:41:52', NULL, NULL),
	(185, 1610, 5, 'e410697', '2011-03-03 10:53:51', NULL, NULL),
	(186, 1608, 3, 'e493531', '2011-03-03 12:31:30', NULL, NULL),
	(187, 1420, 5, 'e360232', '2011-03-03 14:45:18', NULL, NULL),
	(188, 1612, 5, 'e205003', '2011-03-04 07:19:20', NULL, NULL),
	(189, 1644, 5, 'e476520', '2011-03-04 09:03:16', NULL, NULL),
	(190, 1656, 5, 'e335886', '2011-03-07 06:53:06', NULL, NULL),
	(191, 1621, 3, 'e476520', '2011-03-07 08:18:46', NULL, NULL),
	(192, 1430, 3, 'e324601', '2011-03-07 09:25:08', NULL, NULL),
	(193, 1493, 5, 'e324601', '2011-03-07 09:26:37', NULL, NULL),
	(194, 1429, 3, 'e324601', '2011-03-07 09:27:04', NULL, NULL),
	(195, 1654, 5, 'e244207', '2011-03-08 10:12:40', NULL, NULL),
	(196, 1672, 3, 'e360232', '2011-03-08 13:47:10', NULL, NULL),
	(197, 1659, 3, 'e493531', '2011-03-08 14:54:14', NULL, NULL),
	(198, 1579, 3, 'e459841', '2011-03-09 07:58:45', NULL, NULL),
	(199, 1657, 3, 'e525130', '2011-03-10 07:58:48', NULL, NULL),
	(200, 1661, 3, 'e525130', '2011-03-10 07:59:01', NULL, NULL),
	(201, 1657, 5, 'e525130', '2011-03-10 08:00:12', NULL, NULL),
	(202, 1661, 5, 'e525130', '2011-03-10 08:01:14', NULL, NULL),
	(203, 1672, 5, 'e360232', '2011-03-10 08:32:02', NULL, NULL),
	(204, 1671, 3, 'e334629', '2011-03-10 14:08:31', NULL, NULL),
	(205, 1671, 5, 'e334629', '2011-03-10 14:09:30', NULL, NULL),
	(206, 1608, 5, 'e493531', '2011-03-11 09:30:14', NULL, NULL),
	(207, 1652, 5, 'e335886', '2011-03-14 07:15:08', NULL, NULL),
	(208, 1653, 5, 'e335886', '2011-03-14 07:15:17', NULL, NULL),
	(209, 1680, 3, 'e335886', '2011-03-14 07:16:54', NULL, NULL),
	(210, 1590, 3, 'e355140', '2011-03-14 14:21:28', NULL, NULL),
	(211, 1681, 3, 'e355140', '2011-03-14 14:21:48', NULL, NULL),
	(212, 1680, 5, 'e335886', '2011-03-15 06:47:30', NULL, NULL),
	(213, 1640, 5, 'e275009', '2011-03-16 06:38:23', NULL, NULL),
	(214, 1641, 5, 'e275009', '2011-03-16 06:38:47', NULL, NULL),
	(215, 1683, 3, 'e335886', '2011-03-16 06:56:05', NULL, NULL),
	(216, 1681, 5, 'e355140', '2011-03-16 07:44:53', NULL, NULL),
	(217, 1676, 3, 'e332375', '2011-03-16 08:42:30', NULL, NULL),
	(218, 1682, 3, 'e402838', '2011-03-16 09:12:26', NULL, NULL),
	(219, 1686, 3, 'e436340', '2011-03-17 09:45:08', NULL, NULL),
	(220, 1660, 3, 'e410697', '2011-03-18 05:40:21', NULL, NULL),
	(221, 1683, 5, 'e335886', '2011-03-18 07:17:46', NULL, NULL),
	(222, 1660, 5, 'e410697', '2011-03-21 06:07:03', NULL, NULL),
	(223, 1643, 5, 'e476520', '2011-03-21 09:11:59', NULL, NULL),
	(224, 1621, 5, 'e476520', '2011-03-21 09:14:32', NULL, NULL),
	(225, 1693, 3, 'e275009', '2011-03-22 05:58:10', NULL, NULL),
	(226, 1693, 5, 'e275009', '2011-03-22 05:59:11', NULL, NULL),
	(227, 1697, 3, 'e355140', '2011-03-22 07:24:17', NULL, NULL),
	(228, 1682, 5, 'e402838', '2011-03-22 07:42:03', NULL, NULL),
	(229, 1688, 3, 'e459841', '2011-03-22 09:32:39', NULL, NULL),
	(230, 1692, 3, 'e476520', '2011-03-22 11:06:39', NULL, NULL),
	(231, 1692, 3, 'e476520', '2011-03-22 11:06:55', NULL, NULL),
	(232, 1668, 3, 'e476520', '2011-03-22 11:07:21', NULL, NULL),
	(233, 1668, 5, 'e476520', '2011-03-22 11:09:56', NULL, NULL),
	(234, 1650, 5, 'e334629', '2011-03-23 07:53:29', NULL, NULL),
	(235, 1691, 3, 'e334629', '2011-03-23 07:54:01', NULL, NULL),
	(236, 1700, 3, 'e355140', '2011-03-24 07:06:17', NULL, NULL),
	(237, 1690, 3, 'e677413', '2011-03-24 07:45:37', NULL, NULL),
	(238, 1702, 3, 'e677413', '2011-03-24 07:55:46', NULL, NULL),
	(239, 1688, 5, 'e459841', '2011-03-24 08:17:12', NULL, NULL),
	(240, 1699, 3, 'e459841', '2011-03-24 08:17:29', NULL, NULL),
	(241, 1603, 5, 'e332375', '2011-03-24 08:18:30', NULL, NULL),
	(242, 1703, 3, 'e402838', '2011-03-24 11:47:43', NULL, NULL),
	(243, 1704, 3, 'e205003', '2011-03-24 12:49:29', NULL, NULL),
	(244, 1674, 3, 'e332375', '2011-03-25 06:48:24', NULL, NULL),
	(245, 1494, 5, 'e315193', '2011-03-25 08:08:03', NULL, NULL),
	(246, 1645, 5, 'e476520', '2011-03-25 09:09:36', NULL, NULL),
	(247, 1690, 5, 'e335886', '2011-03-25 09:13:46', NULL, NULL),
	(248, 1703, 5, 'e402838', '2011-03-28 07:16:04', NULL, NULL),
	(249, 1706, 3, 'e402838', '2011-03-28 07:16:44', NULL, NULL),
	(250, 1699, 5, 'e459841', '2011-03-28 09:06:00', NULL, NULL),
	(251, 1700, 5, 'e355140', '2011-03-28 09:11:15', NULL, NULL),
	(252, 1692, 5, 'e476520', '2011-03-28 09:53:23', NULL, NULL),
	(253, 1642, 5, 'e476520', '2011-03-28 09:54:08', NULL, NULL),
	(254, 1697, 5, 'e355140', '2011-03-28 10:31:30', NULL, NULL),
	(255, 1711, 3, 'e355140', '2011-03-28 10:32:30', NULL, NULL),
	(256, 1710, 3, 'e275009', '2011-03-29 05:53:47', NULL, NULL),
	(257, 1587, 3, 'e315193', '2011-03-29 09:11:41', NULL, NULL),
	(258, 1686, 5, 'e436340', '2011-03-29 10:01:29', NULL, NULL),
	(259, 1708, 3, 'e355141', '2011-03-29 10:52:01', NULL, NULL),
	(260, 1706, 5, 'e402838', '2011-03-30 08:10:03', NULL, NULL),
	(261, 1670, 3, 'e476520', '2011-03-30 08:23:16', NULL, NULL),
	(262, 1717, 3, 'e459841', '2011-03-30 08:42:51', NULL, NULL),
	(263, 1707, 3, 'e334629', '2011-03-30 09:43:20', NULL, NULL),
	(264, 1718, 3, 'e360232', '2011-03-30 11:25:29', NULL, NULL),
	(265, 1704, 5, 'e205003', '2011-03-30 12:17:23', NULL, NULL),
	(266, 1708, 5, 'e355141', '2011-03-31 07:26:53', NULL, NULL),
	(267, 1476, 5, 'e476520', '2011-03-31 08:22:16', NULL, NULL),
	(268, 1670, 5, 'e476520', '2011-03-31 08:24:00', NULL, NULL),
	(269, 1670, 5, 'e476520', '2011-03-31 08:24:14', NULL, NULL),
	(270, 1551, 5, 'e459841', '2011-03-31 08:58:26', NULL, NULL),
	(271, 1590, 5, 'e355140', '2011-04-01 07:33:12', NULL, NULL),
	(272, 1711, 5, 'e355140', '2011-04-01 07:34:18', NULL, NULL),
	(273, 1718, 5, 'e360232', '2011-04-01 08:55:07', NULL, NULL),
	(274, 1709, 3, 'e355140', '2011-04-01 08:57:52', NULL, NULL),
	(275, 1720, 3, 'e360232', '2011-04-01 08:58:22', NULL, NULL),
	(276, 1707, 5, 'e334629', '2011-04-01 09:59:18', NULL, NULL),
	(277, 1714, 3, 'e335886', '2011-04-04 07:28:49', NULL, NULL),
	(278, 1714, 4, 'e335886', '2011-04-04 07:29:13', 'asdfg', 2),
	(279, 1713, 3, 'e335886', '2011-04-04 07:29:30', NULL, NULL),
	(280, 1713, 4, 'e335886', '2011-04-04 07:29:49', 'adfg', 2),
	(281, 1717, 5, 'e459841', '2011-04-04 07:42:53', NULL, NULL),
	(282, 1720, 5, 'e360232', '2011-04-04 10:34:00', NULL, NULL),
	(283, 1004, 3, 'e332375', '2011-04-05 06:24:37', NULL, NULL),
	(284, 1676, 5, 'e332375', '2011-04-05 06:25:22', NULL, NULL),
	(285, 1691, 5, 'e334629', '2011-04-05 08:04:34', NULL, NULL),
	(286, 1479, 5, 'e476520', '2011-04-05 08:25:14', NULL, NULL),
	(287, 1566, 3, 'e476520', '2011-04-05 08:26:13', NULL, NULL),
	(288, 1731, 3, 'e459841', '2011-04-05 10:19:11', NULL, NULL),
	(289, 1626, 3, 'e360232', '2011-04-05 11:12:08', NULL, NULL),
	(290, 1735, 3, 'e355141', '2011-04-05 12:23:34', NULL, NULL),
	(291, 1713, 3, 'e000000', '2011-04-06 04:01:58', NULL, NULL),
	(292, 1714, 3, 'e000000', '2011-04-06 04:02:00', NULL, NULL),
	(293, 1731, 5, 'e459841', '2011-04-06 08:14:52', NULL, NULL),
	(294, 1741, 3, 'e355141', '2011-04-06 10:27:24', NULL, NULL),
	(295, 1735, 5, 'e355141', '2011-04-06 10:28:54', NULL, NULL),
	(296, 1737, 3, 'e275009', '2011-04-07 05:54:49', NULL, NULL),
	(297, 1710, 5, 'e275009', '2011-04-07 05:55:59', NULL, NULL),
	(298, 1742, 3, 'e355141', '2011-04-07 09:48:57', NULL, NULL),
	(299, 1696, 3, 'e275009', '2011-04-08 05:58:43', NULL, NULL),
	(300, 1714, 5, 'e335886', '2011-04-08 06:00:14', NULL, NULL),
	(301, 1713, 5, 'e335886', '2011-04-08 06:00:33', NULL, NULL),
	(302, 1696, 5, 'e275009', '2011-04-08 06:05:25', NULL, NULL),
	(303, 1741, 5, 'e355141', '2011-04-08 06:51:01', NULL, NULL),
	(304, 1749, 3, 'e355141', '2011-04-08 06:52:30', NULL, NULL),
	(305, 1744, 3, 'e355140', '2011-04-08 07:50:36', NULL, NULL),
	(306, 1722, 3, 'e390270', '2011-04-08 08:33:42', NULL, NULL),
	(307, 1751, 3, 'e205003', '2011-04-08 10:55:35', NULL, NULL),
	(308, 1737, 5, 'e275009', '2011-04-08 12:43:19', NULL, NULL),
	(309, 1751, 5, 'e205003', '2011-04-11 08:58:52', NULL, NULL),
	(310, 1744, 5, 'e355140', '2011-04-11 09:22:38', NULL, NULL),
	(311, 1584, 5, 'e436143', '2011-04-11 09:37:36', NULL, NULL),
	(312, 1749, 5, 'e355141', '2011-04-11 11:04:52', NULL, NULL),
	(313, 1752, 3, 'e205003', '2011-04-12 07:57:47', NULL, NULL),
	(314, 1742, 5, 'e355141', '2011-04-12 08:05:28', NULL, NULL),
	(315, 1740, 3, 'e332375', '2011-04-12 08:19:59', NULL, NULL),
	(316, 1739, 3, 'e332375', '2011-04-12 08:20:59', NULL, NULL),
	(317, 1726, 3, 'e332375', '2011-04-13 08:25:27', NULL, NULL),
	(318, 1659, 5, 'e493531', '2011-04-14 07:20:43', NULL, NULL),
	(319, 1651, 3, 'e493531', '2011-04-14 07:22:34', NULL, NULL),
	(320, 1752, 5, 'e205003', '2011-04-15 08:13:46', NULL, NULL),
	(321, 1726, 5, 'e332375', '2011-04-18 06:59:53', NULL, NULL),
	(322, 1004, 5, 'e332375', '2011-04-18 07:00:15', NULL, NULL),
	(323, 1740, 5, 'e332375', '2011-04-18 07:00:37', NULL, NULL),
	(324, 1739, 5, 'e332375', '2011-04-18 07:01:22', NULL, NULL),
	(325, 1709, 5, 'e355140', '2011-04-18 07:14:54', NULL, NULL),
	(326, 1759, 3, 'e355140', '2011-04-18 07:16:19', NULL, NULL),
	(327, 1758, 3, 'e411049', '2011-04-18 08:14:38', NULL, NULL),
	(328, 1757, 3, 'e411049', '2011-04-18 08:15:11', NULL, NULL),
	(329, 1664, 3, 'e525130', '2011-04-18 08:59:17', NULL, NULL),
	(330, 1664, 5, 'e525130', '2011-04-18 09:00:32', NULL, NULL),
	(331, 1722, 5, 'e390270', '2011-04-19 08:15:09', NULL, NULL),
	(332, 1674, 5, 'e332375', '2011-04-20 06:53:48', NULL, NULL),
	(333, 1566, 5, 'e476520', '2011-04-20 08:26:58', NULL, NULL),
	(334, 1762, 3, 'e335886', '2011-04-20 14:26:12', NULL, NULL),
	(335, 1761, 3, 'e335886', '2011-04-20 14:26:29', NULL, NULL),
	(336, 1760, 3, 'e275009', '2011-04-21 10:18:48', NULL, NULL),
	(337, 1759, 5, 'e355140', '2011-04-26 07:03:14', NULL, NULL),
	(338, 1762, 5, 'e335886', '2011-04-26 10:09:06', NULL, NULL),
	(339, 1761, 5, 'e335886', '2011-04-26 10:09:59', NULL, NULL),
	(340, 1763, 3, 'e335886', '2011-04-26 10:11:04', NULL, NULL),
	(341, 1429, 5, 'e324601', '2011-04-26 12:09:43', NULL, NULL),
	(342, 1430, 5, 'e324601', '2011-04-26 12:10:04', NULL, NULL),
	(343, 1614, 3, 'e476520', '2011-04-26 18:05:58', NULL, NULL),
	(344, 1609, 3, 'e493531', '2011-04-27 15:30:25', NULL, NULL),
	(345, 1760, 5, 'e275009', '2011-04-28 08:24:00', NULL, NULL),
	(346, 1758, 5, 'e411049', '2011-04-29 08:17:44', NULL, NULL),
	(347, 1757, 5, 'e411049', '2011-04-29 08:18:28', NULL, NULL),
	(348, 1651, 5, 'e493531', '2011-04-29 09:40:34', NULL, NULL),
	(349, 1581, 3, 'e324601', '2011-04-29 13:59:32', NULL, NULL),
	(350, 1581, 5, 'e324601', '2011-04-29 13:59:53', NULL, NULL),
	(351, 1763, 5, 'e335886', '2011-05-02 06:10:27', NULL, NULL),
	(352, 1764, 3, 'e228392', '2011-05-02 06:55:10', NULL, NULL),
	(353, 1609, 5, 'e493531', '2011-05-02 08:07:08', NULL, NULL),
	(354, 1616, 3, 'e493531', '2011-05-02 08:09:15', NULL, NULL),
	(355, 1626, 5, 'e360232', '2011-05-02 08:28:51', NULL, NULL),
	(356, 1530, 5, 'e228392', '2011-05-02 08:31:09', NULL, NULL),
	(357, 1615, 3, 'e360232', '2011-05-02 08:31:44', NULL, NULL),
	(358, 1781, 3, 'e335886', '2011-05-02 10:46:00', NULL, NULL),
	(359, 1695, 3, 'e293807', '2011-05-03 12:41:13', NULL, NULL),
	(360, 1666, 3, 'e525130', '2011-05-03 13:27:25', NULL, NULL),
	(361, 1781, 5, 'e335886', '2011-05-04 06:12:25', NULL, NULL),
	(362, 1792, 3, 'e335886', '2011-05-04 06:13:21', NULL, NULL),
	(363, 1784, 3, 'e360232', '2011-05-04 07:36:01', NULL, NULL),
	(364, 1766, 3, 'e493531', '2011-05-04 07:38:49', NULL, NULL),
	(365, 1795, 3, 'e355141', '2011-05-05 09:22:17', NULL, NULL),
	(366, 1800, 3, 'e355140', '2011-05-05 13:57:55', NULL, NULL),
	(367, 1784, 5, 'e360232', '2011-05-06 12:55:32', NULL, NULL),
	(368, 1785, 3, 'e360232', '2011-05-06 12:56:03', NULL, NULL),
	(369, 1764, 5, 'e228392', '2011-05-09 07:01:22', NULL, NULL),
	(370, 1798, 3, 'e332375', '2011-05-09 07:28:40', NULL, NULL),
	(371, 1768, 3, 'e332375', '2011-05-09 07:29:06', NULL, NULL),
	(372, 1805, 3, 'e411049', '2011-05-09 09:28:07', NULL, NULL),
	(373, 1806, 3, 'e411049', '2011-05-09 09:28:29', NULL, NULL),
	(374, 1785, 5, 'e360232', '2011-05-09 11:06:55', NULL, NULL),
	(375, 1809, 3, 'e360232', '2011-05-09 11:07:39', NULL, NULL),
	(376, 1767, 3, 'e355140', '2011-05-10 07:46:46', NULL, NULL),
	(377, 1795, 5, 'e355141', '2011-05-10 08:15:27', NULL, NULL),
	(378, 1792, 5, 'e335886', '2011-05-10 08:55:53', NULL, NULL),
	(379, 1800, 5, 'e355140', '2011-05-10 13:52:33', NULL, NULL),
	(380, 1811, 3, 'e360232', '2011-05-10 15:19:35', NULL, NULL),
	(381, 1809, 5, 'e360232', '2011-05-10 15:20:08', NULL, NULL),
	(382, 1813, 3, 'e436340', '2011-05-12 09:58:33', NULL, NULL),
	(383, 1805, 5, 'e411049', '2011-05-16 08:31:00', NULL, NULL),
	(384, 1806, 5, 'e411049', '2011-05-16 08:31:36', NULL, NULL),
	(385, 1695, 5, 'e293807', '2011-05-16 09:15:08', NULL, NULL),
	(386, 1767, 5, 'e355140', '2011-05-16 11:29:47', NULL, NULL),
	(387, 1798, 5, 'e332375', '2011-05-17 07:21:20', NULL, NULL),
	(388, 1666, 5, 'e525130', '2011-05-18 08:04:09', NULL, NULL),
	(389, 1778, 3, 'e525130', '2011-05-18 08:04:32', NULL, NULL),
	(390, 1778, 3, 'e525130', '2011-05-18 08:05:51', NULL, NULL),
	(391, 1804, 3, 'e324601', '2011-05-19 08:03:20', NULL, NULL),
	(392, 1833, 3, 'e324601', '2011-05-19 08:04:04', NULL, NULL),
	(393, 1841, 3, 'e355140', '2011-05-20 08:34:03', NULL, NULL),
	(394, 1729, 3, 'e525130', '2011-05-20 08:50:28', NULL, NULL),
	(395, 1842, 3, 'e355140', '2011-05-20 08:51:24', NULL, NULL),
	(396, 1841, 4, 'e355140', '2011-05-20 08:52:48', 'CWS500CS1 not found', 3),
	(397, 1841, 3, 'e000000', '2011-05-23 04:01:50', NULL, NULL),
	(398, 1811, 5, 'e360232', '2011-05-23 08:11:24', NULL, NULL),
	(399, 1842, 5, 'e355140', '2011-05-24 07:41:10', NULL, NULL),
	(400, 1841, 5, 'e355140', '2011-05-24 07:41:58', NULL, NULL),
	(401, 1843, 3, 'e390270', '2011-05-25 08:37:16', NULL, NULL),
	(402, 1775, 3, 'e525130', '2011-05-25 08:40:11', NULL, NULL),
	(403, 1778, 5, 'e525130', '2011-05-26 08:38:31', NULL, NULL),
	(404, 1850, 3, 'e360232', '2011-05-27 14:15:01', NULL, NULL),
	(405, 1851, 3, 'e360232', '2011-05-27 14:16:19', NULL, NULL),
	(406, 1844, 3, 'e459841', '2011-05-30 07:17:39', NULL, NULL),
	(407, 1768, 5, 'e332375', '2011-05-30 07:28:54', NULL, NULL),
	(408, 1854, 3, 'e332375', '2011-05-30 07:29:18', NULL, NULL),
	(409, 1775, 5, 'e525130', '2011-05-31 08:11:29', NULL, NULL),
	(410, 1804, 5, 'e324601', '2011-06-01 06:59:58', NULL, NULL),
	(411, 1828, 3, 'e324601', '2011-06-01 07:05:12', NULL, NULL),
	(412, 1843, 5, 'e390270', '2011-06-01 08:20:13', NULL, NULL),
	(413, 1850, 5, 'e360232', '2011-06-01 09:46:19', NULL, NULL),
	(414, 1852, 3, 'e360232', '2011-06-01 09:46:38', NULL, NULL),
	(415, 1655, 5, 'e360232', '2011-06-01 09:46:54', NULL, NULL),
	(416, 1851, 5, 'e360232', '2011-06-01 09:47:15', NULL, NULL),
	(417, 1844, 5, 'e459841', '2011-06-01 09:51:50', NULL, NULL),
	(418, 1853, 3, 'e459841', '2011-06-01 09:52:03', NULL, NULL),
	(419, 1840, 3, 'e228392', '2011-06-02 06:27:19', NULL, NULL),
	(420, 1616, 5, 'e493531', '2011-06-02 07:46:07', NULL, NULL),
	(421, 1766, 5, 'e493531', '2011-06-03 08:17:57', NULL, NULL),
	(422, 1766, 5, 'e493531', '2011-06-03 08:18:38', NULL, NULL),
	(423, 1822, 3, 'e493531', '2011-06-03 08:19:43', NULL, NULL),
	(424, 1852, 5, 'e360232', '2011-06-03 08:23:16', NULL, NULL),
	(425, 1864, 3, 'e411049', '2011-06-03 08:23:26', NULL, NULL),
	(426, 1865, 3, 'e411049', '2011-06-03 08:24:17', NULL, NULL),
	(427, 1780, 3, 'e525130', '2011-06-03 08:50:03', NULL, NULL),
	(428, 1729, 5, 'e525130', '2011-06-03 08:50:34', NULL, NULL),
	(429, 1769, 3, 'e332375', '2011-06-03 12:41:54', NULL, NULL),
	(430, 1823, 3, 'e493531', '2011-06-06 07:58:11', NULL, NULL),
	(431, 1770, 3, 'e525130', '2011-06-06 08:36:21', NULL, NULL),
	(432, 1869, 3, 'e360232', '2011-06-06 08:56:22', NULL, NULL),
	(433, 1868, 3, 'e360232', '2011-06-06 08:56:40', NULL, NULL),
	(434, 1869, 5, 'e360232', '2011-06-06 16:59:18', NULL, NULL),
	(435, 1868, 5, 'e360232', '2011-06-06 16:59:37', NULL, NULL),
	(436, 1870, 3, 'e355141', '2011-06-09 06:41:30', NULL, NULL),
	(437, 1813, 5, 'e436340', '2011-06-09 08:21:30', NULL, NULL),
	(438, 1875, 3, 'e436340', '2011-06-09 08:26:45', NULL, NULL),
	(439, 1862, 3, 'e355141', '2011-06-09 09:15:53', NULL, NULL),
	(440, 1876, 3, 'e355141', '2011-06-09 09:17:37', NULL, NULL),
	(441, 1780, 5, 'e525130', '2011-06-09 12:19:58', NULL, NULL),
	(442, 1818, 3, 'e525130', '2011-06-09 12:20:49', NULL, NULL),
	(443, 1861, 3, 'e355141', '2011-06-10 07:37:20', NULL, NULL),
	(444, 1872, 3, 'e493531', '2011-06-10 07:41:12', NULL, NULL),
	(445, 1587, 5, 'e324601', '2011-06-10 07:57:27', NULL, NULL),
	(446, 1853, 5, 'e459841', '2011-06-10 09:21:40', NULL, NULL),
	(447, 1614, 5, 'e476520', '2011-06-10 09:31:35', NULL, NULL),
	(448, 1815, 3, 'e476520', '2011-06-10 16:05:25', NULL, NULL),
	(449, 1815, 5, 'e476520', '2011-06-10 16:09:45', NULL, NULL),
	(450, 1753, 3, 'e332375', '2011-06-13 06:58:49', NULL, NULL),
	(451, 1579, 5, 'e459841', '2011-06-13 07:36:05', NULL, NULL),
	(452, 1689, 3, 'e459841', '2011-06-13 07:40:04', NULL, NULL),
	(453, 1872, 5, 'e493531', '2011-06-13 07:55:32', NULL, NULL),
	(454, 1864, 5, 'e411049', '2011-06-13 08:13:07', NULL, NULL),
	(455, 1865, 5, 'e411049', '2011-06-13 08:13:47', NULL, NULL),
	(456, 1876, 5, 'e355141', '2011-06-13 10:01:32', NULL, NULL),
	(457, 1881, 3, 'e355141', '2011-06-14 08:55:12', NULL, NULL),
	(458, 1862, 5, 'e355141', '2011-06-14 08:56:29', NULL, NULL),
	(459, 1870, 5, 'e355141', '2011-06-14 08:56:52', NULL, NULL),
	(460, 1831, 3, 'e324601', '2011-06-15 07:14:00', NULL, NULL),
	(461, 1883, 3, 'e459841', '2011-06-15 08:06:02', NULL, NULL),
	(462, 1881, 5, 'e355141', '2011-06-16 08:23:43', NULL, NULL),
	(463, 1883, 5, 'e459841', '2011-06-16 08:40:34', NULL, NULL),
	(464, 1886, 3, 'e459841', '2011-06-16 08:40:56', NULL, NULL),
	(465, 1834, 3, 'e324601', '2011-06-17 06:43:42', NULL, NULL),
	(466, 1833, 5, 'e324601', '2011-06-17 06:44:28', NULL, NULL),
	(467, 1828, 5, 'e324601', '2011-06-17 06:46:28', NULL, NULL),
	(468, 1861, 5, 'e355141', '2011-06-17 07:19:43', NULL, NULL),
	(469, 1886, 5, 'e459841', '2011-06-17 07:53:32', NULL, NULL),
	(470, 1889, 3, 'e459841', '2011-06-17 07:54:04', NULL, NULL),
	(471, 1879, 3, 'e677413', '2011-06-17 12:21:40', NULL, NULL),
	(472, 1863, 3, 'e355141', '2011-06-20 07:50:30', NULL, NULL),
	(473, 1889, 5, 'e459841', '2011-06-20 08:20:32', NULL, NULL),
	(474, 1776, 3, 'e525130', '2011-06-21 08:49:16', NULL, NULL),
	(475, 1777, 3, 'e525130', '2011-06-21 08:49:33', NULL, NULL),
	(476, 1689, 5, 'e459841', '2011-06-21 09:08:36', NULL, NULL),
	(477, 1899, 3, 'e525130', '2011-06-22 09:58:44', NULL, NULL),
	(478, 1860, 3, 'e244207', '2011-06-22 11:40:25', NULL, NULL),
	(479, 1893, 3, 'e324601', '2011-06-23 07:36:48', NULL, NULL),
	(480, 1818, 5, 'e525130', '2011-06-23 09:19:31', NULL, NULL),
	(481, 1860, 5, 'e244207', '2011-06-23 12:28:33', NULL, NULL),
	(482, 1875, 5, 'e436340', '2011-06-27 08:20:09', NULL, NULL),
	(483, 1899, 5, 'e525130', '2011-06-28 08:48:17', NULL, NULL),
	(484, 1770, 5, 'e525130', '2011-06-28 15:55:03', NULL, NULL),
	(485, 1824, 3, 'e324601', '2011-06-30 08:39:30', NULL, NULL),
	(486, 1893, 5, 'e324601', '2011-07-01 07:12:08', NULL, NULL),
	(487, 1825, 3, 'e324601', '2011-07-01 07:12:37', NULL, NULL),
	(488, 1831, 5, 'e324601', '2011-07-01 07:13:34', NULL, NULL),
	(489, 1888, 3, 'e324601', '2011-07-01 07:13:55', NULL, NULL),
	(490, 1917, 3, 'e324601', '2011-07-01 07:15:51', NULL, NULL),
	(491, 1863, 5, 'e355141', '2011-07-01 08:52:31', NULL, NULL),
	(492, 1854, 5, 'e332375', '2011-07-01 12:41:42', NULL, NULL),
	(493, 1922, 3, 'e332375', '2011-07-04 07:23:06', NULL, NULL),
	(494, 1769, 5, 'e332375', '2011-07-04 07:25:00', NULL, NULL),
	(495, 1830, 3, 'e324601', '2011-07-07 06:56:11', NULL, NULL),
	(496, 1925, 3, 'e525130', '2011-07-08 08:59:12', NULL, NULL),
	(497, 1925, 5, 'e525130', '2011-07-08 09:00:33', NULL, NULL),
	(498, 1777, 5, 'e525130', '2011-07-08 09:04:40', NULL, NULL),
	(499, 1776, 5, 'e525130', '2011-07-08 09:05:12', NULL, NULL),
	(500, 1840, 5, 'e228392', '2011-07-11 06:56:25', NULL, NULL),
	(501, 1823, 5, 'e493531', '2011-07-11 08:28:30', NULL, NULL),
	(502, 1822, 5, 'e493531', '2011-07-11 08:28:49', NULL, NULL),
	(503, 1915, 3, 'e315193', '2011-07-11 08:43:26', NULL, NULL),
	(504, 1788, 3, 'e525130', '2011-07-11 09:02:59', NULL, NULL),
	(505, 1909, 3, 'e493531', '2011-07-12 06:39:44', NULL, NULL),
	(506, 1923, 3, 'e525130', '2011-07-12 11:17:25', NULL, NULL),
	(507, 1895, 3, 'e476520', '2011-07-12 17:56:20', NULL, NULL),
	(508, 1896, 3, 'e476520', '2011-07-12 17:56:53', NULL, NULL),
	(509, 1913, 3, 'e525130', '2011-07-14 08:33:08', NULL, NULL),
	(510, 1913, 5, 'e525130', '2011-07-14 08:33:29', NULL, NULL),
	(511, 1933, 3, 'e360232', '2011-07-15 14:38:04', NULL, NULL),
	(512, 1917, 5, 'e324601', '2011-07-18 06:49:25', NULL, NULL),
	(513, 1931, 3, 'e532734', '2011-07-18 08:06:56', NULL, NULL),
	(514, 1923, 5, 'e525130', '2011-07-18 08:34:01', NULL, NULL),
	(515, 1788, 5, 'e525130', '2011-07-18 08:34:28', NULL, NULL),
	(516, 1934, 3, 'e454705', '2011-07-18 08:58:31', NULL, NULL),
	(517, 1932, 3, 'e360232', '2011-07-18 14:07:10', NULL, NULL),
	(518, 1932, 5, 'e360232', '2011-07-18 14:07:44', NULL, NULL),
	(519, 1949, 3, 'e407719', '2011-07-19 08:46:33', NULL, NULL),
	(520, 1914, 3, 'e493531', '2011-07-19 08:46:49', NULL, NULL),
	(521, 1949, 5, 'e407719', '2011-07-19 09:16:33', NULL, NULL),
	(522, 1830, 5, 'e324601', '2011-07-19 11:25:25', NULL, NULL),
	(523, 1948, 3, 'e525130', '2011-07-19 18:12:03', NULL, NULL),
	(524, 1948, 5, 'e525130', '2011-07-19 18:13:40', NULL, NULL),
	(525, 1934, 5, 'e454705', '2011-07-20 08:03:54', NULL, NULL),
	(526, 1951, 3, 'e436340', '2011-07-20 08:19:45', NULL, NULL),
	(527, 1928, 3, 'e525130', '2011-07-20 16:42:18', NULL, NULL),
	(528, 1900, 3, 'e525130', '2011-07-20 16:42:33', NULL, NULL),
	(529, 1928, 5, 'e525130', '2011-07-20 16:44:38', NULL, NULL),
	(530, 1950, 3, 'e454705', '2011-07-21 09:07:27', NULL, NULL),
	(531, 1961, 3, 'e536792', '2011-07-21 10:18:45', NULL, NULL),
	(532, 1933, 5, 'e360232', '2011-07-21 10:40:57', NULL, NULL),
	(533, 1961, 5, 'e536792', '2011-07-21 14:15:53', NULL, NULL),
	(534, 1947, 3, 'e476520', '2011-07-21 16:33:03', NULL, NULL),
	(535, 1834, 5, 'e324601', '2011-07-22 07:21:24', NULL, NULL),
	(536, 1950, 5, 'e454705', '2011-07-22 13:44:31', NULL, NULL),
	(537, 1960, 3, 'e476520', '2011-07-25 08:15:54', NULL, NULL),
	(538, 1951, 5, 'e436340', '2011-07-25 08:39:49', NULL, NULL),
	(539, 1952, 3, 'e436340', '2011-07-25 08:40:00', NULL, NULL),
	(540, 1955, 3, 'e536792', '2011-07-26 08:03:37', NULL, NULL),
	(541, 1956, 3, 'e536792', '2011-07-26 08:03:53', NULL, NULL),
	(542, 1956, 5, 'e536792', '2011-07-26 17:55:41', NULL, NULL),
	(543, 1955, 5, 'e536792', '2011-07-26 17:56:19', NULL, NULL),
	(544, 1702, 5, 'e677413', '2011-07-27 06:49:11', NULL, NULL),
	(545, 1979, 3, 'e332375', '2011-07-28 08:03:14', NULL, NULL),
	(546, 1952, 5, 'e436340', '2011-07-29 08:23:44', NULL, NULL),
	(547, 1615, 5, 'e360232', '2011-07-29 14:30:28', NULL, NULL),
	(548, 1922, 5, 'e332375', '2011-08-01 07:17:25', NULL, NULL),
	(549, 1989, 3, 'e332375', '2011-08-01 07:19:07', NULL, NULL),
	(550, 1753, 5, 'e332375', '2011-08-01 07:19:28', NULL, NULL),
	(551, 1824, 5, 'e324601', '2011-08-01 07:24:20', NULL, NULL),
	(552, 1825, 5, 'e324601', '2011-08-01 07:25:07', NULL, NULL),
	(553, 1918, 3, 'e324601', '2011-08-01 07:25:25', NULL, NULL),
	(554, 1888, 5, 'e324601', '2011-08-01 07:25:58', NULL, NULL),
	(555, 1920, 3, 'e324601', '2011-08-01 07:26:20', NULL, NULL),
	(556, 1914, 5, 'e493531', '2011-08-01 07:36:23', NULL, NULL),
	(557, 1900, 5, 'e525130', '2011-08-01 08:25:34', NULL, NULL),
	(558, 1895, 5, 'e476520', '2011-08-01 10:31:17', NULL, NULL),
	(559, 1896, 5, 'e476520', '2011-08-01 10:41:32', NULL, NULL),
	(560, 1960, 5, 'e476520', '2011-08-01 10:42:40', NULL, NULL),
	(561, 1980, 3, 'e275009', '2011-08-02 06:13:13', NULL, NULL),
	(562, 1981, 3, 'e275009', '2011-08-02 06:13:59', NULL, NULL),
	(563, 1976, 3, 'e476520', '2011-08-02 08:22:12', NULL, NULL),
	(564, 1929, 3, 'e476520', '2011-08-02 15:49:21', NULL, NULL),
	(565, 2002, 3, 'e228392', '2011-08-03 06:26:07', NULL, NULL),
	(566, 1921, 3, 'e324601', '2011-08-03 07:08:38', NULL, NULL),
	(567, 2007, 3, 'e355141', '2011-08-03 09:23:18', NULL, NULL),
	(568, 1962, 3, 'e355140', '2011-08-03 09:25:23', NULL, NULL),
	(569, 2008, 3, 'e215421', '2011-08-04 06:20:41', NULL, NULL),
	(570, 1978, 3, 'e411049', '2011-08-04 08:38:19', NULL, NULL),
	(571, 1931, 5, 'e532734', '2011-08-05 07:51:29', NULL, NULL),
	(572, 1980, 5, 'e275009', '2011-08-05 08:40:50', NULL, NULL),
	(573, 1977, 3, 'e332375', '2011-08-05 14:43:51', NULL, NULL),
	(574, 1989, 5, 'e332375', '2011-08-05 14:44:51', NULL, NULL),
	(575, 2007, 5, 'e355141', '2011-08-08 07:04:42', NULL, NULL),
	(576, 2012, 3, 'e355141', '2011-08-08 07:15:49', NULL, NULL),
	(577, 2008, 5, 'e215421', '2011-08-08 07:34:15', NULL, NULL),
	(578, 2009, 3, 'e215421', '2011-08-08 07:35:05', NULL, NULL),
	(579, 1981, 5, 'e275009', '2011-08-08 10:36:17', NULL, NULL),
	(580, 2004, 3, 'e206349', '2011-08-08 16:19:40', NULL, NULL),
	(581, 2012, 5, 'e355141', '2011-08-09 07:03:53', NULL, NULL),
	(582, 2005, 3, 'e324601', '2011-08-09 07:06:16', NULL, NULL),
	(583, 1979, 5, 'e332375', '2011-08-09 07:30:56', NULL, NULL),
	(584, 1993, 3, 'e493531', '2011-08-09 07:45:26', NULL, NULL),
	(585, 1967, 3, 'e493531', '2011-08-10 07:51:00', NULL, NULL),
	(586, 1997, 3, 'e476520', '2011-08-10 08:04:20', NULL, NULL),
	(587, 1997, 3, 'e476520', '2011-08-10 08:04:34', NULL, NULL),
	(588, 2014, 3, 'e476520', '2011-08-10 08:04:54', NULL, NULL),
	(589, 2023, 3, 'e538212', '2011-08-10 11:30:30', NULL, NULL),
	(590, 2014, 5, 'e476520', '2011-08-10 16:24:02', NULL, NULL),
	(591, 1967, 5, 'e493531', '2011-08-11 07:50:35', NULL, NULL),
	(592, 1993, 5, 'e493531', '2011-08-11 07:50:50', NULL, NULL),
	(593, 2023, 5, 'e538212', '2011-08-11 08:25:40', NULL, NULL),
	(594, 2026, 3, 'e538212', '2011-08-11 08:26:21', NULL, NULL),
	(595, 1997, 5, 'e476520', '2011-08-11 10:34:21', NULL, NULL),
	(596, 2024, 3, 'e332375', '2011-08-12 06:24:01', NULL, NULL),
	(597, 2024, 5, 'e332375', '2011-08-15 08:47:14', NULL, NULL),
	(598, 1977, 5, 'e332375', '2011-08-15 08:47:39', NULL, NULL),
	(599, 2030, 3, 'e459841', '2011-08-15 09:00:55', NULL, NULL),
	(600, 2030, 3, 'e459841', '2011-08-15 09:00:57', NULL, NULL),
	(601, 1978, 5, 'e411049', '2011-08-15 09:30:30', NULL, NULL),
	(602, 2026, 5, 'e538212', '2011-08-15 10:59:56', NULL, NULL),
	(603, 2029, 3, 'e476520', '2011-08-15 13:05:46', NULL, NULL),
	(604, 1992, 5, 'e493531', '2011-08-16 07:09:18', NULL, NULL),
	(605, 1968, 5, 'e493531', '2011-08-16 07:09:40', NULL, NULL),
	(606, 1915, 5, 'e315193', '2011-08-16 11:49:42', NULL, NULL),
	(607, 2030, 5, 'e459841', '2011-08-17 17:13:53', NULL, NULL),
	(608, 2044, 3, 'e371552', '2011-08-18 07:34:03', NULL, NULL),
	(609, 2045, 3, 'e459841', '2011-08-18 07:46:04', NULL, NULL),
	(610, 2046, 3, 'e536792', '2011-08-18 09:10:31', NULL, NULL),
	(611, 2029, 5, 'e476520', '2011-08-18 15:43:08', NULL, NULL),
	(612, 1962, 5, 'e355140', '2011-08-19 08:18:02', NULL, NULL),
	(613, 2004, 3, 'e390270', '2011-08-19 13:07:05', NULL, NULL),
	(614, 2002, 5, 'e228392', '2011-08-22 06:42:13', NULL, NULL),
	(615, 2009, 5, 'e215421', '2011-08-22 07:39:35', NULL, NULL),
	(616, 1921, 5, 'e324601', '2011-08-22 08:10:20', NULL, NULL),
	(617, 2006, 3, 'e324601', '2011-08-22 08:10:40', NULL, NULL),
	(618, 1920, 5, 'e324601', '2011-08-22 08:12:11', NULL, NULL),
	(619, 2049, 3, 'e324601', '2011-08-22 08:13:57', NULL, NULL),
	(620, 2041, 3, 'e525130', '2011-08-22 08:53:32', NULL, NULL),
	(621, 1999, 3, 'e536792', '2011-08-22 08:55:33', NULL, NULL),
	(622, 1909, 5, 'e493531', '2011-08-22 09:44:48', NULL, NULL),
	(623, 1929, 5, 'e476520', '2011-08-22 10:21:43', NULL, NULL),
	(624, 1998, 3, 'e536792', '2011-08-22 14:20:26', NULL, NULL),
	(625, 2032, 3, 'e476520', '2011-08-23 07:53:10', NULL, NULL),
	(626, 2045, 5, 'e459841', '2011-08-23 08:46:31', NULL, NULL),
	(627, 2063, 3, 'e538212', '2011-08-23 10:37:41', NULL, NULL),
	(628, 2064, 3, 'e538212', '2011-08-23 10:37:56', NULL, NULL),
	(629, 1999, 5, 'e536792', '2011-08-23 15:18:36', NULL, NULL),
	(630, 1982, 3, 'e360232', '2011-08-23 15:38:57', NULL, NULL),
	(631, 1998, 5, 'e536792', '2011-08-24 08:10:58', NULL, NULL),
	(632, 2067, 3, 'e332375', '2011-08-24 08:11:02', NULL, NULL),
	(633, 2063, 5, 'e538212', '2011-08-24 08:14:02', NULL, NULL),
	(634, 2064, 5, 'e538212', '2011-08-24 08:14:36', NULL, NULL),
	(635, 2044, 5, 'e371552', '2011-08-24 09:02:22', NULL, NULL),
	(636, 2061, 3, 'e360232', '2011-08-24 10:12:38', NULL, NULL),
	(637, 2060, 3, 'e360232', '2011-08-25 10:27:21', NULL, NULL),
	(638, 2061, 5, 'e360232', '2011-08-25 10:28:50', NULL, NULL),
	(639, 2067, 5, 'e332375', '2011-08-26 07:31:44', NULL, NULL),
	(640, 2047, 3, 'e332375', '2011-08-26 07:32:10', NULL, NULL),
	(641, 2075, 3, 'e355141', '2011-08-26 07:58:43', NULL, NULL),
	(642, 2079, 3, 'e332375', '2011-08-29 08:01:50', NULL, NULL),
	(643, 1988, 3, 'e315193', '2011-08-29 08:42:03', NULL, NULL),
	(644, 2075, 5, 'e355141', '2011-08-29 08:43:00', NULL, NULL),
	(645, 2076, 3, 'e228392', '2011-08-29 08:43:17', NULL, NULL),
	(646, 2032, 5, 'e476520', '2011-08-29 10:05:12', NULL, NULL),
	(647, 2070, 3, 'e360232', '2011-08-29 16:06:28', NULL, NULL),
	(648, 2070, 5, 'e360232', '2011-08-29 16:06:54', NULL, NULL),
	(649, 2005, 5, 'e324601', '2011-08-30 07:37:15', NULL, NULL),
	(650, 2006, 5, 'e324601', '2011-08-30 07:37:34', NULL, NULL),
	(651, 2041, 5, 'e525130', '2011-08-30 11:10:19', NULL, NULL),
	(652, 2057, 3, 'e525130', '2011-08-30 15:16:40', NULL, NULL),
	(653, 2057, 5, 'e525130', '2011-08-30 15:17:17', NULL, NULL),
	(654, 1988, 5, 'e315193', '2011-08-31 08:25:40', NULL, NULL),
	(655, 2060, 5, 'e360232', '2011-08-31 08:36:38', NULL, NULL),
	(656, 2089, 3, 'e360232', '2011-08-31 08:38:16', NULL, NULL),
	(657, 1918, 5, 'e324601', '2011-09-01 06:55:14', NULL, NULL),
	(658, 2091, 5, 'e459841', '2011-09-01 08:42:42', NULL, NULL),
	(659, 2092, 5, 'e459841', '2011-09-01 08:42:50', NULL, NULL),
	(660, 2004, 5, 'e390270', '2011-09-01 08:57:01', NULL, NULL),
	(661, 2088, 3, 'e390270', '2011-09-01 08:57:51', NULL, NULL),
	(662, 2047, 5, 'e332375', '2011-09-02 07:45:29', NULL, NULL),
	(663, 1976, 5, 'e476520', '2011-09-02 08:13:29', NULL, NULL),
	(664, 2071, 3, 'e476520', '2011-09-02 08:13:53', NULL, NULL),
	(665, 2056, 3, 'e324601', '2011-09-02 08:22:29', NULL, NULL),
	(666, 1954, 3, 'e315193', '2011-09-02 09:07:23', NULL, NULL),
	(667, 2094, 3, 'e332375', '2011-09-05 07:33:49', NULL, NULL),
	(668, 2093, 3, 'e332375', '2011-09-05 07:34:20', NULL, NULL),
	(669, 2071, 5, 'e476520', '2011-09-05 08:57:36', NULL, NULL),
	(670, 2052, 3, 'e476520', '2011-09-05 08:58:44', NULL, NULL),
	(671, 2089, 5, 'e360232', '2011-09-05 10:19:25', NULL, NULL),
	(672, 2098, 3, 'e360232', '2011-09-05 10:20:02', NULL, NULL),
	(673, 2099, 3, 'e360232', '2011-09-05 10:20:34', NULL, NULL),
	(674, 2049, 5, 'e324601', '2011-09-05 14:13:03', NULL, NULL),
	(675, 2096, 3, 'e324601', '2011-09-05 14:13:51', NULL, NULL),
	(676, 2072, 3, 'e476520', '2011-09-06 08:13:35', NULL, NULL),
	(677, 2074, 3, 'e476520', '2011-09-06 08:13:44', NULL, NULL),
	(678, 2099, 5, 'e360232', '2011-09-06 16:12:02', NULL, NULL),
	(679, 2098, 5, 'e360232', '2011-09-06 16:12:26', NULL, NULL),
	(680, 2048, 3, 'e355140', '2011-09-07 07:24:17', NULL, NULL),
	(681, 2072, 5, 'e476520', '2011-09-08 08:16:46', NULL, NULL),
	(682, 2054, 3, 'e476520', '2011-09-08 08:17:51', NULL, NULL),
	(683, 2110, 3, 'e334629', '2011-09-09 07:02:45', NULL, NULL),
	(684, 2076, 5, 'e228392', '2011-09-12 07:12:38', NULL, NULL),
	(685, 2102, 3, 'e324601', '2011-09-12 07:54:09', NULL, NULL),
	(686, 2096, 5, 'e324601', '2011-09-12 07:55:13', NULL, NULL),
	(687, 2082, 3, 'e355141', '2011-09-13 06:46:02', NULL, NULL),
	(688, 2116, 3, 'e360232', '2011-09-13 09:12:31', NULL, NULL),
	(689, 2093, 5, 'e332375', '2011-09-13 11:20:14', NULL, NULL),
	(690, 2093, 5, 'e332375', '2011-09-13 11:31:18', NULL, NULL),
	(691, 2112, 3, 'e324443', '2011-09-14 07:26:22', NULL, NULL),
	(692, 2123, 3, 'e425882', '2011-09-15 07:37:22', NULL, NULL),
	(693, 2051, 3, 'e476520', '2011-09-15 08:22:09', NULL, NULL),
	(694, 2046, 5, 'e536792', '2011-09-15 13:02:27', NULL, NULL),
	(695, 2125, 3, 'e536792', '2011-09-15 13:05:04', NULL, NULL),
	(696, 1947, 5, 'e476520', '2011-09-16 07:41:33', NULL, NULL),
	(697, 2124, 3, 'e476520', '2011-09-16 07:42:13', NULL, NULL),
	(698, 2050, 3, 'e476520', '2011-09-16 07:42:54', NULL, NULL),
	(699, 2116, 5, 'e360232', '2011-09-16 14:47:31', NULL, NULL),
	(700, 1954, 5, 'e315193', '2011-09-16 14:50:15', NULL, NULL),
	(701, 2094, 5, 'e332375', '2011-09-19 07:00:05', NULL, NULL),
	(702, 2021, 3, 'e332375', '2011-09-19 07:01:33', NULL, NULL),
	(703, 2124, 5, 'e476520', '2011-09-19 08:18:50', NULL, NULL),
	(704, 2055, 3, 'e476520', '2011-09-19 08:19:23', NULL, NULL),
	(705, 2102, 5, 'e324601', '2011-09-19 08:24:19', NULL, NULL),
	(706, 2085, 3, 'e315193', '2011-09-19 09:03:30', NULL, NULL),
	(707, 2123, 5, 'e425882', '2011-09-20 06:57:19', NULL, NULL),
	(708, 2129, 3, 'e425882', '2011-09-21 07:25:13', NULL, NULL),
	(709, 2082, 5, 'e536792', '2011-09-22 12:17:35', NULL, NULL),
	(710, 2103, 3, 'e324601', '2011-09-23 07:55:12', NULL, NULL),
	(711, 2104, 3, 'e324601', '2011-09-23 07:55:43', NULL, NULL),
	(712, 2105, 3, 'e324601', '2011-09-23 08:00:12', NULL, NULL),
	(713, 2129, 5, 'e425882', '2011-09-27 14:53:01', NULL, NULL),
	(714, 2074, 5, 'e476520', '2011-09-27 18:22:06', NULL, NULL),
	(715, 2054, 5, 'e476520', '2011-09-27 18:23:51', NULL, NULL),
	(716, 2048, 5, 'e355140', '2011-09-30 08:15:54', NULL, NULL),
	(717, 2085, 5, 'e315193', '2011-09-30 08:32:46', NULL, NULL),
	(718, 2079, 5, 'e332375', '2011-09-30 13:17:04', NULL, NULL),
	(719, 2056, 5, 'e324601', '2011-10-03 06:58:02', NULL, NULL),
	(720, 2095, 3, 'e324601', '2011-10-03 06:58:26', NULL, NULL),
	(721, 2105, 5, 'e324601', '2011-10-03 06:59:07', NULL, NULL),
	(722, 2103, 5, 'e324601', '2011-10-03 06:59:38', NULL, NULL),
	(723, 2142, 3, 'e324601', '2011-10-03 06:59:56', NULL, NULL),
	(724, 2104, 5, 'e324601', '2011-10-03 07:00:20', NULL, NULL),
	(725, 2141, 3, 'e324601', '2011-10-03 07:00:37', NULL, NULL),
	(726, 2088, 5, 'e390270', '2011-10-03 08:02:02', NULL, NULL),
	(727, 2051, 5, 'e476520', '2011-10-03 08:29:09', NULL, NULL),
	(728, 2097, 3, 'e315193', '2011-10-03 08:35:16', NULL, NULL),
	(729, 2127, 3, 'e355141', '2011-10-03 14:37:33', NULL, NULL),
	(730, 2140, 3, 'e425882', '2011-10-05 07:08:39', NULL, NULL),
	(731, 2110, 5, 'e334629', '2011-10-05 07:32:33', NULL, NULL),
	(732, 2144, 3, 'e332375', '2011-10-05 07:38:50', NULL, NULL),
	(733, 2120, 3, 'e459841', '2011-10-05 14:54:12', NULL, NULL),
	(734, 2119, 3, 'e332375', '2011-10-07 07:21:17', NULL, NULL),
	(735, 2157, 3, 'e324601', '2011-10-07 08:33:54', NULL, NULL),
	(736, 2154, 3, 'e275009', '2011-10-10 06:13:51', NULL, NULL),
	(737, 2140, 5, 'e425882', '2011-10-10 08:15:43', NULL, NULL),
	(738, 2112, 5, 'e324443', '2011-10-10 10:40:05', NULL, NULL),
	(739, 2133, 3, 'e228392', '2011-10-11 06:41:59', NULL, NULL),
	(740, 2117, 3, 'e355141', '2011-10-11 08:31:14', NULL, NULL),
	(741, 2147, 3, 'e355141', '2011-10-11 08:32:04', NULL, NULL),
	(742, 2127, 5, 'e355141', '2011-10-11 08:33:22', NULL, NULL),
	(743, 2149, 3, 'e355141', '2011-10-11 08:33:44', NULL, NULL),
	(744, 2155, 3, 'e366268', '2011-10-11 09:33:31', NULL, NULL),
	(745, 2055, 5, 'e476520', '2011-10-12 08:17:26', NULL, NULL),
	(746, 2139, 3, 'e476520', '2011-10-12 08:18:35', NULL, NULL),
	(747, 2143, 3, 'e324601', '2011-10-14 13:17:20', NULL, NULL),
	(748, 2157, 5, 'e324601', '2011-10-14 13:18:08', NULL, NULL),
	(749, 2133, 5, 'e228392', '2011-10-17 06:47:41', NULL, NULL),
	(750, 2142, 5, 'e324601', '2011-10-17 06:59:11', NULL, NULL),
	(751, 2162, 3, 'e324601', '2011-10-17 06:59:32', NULL, NULL),
	(752, 2141, 5, 'e324601', '2011-10-17 07:00:04', NULL, NULL),
	(753, 2161, 3, 'e324601', '2011-10-17 07:00:23', NULL, NULL),
	(754, 2154, 5, 'e275009', '2011-10-17 09:00:17', NULL, NULL),
	(755, 2160, 3, 'e275009', '2011-10-17 09:00:58', NULL, NULL),
	(756, 2097, 5, 'e315193', '2011-10-17 12:52:54', NULL, NULL),
	(757, 2165, 3, 'e332375', '2011-10-18 06:05:31', NULL, NULL),
	(758, 2120, 5, 'e459841', '2011-10-18 08:24:35', NULL, NULL),
	(759, 2166, 3, 'e371552', '2011-10-18 08:24:49', NULL, NULL),
	(760, 2132, 3, 'e525130', '2011-10-18 08:39:58', NULL, NULL),
	(761, 2139, 5, 'e476520', '2011-10-19 07:25:50', NULL, NULL),
	(762, 2165, 5, 'e332375', '2011-10-24 06:20:04', NULL, NULL),
	(763, 2167, 3, 'e332375', '2011-10-24 06:30:53', NULL, NULL),
	(764, 2176, 3, 'e332375', '2011-10-24 06:32:23', NULL, NULL),
	(765, 2146, 3, 'e228392', '2011-10-24 06:45:24', NULL, NULL),
	(766, 2160, 5, 'e275009', '2011-10-24 07:04:50', NULL, NULL),
	(767, 2166, 5, 'e371552', '2011-10-24 07:58:55', NULL, NULL),
	(768, 2132, 5, 'e525130', '2011-10-24 08:45:41', NULL, NULL),
	(769, 2131, 3, 'e525130', '2011-10-24 08:46:09', NULL, NULL),
	(770, 2052, 5, 'e476520', '2011-10-24 13:42:20', NULL, NULL),
	(771, 2145, 3, 'e476520', '2011-10-24 13:43:44', NULL, NULL),
	(772, 2170, 3, 'e355141', '2011-10-25 06:58:55', NULL, NULL),
	(773, 2149, 5, 'e355141', '2011-10-25 07:00:22', NULL, NULL),
	(774, 2147, 5, 'e355141', '2011-10-25 07:00:44', NULL, NULL),
	(775, 2117, 5, 'e355141', '2011-10-25 07:01:11', NULL, NULL),
	(776, 2152, 3, 'e355141', '2011-10-25 07:01:26', NULL, NULL),
	(777, 2153, 3, 'e355141', '2011-10-25 07:01:53', NULL, NULL),
	(778, 2173, 3, 'e275009', '2011-10-26 09:06:21', NULL, NULL),
	(779, 2174, 3, 'e275009', '2011-10-26 09:06:50', NULL, NULL),
	(780, 2161, 5, 'e324601', '2011-10-26 09:34:00', NULL, NULL),
	(781, 2162, 5, 'e324601', '2011-10-26 09:35:36', NULL, NULL),
	(782, 2167, 5, 'e332375', '2011-10-27 13:59:18', NULL, NULL),
	(783, 2095, 5, 'e324601', '2011-10-31 06:48:56', NULL, NULL),
	(784, 2119, 5, 'e332375', '2011-10-31 06:53:26', NULL, NULL),
	(785, 2176, 5, 'e332375', '2011-10-31 06:53:51', NULL, NULL),
	(786, 1879, 5, 'e677413', '2011-10-31 08:31:39', NULL, NULL),
	(787, 2191, 3, 'e677413', '2011-10-31 08:34:08', NULL, NULL),
	(788, 2191, 5, 'e677413', '2011-10-31 08:36:25', NULL, NULL),
	(789, 2192, 3, 'e677413', '2011-10-31 08:40:47', NULL, NULL),
	(790, 2194, 3, 'e677413', '2011-10-31 08:45:02', NULL, NULL),
	(791, 2190, 3, 'e355140', '2011-11-01 07:24:28', NULL, NULL),
	(792, 2190, 3, 'e355140', '2011-11-01 07:24:30', NULL, NULL),
	(793, 2144, 5, 'e332375', '2011-11-01 07:26:10', NULL, NULL),
	(794, 2168, 3, 'e228392', '2011-11-01 08:29:47', NULL, NULL),
	(795, 2050, 5, 'e476520', '2011-11-01 10:21:49', NULL, NULL),
	(796, 2158, 3, 'e476520', '2011-11-01 10:22:06', NULL, NULL),
	(797, 2184, 3, 'e208518', '2011-11-01 10:38:36', NULL, NULL),
	(798, 2190, 5, 'e355140', '2011-11-01 15:05:46', NULL, NULL),
	(799, 2184, 5, 'e208518', '2011-11-01 15:24:46', NULL, NULL),
	(800, 2185, 3, 'e228392', '2011-11-02 06:42:50', NULL, NULL),
	(801, 2171, 3, 'e324601', '2011-11-02 06:54:15', NULL, NULL),
	(802, 2170, 5, 'e355141', '2011-11-02 08:05:52', NULL, NULL),
	(803, 2153, 5, 'e355141', '2011-11-02 08:07:25', NULL, NULL),
	(804, 2145, 5, 'e476520', '2011-11-02 08:09:18', NULL, NULL),
	(805, 2180, 3, 'e476520', '2011-11-02 08:10:24', NULL, NULL),
	(806, 2197, 3, 'e355141', '2011-11-02 11:51:31', NULL, NULL),
	(807, 2168, 3, 'e228392', '2011-11-03 06:45:00', NULL, NULL),
	(808, 2138, 3, 'e332375', '2011-11-03 08:26:10', NULL, NULL),
	(809, 2173, 5, 'e275009', '2011-11-03 12:19:35', NULL, NULL),
	(810, 2174, 5, 'e275009', '2011-11-03 12:20:19', NULL, NULL),
	(811, 2175, 3, 'e425882', '2011-11-04 07:02:53', NULL, NULL),
	(812, 2198, 5, 'e355140', '2011-11-04 12:58:26', NULL, NULL),
	(813, 2202, 3, 'e360232', '2011-11-04 15:16:02', NULL, NULL),
	(814, 2197, 5, 'e355141', '2011-11-07 07:26:18', NULL, NULL),
	(815, 2196, 3, 'e355141', '2011-11-07 07:27:09', NULL, NULL),
	(816, 2201, 3, 'e355140', '2011-11-07 07:51:16', NULL, NULL),
	(817, 2180, 5, 'e476520', '2011-11-07 08:42:32', NULL, NULL),
	(818, 2195, 3, 'e476520', '2011-11-07 08:42:48', NULL, NULL),
	(819, 2203, 3, 'e198806', '2011-11-07 08:57:27', NULL, NULL),
	(820, 2146, 5, 'e228392', '2011-11-07 09:18:39', NULL, NULL),
	(821, 2202, 5, 'e360232', '2011-11-07 14:45:57', NULL, NULL),
	(822, 2175, 5, 'e425882', '2011-11-08 08:22:38', NULL, NULL),
	(823, 2131, 5, 'e525130', '2011-11-08 11:06:01', NULL, NULL),
	(824, 2131, 5, 'e525130', '2011-11-08 11:08:03', NULL, NULL),
	(825, 2201, 5, 'e355140', '2011-11-08 15:28:16', NULL, NULL),
	(826, 2205, 3, 'e355141', '2011-11-09 07:35:32', NULL, NULL),
	(827, 2143, 5, 'e324601', '2011-11-10 06:49:06', NULL, NULL),
	(828, 2183, 3, 'e459841', '2011-11-10 06:52:10', NULL, NULL),
	(829, 2206, 3, 'e525130', '2011-11-10 08:33:40', NULL, NULL),
	(830, 2125, 5, 'e536792', '2011-11-10 09:27:32', NULL, NULL),
	(831, 2158, 5, 'e476520', '2011-11-11 10:33:27', NULL, NULL),
	(832, 2189, 3, 'e332375', '2011-11-11 14:53:33', NULL, NULL),
	(833, 2208, 3, 'e324601', '2011-11-14 06:45:36', NULL, NULL),
	(834, 2185, 5, 'e228392', '2011-11-14 07:09:18', NULL, NULL),
	(835, 2196, 5, 'e355141', '2011-11-14 09:25:10', NULL, NULL),
	(836, 2205, 5, 'e355141', '2011-11-14 09:25:46', NULL, NULL),
	(837, 2211, 3, 'e355141', '2011-11-14 09:28:32', NULL, NULL),
	(838, 2155, 5, 'e366268', '2011-11-14 11:28:48', NULL, NULL),
	(839, 2212, 3, 'e355140', '2011-11-14 13:38:53', NULL, NULL),
	(840, 2210, 3, 'e205003', '2011-11-15 07:25:02', NULL, NULL),
	(841, 2206, 5, 'e525130', '2011-11-15 08:35:12', NULL, NULL),
	(842, 2181, 3, 'e538212', '2011-11-16 07:36:32', NULL, NULL),
	(843, 2195, 5, 'e476520', '2011-11-16 07:52:26', NULL, NULL),
	(844, 2214, 3, 'e476520', '2011-11-16 07:52:53', NULL, NULL),
	(845, 2212, 5, 'e355140', '2011-11-16 12:39:53', NULL, NULL),
	(846, 2208, 5, 'e324601', '2011-11-17 09:46:10', NULL, NULL),
	(847, 2219, 3, 'e228392', '2011-11-21 06:58:32', NULL, NULL),
	(848, 2220, 3, 'e228392', '2011-11-21 06:58:52', NULL, NULL),
	(849, 2215, 3, 'e324601', '2011-11-21 08:04:54', NULL, NULL),
	(850, 2211, 5, 'e355141', '2011-11-21 08:28:10', NULL, NULL),
	(851, 2152, 5, 'e355141', '2011-11-21 08:28:41', NULL, NULL),
	(852, 2203, 5, 'e198806', '2011-11-21 13:51:51', NULL, NULL),
	(853, 2222, 3, 'e324601', '2011-11-22 08:58:09', NULL, NULL),
	(854, 2214, 5, 'e476520', '2011-11-23 07:53:22', NULL, NULL),
	(855, 2213, 3, 'e244207', '2011-11-23 09:04:34', NULL, NULL),
	(856, 2223, 3, 'e355140', '2011-11-23 11:23:01', NULL, NULL),
	(857, 2220, 5, 'e228392', '2011-11-24 06:17:32', NULL, NULL),
	(858, 2219, 5, 'e228392', '2011-11-24 06:17:51', NULL, NULL),
	(859, 2213, 5, 'e244207', '2011-11-25 08:59:23', NULL, NULL),
	(860, 2183, 5, 'e459841', '2011-11-25 11:48:03', NULL, NULL),
	(861, 2233, 3, 'e228392', '2011-11-25 12:28:54', NULL, NULL),
	(862, 2229, 3, 'e535710', '2011-11-28 08:35:35', NULL, NULL),
	(863, 2228, 3, 'e459841', '2011-11-28 12:40:54', NULL, NULL),
	(864, 2239, 3, 'e332375', '2011-11-28 17:01:54', NULL, NULL),
	(865, 2209, 3, 'e205003', '2011-11-28 22:04:38', NULL, NULL),
	(866, 2187, 3, 'e332375', '2011-11-30 07:33:48', NULL, NULL),
	(867, 2138, 5, 'e332375', '2011-11-30 07:46:32', NULL, NULL),
	(868, 1982, 5, 'e360232', '2011-11-30 16:45:18', NULL, NULL),
	(869, 2171, 5, 'e324601', '2011-12-01 06:55:55', NULL, NULL),
	(870, 2222, 5, 'e324601', '2011-12-01 06:56:48', NULL, NULL),
	(871, 2216, 3, 'e324601', '2011-12-01 06:57:32', NULL, NULL),
	(872, 2187, 5, 'e332375', '2011-12-01 07:10:30', NULL, NULL),
	(873, 2221, 3, 'e332375', '2011-12-01 07:10:55', NULL, NULL),
	(874, 2186, 3, 'e332375', '2011-12-01 07:11:04', NULL, NULL),
	(875, 2168, 5, 'e228392', '2011-12-01 07:22:36', NULL, NULL),
	(876, 2242, 3, 'e360232', '2011-12-01 08:46:13', NULL, NULL),
	(877, 2230, 3, 'e360232', '2011-12-01 08:46:53', NULL, NULL),
	(878, 2238, 3, 'e282051', '2011-12-01 12:16:59', NULL, NULL),
	(879, 2223, 5, 'e355140', '2011-12-02 06:46:27', NULL, NULL),
	(880, 2248, 3, 'e371552', '2011-12-02 08:38:54', NULL, NULL),
	(881, 2244, 3, 'e459841', '2011-12-05 07:18:39', NULL, NULL),
	(882, 2248, 5, 'e371552', '2011-12-05 07:50:38', NULL, NULL),
	(883, 2237, 3, 'e532734', '2011-12-05 08:22:06', NULL, NULL),
	(884, 2239, 5, 'e332375', '2011-12-05 10:02:51', NULL, NULL),
	(885, 2243, 3, 'e332375', '2011-12-05 10:03:04', NULL, NULL),
	(886, 2228, 4, 'e459841', '2011-12-05 12:18:30', 'no samples', 5),
	(887, 2242, 5, 'e360232', '2011-12-05 13:36:14', NULL, NULL),
	(888, 2250, 3, 'e335886', '2011-12-06 08:26:18', NULL, NULL),
	(889, 2250, 4, 'e335886', '2011-12-06 08:27:09', 'using keytek', 5),
	(890, 2249, 3, 'e335886', '2011-12-06 08:27:38', NULL, NULL),
	(891, 2249, 4, 'e335886', '2011-12-06 08:28:03', 'using keytek', 5),
	(892, 2259, 3, 'e360232', '2011-12-08 09:59:23', NULL, NULL),
	(893, 2209, 5, 'e205003', '2011-12-09 09:34:08', NULL, NULL),
	(894, 2228, 3, 'e000000', '2011-12-10 04:02:02', NULL, NULL),
	(895, 2249, 3, 'e000000', '2011-12-11 04:02:01', NULL, NULL),
	(896, 2250, 3, 'e000000', '2011-12-11 04:02:03', NULL, NULL),
	(897, 2267, 3, 'e459841', '2011-12-12 07:35:33', NULL, NULL),
	(898, 2255, 3, 'e324601', '2011-12-12 07:52:05', NULL, NULL),
	(899, 2256, 3, 'e324601', '2011-12-12 07:52:41', NULL, NULL),
	(900, 2259, 5, 'e360232', '2011-12-12 07:57:10', NULL, NULL),
	(901, 2230, 5, 'e360232', '2011-12-12 07:58:02', NULL, NULL),
	(902, 2238, 5, 'e282051', '2011-12-12 08:17:05', NULL, NULL),
	(903, 2264, 3, 'e205003', '2011-12-12 09:20:57', NULL, NULL),
	(904, 2268, 3, 'e360232', '2011-12-12 10:59:48', NULL, NULL),
	(905, 2229, 5, 'e535710', '2011-12-12 16:16:08', NULL, NULL),
	(906, 2251, 3, 'e335886', '2011-12-13 06:26:22', NULL, NULL),
	(907, 2251, 5, 'e335886', '2011-12-13 06:26:38', NULL, NULL),
	(908, 2263, 3, 'e228392', '2011-12-13 06:41:00', NULL, NULL),
	(909, 2267, 5, 'e459841', '2011-12-13 08:43:05', NULL, NULL),
	(910, 2273, 3, 'e324601', '2011-12-13 11:42:52', NULL, NULL),
	(911, 2268, 5, 'e360232', '2011-12-13 14:27:09', NULL, NULL),
	(912, 2253, 3, 'e390270', '2011-12-13 15:05:50', NULL, NULL),
	(913, 2253, 5, 'e390270', '2011-12-13 15:06:31', NULL, NULL),
	(914, 2270, 3, 'e324601', '2011-12-14 08:19:31', NULL, NULL),
	(915, 2243, 5, 'e332375', '2011-12-14 09:00:09', NULL, NULL),
	(916, 2271, 3, 'e355140', '2011-12-14 10:33:03', NULL, NULL),
	(917, 2269, 3, 'e459841', '2011-12-14 12:38:19', NULL, NULL),
	(918, 2244, 5, 'e459841', '2011-12-14 12:39:13', NULL, NULL),
	(919, 2270, 5, 'e324601', '2011-12-15 07:21:52', NULL, NULL),
	(920, 2181, 5, 'e538212', '2011-12-15 10:39:51', NULL, NULL),
	(921, 2210, 5, 'e205003', '2011-12-16 06:37:35', NULL, NULL),
	(922, 2271, 5, 'e355140', '2011-12-16 08:00:47', NULL, NULL),
	(923, 2276, 3, 'e275009', '2011-12-16 08:54:28', NULL, NULL),
	(924, 2265, 3, 'e459841', '2011-12-16 10:05:11', NULL, NULL),
	(925, 2269, 5, 'e459841', '2011-12-16 10:05:27', NULL, NULL),
	(926, 2265, 5, 'e459841', '2011-12-19 07:34:43', NULL, NULL),
	(927, 2275, 3, 'e390270', '2011-12-19 08:05:30', NULL, NULL),
	(928, 2281, 3, 'e324601', '2011-12-19 09:14:00', NULL, NULL),
	(929, 2021, 5, 'e332375', '2011-12-20 08:19:14', NULL, NULL),
	(930, 2280, 3, 'e459841', '2011-12-20 08:20:26', NULL, NULL),
	(931, 2188, 3, 'e332375', '2011-12-20 08:21:12', NULL, NULL),
	(932, 2255, 5, 'e324601', '2011-12-20 08:44:34', NULL, NULL),
	(933, 2256, 5, 'e324601', '2011-12-20 08:45:07', NULL, NULL),
	(934, 2273, 5, 'e324601', '2011-12-20 08:45:27', NULL, NULL),
	(935, 2284, 3, 'e459841', '2011-12-21 10:34:55', NULL, NULL),
	(936, 2280, 5, 'e459841', '2011-12-21 10:35:26', NULL, NULL),
	(937, 2264, 5, 'e205003', '2011-12-21 14:46:12', NULL, NULL),
	(938, 2276, 5, 'e275009', '2011-12-23 06:03:13', NULL, NULL),
	(939, 2281, 5, 'e275009', '2011-12-23 06:04:45', NULL, NULL),
	(940, 2237, 5, 'e275009', '2011-12-23 06:05:25', NULL, NULL),
	(941, 2215, 5, 'e324601', '2011-12-26 11:50:30', NULL, NULL),
	(942, 2285, 3, 'e324601', '2011-12-26 11:51:19', NULL, NULL),
	(943, 2263, 5, 'e228392', '2012-01-02 07:02:30', NULL, NULL),
	(944, 2284, 5, 'e459841', '2012-01-02 08:26:09', NULL, NULL),
	(945, 2286, 3, 'e459841', '2012-01-02 08:27:04', NULL, NULL),
	(946, 2228, 5, 'e459841', '2012-01-02 08:48:30', NULL, NULL),
	(947, 2189, 5, 'e332375', '2012-01-02 09:18:50', NULL, NULL),
	(948, 2221, 5, 'e332375', '2012-01-02 09:19:18', NULL, NULL),
	(949, 2249, 5, 'e335886', '2012-01-03 07:34:57', NULL, NULL),
	(950, 2250, 5, 'e335886', '2012-01-03 07:35:32', NULL, NULL),
	(951, 2296, 3, 'e335886', '2012-01-03 14:11:32', NULL, NULL),
	(952, 2295, 3, 'e335886', '2012-01-03 14:11:43', NULL, NULL),
	(953, 2290, 3, 'e275009', '2012-01-04 05:57:36', NULL, NULL),
	(954, 2297, 3, 'e532734', '2012-01-05 08:26:32', NULL, NULL),
	(955, 2289, 3, 'e332375', '2012-01-05 08:30:56', NULL, NULL),
	(956, 2303, 3, 'e324601', '2012-01-05 11:58:34', NULL, NULL),
	(957, 2295, 5, 'e335886', '2012-01-06 07:19:14', NULL, NULL),
	(958, 2286, 5, 'e459841', '2012-01-06 07:42:41', NULL, NULL),
	(959, 2169, 3, 'e360232', '2012-01-06 08:28:54', NULL, NULL),
	(960, 2300, 3, 'e332375', '2012-01-09 06:57:37', NULL, NULL),
	(961, 2312, 3, 'e275009', '2012-01-09 10:06:53', NULL, NULL),
	(962, 2216, 5, 'e324601', '2012-01-09 10:13:59', NULL, NULL),
	(963, 2285, 5, 'e324601', '2012-01-09 10:15:29', NULL, NULL),
	(964, 2296, 5, 'e335886', '2012-01-09 13:39:02', NULL, NULL),
	(965, 2290, 5, 'e275009', '2012-01-10 07:41:25', NULL, NULL),
	(966, 2313, 3, 'e275009', '2012-01-10 07:41:45', NULL, NULL),
	(967, 2302, 3, 'e355141', '2012-01-10 08:42:19', NULL, NULL),
	(968, 2318, 3, 'e459841', '2012-01-10 08:44:22', NULL, NULL),
	(969, 2319, 3, 'e459841', '2012-01-10 08:44:28', NULL, NULL),
	(970, 2314, 3, 'e324601', '2012-01-11 07:09:20', NULL, NULL),
	(971, 2303, 5, 'e324601', '2012-01-11 07:22:03', NULL, NULL),
	(972, 2320, 3, 'e324601', '2012-01-11 07:24:12', NULL, NULL),
	(973, 2301, 3, 'e355141', '2012-01-11 11:33:41', NULL, NULL),
	(974, 2321, 3, 'e228392', '2012-01-12 07:17:51', NULL, NULL),
	(975, 2324, 3, 'e459841', '2012-01-12 10:39:52', NULL, NULL),
	(976, 2318, 5, 'e459841', '2012-01-12 10:54:31', NULL, NULL),
	(977, 2321, 5, 'e228392', '2012-01-13 06:30:57', NULL, NULL),
	(978, 2319, 5, 'e459841', '2012-01-13 07:54:44', NULL, NULL),
	(979, 2300, 5, 'e332375', '2012-01-13 10:19:43', NULL, NULL),
	(980, 2317, 3, 'e436340', '2012-01-13 14:23:35', NULL, NULL),
	(981, 2328, 3, 'e324601', '2012-01-16 15:31:54', NULL, NULL),
	(982, 2336, 3, 'e332375', '2012-01-17 08:38:40', NULL, NULL),
	(983, 2324, 5, 'e459841', '2012-01-17 08:51:23', NULL, NULL),
	(984, 2337, 3, 'e459841', '2012-01-17 08:53:22', NULL, NULL),
	(985, 2338, 3, 'e355140', '2012-01-17 14:50:56', NULL, NULL),
	(986, 2337, 5, 'e459841', '2012-01-19 16:47:36', NULL, NULL),
	(987, 2313, 5, 'e275009', '2012-01-20 07:16:49', NULL, NULL),
	(988, 2330, 3, 'e536792', '2012-01-20 08:52:36', NULL, NULL),
	(989, 2331, 3, 'e536792', '2012-01-20 08:52:46', NULL, NULL),
	(990, 2320, 5, 'e324601', '2012-01-20 09:40:08', NULL, NULL),
	(991, 2328, 5, 'e324601', '2012-01-23 06:45:59', NULL, NULL),
	(992, 2341, 3, 'e324601', '2012-01-23 06:47:40', NULL, NULL),
	(993, 2332, 3, 'e275009', '2012-01-23 06:48:48', NULL, NULL),
	(994, 2340, 3, 'e459841', '2012-01-23 08:08:14', NULL, NULL),
	(995, 2338, 5, 'e355140', '2012-01-23 08:39:33', NULL, NULL),
	(996, 2344, 3, 'e355140', '2012-01-23 08:57:43', NULL, NULL),
	(997, 2336, 5, 'e332375', '2012-01-23 09:19:22', NULL, NULL),
	(998, 2330, 5, 'e536792', '2012-01-23 12:15:57', NULL, NULL),
	(999, 2331, 5, 'e536792', '2012-01-23 12:16:04', NULL, NULL),
	(1000, 2312, 5, 'e275009', '2012-01-24 06:52:43', NULL, NULL),
	(1001, 2333, 3, 'e275009', '2012-01-24 06:55:21', NULL, NULL),
	(1002, 2346, 3, 'e525130', '2012-01-24 08:41:25', NULL, NULL),
	(1003, 2333, 5, 'e275009', '2012-01-24 11:14:28', NULL, NULL),
	(1004, 2332, 5, 'e275009', '2012-01-24 11:14:54', NULL, NULL),
	(1005, 2340, 5, 'e459841', '2012-01-24 11:34:21', NULL, NULL),
	(1006, 2347, 3, 'e459841', '2012-01-24 11:34:48', NULL, NULL),
	(1007, 2345, 3, 'e332375', '2012-01-25 06:35:59', NULL, NULL),
	(1008, 2302, 5, 'e355141', '2012-01-25 08:07:15', NULL, NULL),
	(1009, 2349, 3, 'e355141', '2012-01-26 07:48:07', NULL, NULL),
	(1010, 2351, 3, 'e355141', '2012-01-26 07:48:48', NULL, NULL),
	(1011, 2342, 3, 'e324601', '2012-01-26 08:02:55', NULL, NULL),
	(1012, 2347, 5, 'e459841', '2012-01-26 08:12:55', NULL, NULL),
	(1013, 2354, 3, 'e228392', '2012-01-26 12:24:06', NULL, NULL),
	(1014, 2351, 5, 'e355141', '2012-01-27 08:06:11', NULL, NULL),
	(1015, 2344, 5, 'e355140', '2012-01-27 13:48:00', NULL, NULL),
	(1016, 2289, 5, 'e332375', '2012-01-30 07:52:51', NULL, NULL),
	(1017, 2345, 5, 'e332375', '2012-01-30 07:53:40', NULL, NULL),
	(1018, 2355, 3, 'e355140', '2012-01-30 08:18:51', NULL, NULL),
	(1019, 2358, 3, 'e275009', '2012-01-30 09:53:18', NULL, NULL),
	(1020, 2301, 5, 'e355141', '2012-01-31 06:13:49', NULL, NULL),
	(1021, 2354, 5, 'e228392', '2012-01-31 07:04:20', NULL, NULL),
	(1022, 2275, 5, 'e390270', '2012-01-31 08:08:17', NULL, NULL),
	(1023, 2341, 5, 'e324601', '2012-01-31 08:55:10', NULL, NULL),
	(1024, 2363, 3, 'e390270', '2012-02-01 08:17:59', NULL, NULL),
	(1025, 2349, 5, 'e355141', '2012-02-01 08:23:42', NULL, NULL),
	(1026, 2366, 3, 'e355141', '2012-02-01 08:24:15', NULL, NULL),
	(1027, 2357, 3, 'e355141', '2012-02-01 08:24:32', NULL, NULL),
	(1028, 2350, 3, 'e355141', '2012-02-01 08:25:48', NULL, NULL),
	(1029, 2314, 5, 'e324601', '2012-02-01 09:28:05', NULL, NULL),
	(1030, 2343, 3, 'e324601', '2012-02-01 09:38:33', NULL, NULL),
	(1031, 2186, 5, 'e332375', '2012-02-02 07:26:20', NULL, NULL),
	(1032, 2373, 3, 'e332375', '2012-02-02 07:27:01', NULL, NULL),
	(1033, 2297, 5, 'e532734', '2012-02-02 08:37:38', NULL, NULL),
	(1034, 2360, 3, 'e275009', '2012-02-03 06:38:10', NULL, NULL),
	(1035, 2366, 5, 'e355141', '2012-02-03 07:37:26', NULL, NULL),
	(1036, 2359, 3, 'e275009', '2012-02-03 07:55:06', NULL, NULL),
	(1037, 2376, 3, 'e332375', '2012-02-03 13:11:44', NULL, NULL),
	(1038, 2355, 5, 'e355140', '2012-02-03 13:47:48', NULL, NULL),
	(1039, 2372, 3, 'e324601', '2012-02-06 07:00:36', NULL, NULL),
	(1040, 2342, 5, 'e324601', '2012-02-06 07:01:22', NULL, NULL),
	(1041, 2317, 5, 'e436340', '2012-02-06 08:09:32', NULL, NULL),
	(1042, 2350, 5, 'e355141', '2012-02-06 08:25:37', NULL, NULL),
	(1043, 2346, 5, 'e525130', '2012-02-06 08:26:36', NULL, NULL),
	(1044, 2224, 3, 'e525130', '2012-02-06 10:05:52', NULL, NULL),
	(1045, 2358, 5, 'e275009', '2012-02-07 12:13:23', NULL, NULL),
	(1046, 2381, 3, 'e355140', '2012-02-08 11:37:43', NULL, NULL),
	(1047, 2380, 3, 'e366268', '2012-02-09 06:50:49', NULL, NULL),
	(1048, 2381, 5, 'e355140', '2012-02-10 13:32:16', NULL, NULL),
	(1049, 2373, 5, 'e332375', '2012-02-13 06:54:53', NULL, NULL),
	(1050, 2292, 3, 'e332375', '2012-02-13 06:55:36', NULL, NULL),
	(1051, 2376, 5, 'e332375', '2012-02-13 06:55:52', NULL, NULL),
	(1052, 2384, 3, 'e355140', '2012-02-13 07:23:22', NULL, NULL),
	(1053, 2357, 5, 'e355141', '2012-02-13 14:19:35', NULL, NULL),
	(1054, 2380, 5, 'e366268', '2012-02-13 16:03:37', NULL, NULL),
	(1055, 2393, 5, 'e532734', '2012-02-14 08:17:05', NULL, NULL),
	(1056, 2392, 3, 'e538212', '2012-02-14 08:41:57', NULL, NULL),
	(1057, 2385, 3, 'e459841', '2012-02-14 11:40:29', NULL, NULL),
	(1058, 2385, 5, 'e459841', '2012-02-14 11:40:38', NULL, NULL),
	(1059, 2396, 3, 'e459841', '2012-02-14 11:41:57', NULL, NULL),
	(1060, 2394, 3, 'e425882', '2012-02-15 08:21:52', NULL, NULL),
	(1061, 2394, 3, 'e425882', '2012-02-15 10:29:10', NULL, NULL),
	(1062, 2402, 3, 'e355141', '2012-02-16 09:58:20', NULL, NULL),
	(1063, 2396, 5, 'e459841', '2012-02-16 14:10:50', NULL, NULL),
	(1064, 2392, 5, 'e538212', '2012-02-16 14:14:37', NULL, NULL),
	(1065, 2360, 5, 'e275009', '2012-02-17 06:41:54', NULL, NULL),
	(1066, 2359, 5, 'e275009', '2012-02-17 06:43:00', NULL, NULL),
	(1067, 2369, 3, 'e476520', '2012-02-17 07:52:48', NULL, NULL),
	(1068, 2375, 3, 'e275009', '2012-02-20 06:47:04', NULL, NULL),
	(1069, 2374, 3, 'e275009', '2012-02-20 06:47:45', NULL, NULL),
	(1070, 2394, 5, 'e425882', '2012-02-20 07:41:02', NULL, NULL),
	(1071, 2343, 5, 'e324601', '2012-02-20 14:47:27', NULL, NULL),
	(1072, 2399, 3, 'e355141', '2012-02-21 07:44:36', NULL, NULL),
	(1073, 2363, 5, 'e390270', '2012-02-21 08:00:48', NULL, NULL),
	(1074, 2384, 5, 'e355140', '2012-02-21 08:01:04', NULL, NULL),
	(1075, 2403, 3, 'e355140', '2012-02-21 08:01:35', NULL, NULL),
	(1076, 2408, 3, 'e228392', '2012-02-22 08:09:34', NULL, NULL),
	(1077, 2400, 3, 'e532734', '2012-02-22 08:30:18', NULL, NULL),
	(1078, 2406, 3, 'e324601', '2012-02-23 06:48:38', NULL, NULL),
	(1079, 2405, 3, 'e324601', '2012-02-23 06:49:26', NULL, NULL),
	(1080, 2372, 5, 'e324601', '2012-02-23 06:52:17', NULL, NULL),
	(1081, 2408, 5, 'e228392', '2012-02-23 06:56:44', NULL, NULL),
	(1082, 2306, 3, 'e525130', '2012-02-23 14:33:08', NULL, NULL),
	(1083, 2305, 3, 'e525130', '2012-02-23 14:34:54', NULL, NULL),
	(1084, 2402, 5, 'e355141', '2012-02-23 15:17:09', NULL, NULL),
	(1085, 2409, 5, 'e208518', '2012-02-24 11:04:04', NULL, NULL),
	(1086, 2400, 5, 'e532734', '2012-02-24 14:09:57', NULL, NULL),
	(1087, 2403, 5, 'e355140', '2012-02-24 15:13:54', NULL, NULL),
	(1088, 2399, 5, 'e355141', '2012-02-28 08:34:51', NULL, NULL),
	(1089, 2374, 5, 'e275009', '2012-02-29 14:21:27', NULL, NULL),
	(1090, 2375, 5, 'e275009', '2012-02-29 14:22:08', NULL, NULL),
	(1091, 2233, 5, 'e228392', '2012-03-01 07:39:18', NULL, NULL),
	(1092, 2415, 3, 'e228392', '2012-03-01 07:40:08', NULL, NULL),
	(1093, 2306, 5, 'e525130', '2012-03-01 08:20:03', NULL, NULL),
	(1094, 2305, 5, 'e525130', '2012-03-01 08:20:18', NULL, NULL),
	(1095, 2369, 5, 'e476520', '2012-03-02 13:23:29', NULL, NULL),
	(1096, 2389, 3, 'e476520', '2012-03-02 13:23:47', NULL, NULL),
	(1097, 2419, 3, 'e228392', '2012-03-05 06:41:02', NULL, NULL),
	(1098, 2188, 5, 'e332375', '2012-03-05 07:24:46', NULL, NULL),
	(1099, 2291, 3, 'e332375', '2012-03-05 07:25:05', NULL, NULL),
	(1100, 2422, 3, 'e360232', '2012-03-05 15:45:23', NULL, NULL),
	(1101, 2422, 5, 'e360232', '2012-03-05 15:45:35', NULL, NULL),
	(1102, 2432, 3, 'e355140', '2012-03-06 10:36:15', NULL, NULL),
	(1103, 2308, 3, 'e525130', '2012-03-06 12:42:11', NULL, NULL),
	(1104, 2309, 3, 'e525130', '2012-03-06 12:42:22', NULL, NULL),
	(1105, 2225, 3, 'e525130', '2012-03-06 12:42:31', NULL, NULL),
	(1106, 2224, 5, 'e525130', '2012-03-06 12:44:00', NULL, NULL),
	(1107, 2257, 3, 'e476520', '2012-03-06 14:59:23', NULL, NULL),
	(1108, 2432, 5, 'e355140', '2012-03-08 07:59:31', NULL, NULL),
	(1109, 2417, 3, 'e532734', '2012-03-08 08:28:34', NULL, NULL),
	(1110, 2437, 3, 'e360232', '2012-03-08 16:41:51', NULL, NULL),
	(1111, 2437, 5, 'e360232', '2012-03-08 16:42:02', NULL, NULL),
	(1112, 2417, 5, 'e532734', '2012-03-12 13:42:11', NULL, NULL),
	(1113, 2420, 3, 'e366268', '2012-03-13 07:58:47', NULL, NULL),
	(1114, 2447, 3, 'e360232', '2012-03-13 09:55:25', NULL, NULL),
	(1115, 2447, 5, 'e360232', '2012-03-14 07:52:47', NULL, NULL),
	(1116, 2450, 3, 'e355140', '2012-03-14 09:52:45', NULL, NULL),
	(1117, 2426, 3, 'e332375', '2012-03-15 06:48:44', NULL, NULL),
	(1118, 2445, 3, 'e390270', '2012-03-15 09:05:22', NULL, NULL),
	(1119, 2454, 3, 'e275009', '2012-03-16 09:06:48', NULL, NULL),
	(1120, 2419, 5, 'e228392', '2012-03-19 07:02:45', NULL, NULL),
	(1121, 2423, 3, 'e332375', '2012-03-19 07:39:01', NULL, NULL),
	(1122, 2450, 5, 'e355140', '2012-03-19 09:02:26', NULL, NULL),
	(1123, 2459, 3, 'e459841', '2012-03-19 09:55:43', NULL, NULL),
	(1124, 2449, 3, 'e360230', '2012-03-19 10:13:31', NULL, NULL),
	(1125, 2449, 5, 'e360230', '2012-03-20 08:01:59', NULL, NULL),
	(1126, 2445, 5, 'e390270', '2012-03-20 10:12:32', NULL, NULL),
	(1127, 2448, 3, 'e228392', '2012-03-21 06:39:29', NULL, NULL),
	(1128, 2446, 3, 'e420412', '2012-03-21 08:05:43', NULL, NULL),
	(1129, 2461, 3, 'e360230', '2012-03-21 11:41:17', NULL, NULL),
	(1130, 2462, 3, 'e355141', '2012-03-22 07:37:35', NULL, NULL),
	(1131, 2463, 3, 'e355141', '2012-03-22 07:37:56', NULL, NULL),
	(1132, 2454, 5, 'e275009', '2012-03-23 06:05:22', NULL, NULL),
	(1133, 2469, 3, 'e402730', '2012-03-23 11:19:52', NULL, NULL),
	(1134, 2459, 5, 'e459841', '2012-03-23 15:10:56', NULL, NULL),
	(1135, 2467, 3, 'e275009', '2012-03-26 06:06:07', NULL, NULL),
	(1136, 2429, 3, 'e332375', '2012-03-26 07:49:42', NULL, NULL),
	(1137, 2426, 5, 'e332375', '2012-03-26 07:50:16', NULL, NULL),
	(1138, 2453, 3, 'e332375', '2012-03-26 07:50:30', NULL, NULL),
	(1139, 2429, 5, 'e332375', '2012-03-26 07:51:22', NULL, NULL),
	(1140, 2463, 5, 'e355141', '2012-03-26 07:59:45', NULL, NULL),
	(1141, 2462, 5, 'e355141', '2012-03-26 08:01:08', NULL, NULL),
	(1142, 2477, 3, 'e355141', '2012-03-26 08:04:49', NULL, NULL),
	(1143, 2478, 3, 'e355141', '2012-03-26 08:05:00', NULL, NULL),
	(1144, 2474, 3, 'e459841', '2012-03-26 08:38:37', NULL, NULL),
	(1145, 2461, 5, 'e360230', '2012-03-26 10:54:02', NULL, NULL),
	(1146, 2420, 5, 'e366268', '2012-03-26 15:50:00', NULL, NULL),
	(1147, 2465, 3, 'e525128', '2012-03-27 08:26:51', NULL, NULL),
	(1148, 2464, 3, 'e525128', '2012-03-27 08:27:21', NULL, NULL),
	(1149, 2405, 5, 'e324601', '2012-03-27 08:36:17', NULL, NULL),
	(1150, 2469, 5, 'e402730', '2012-03-27 08:55:01', NULL, NULL),
	(1151, 2460, 3, 'e459841', '2012-03-27 11:01:31', NULL, NULL),
	(1152, 2474, 5, 'e459841', '2012-03-27 11:01:46', NULL, NULL),
	(1153, 2473, 3, 'e536792', '2012-03-28 10:11:34', NULL, NULL),
	(1154, 2479, 5, 'e208518', '2012-03-28 12:41:05', NULL, NULL),
	(1155, 2464, 5, 'e525128', '2012-03-28 18:34:27', NULL, NULL),
	(1156, 2465, 5, 'e525128', '2012-03-28 18:34:43', NULL, NULL),
	(1157, 2491, 3, 'e476520', '2012-03-30 10:07:46', NULL, NULL),
	(1158, 2496, 3, 'e275009', '2012-03-30 11:37:51', NULL, NULL),
	(1159, 2496, 5, 'e275009', '2012-04-02 06:13:46', NULL, NULL),
	(1160, 2415, 5, 'e228392', '2012-04-02 07:11:08', NULL, NULL),
	(1161, 2498, 3, 'e228392', '2012-04-02 07:55:57', NULL, NULL),
	(1162, 2477, 5, 'e355141', '2012-04-02 08:06:42', NULL, NULL),
	(1163, 2478, 5, 'e355141', '2012-04-02 08:07:26', NULL, NULL),
	(1164, 2485, 3, 'e355141', '2012-04-02 08:24:13', NULL, NULL),
	(1165, 2453, 5, 'e332375', '2012-04-02 08:44:00', NULL, NULL),
	(1166, 2495, 3, 'e332375', '2012-04-02 08:44:33', NULL, NULL),
	(1167, 2423, 5, 'e332375', '2012-04-02 08:46:06', NULL, NULL),
	(1168, 2458, 3, 'e332375', '2012-04-02 08:46:28', NULL, NULL),
	(1169, 2484, 3, 'e355141', '2012-04-02 08:52:44', NULL, NULL),
	(1170, 2431, 3, 'e315193', '2012-04-02 09:04:53', NULL, NULL),
	(1171, 2225, 5, 'e525130', '2012-04-02 13:01:10', NULL, NULL),
	(1172, 2467, 5, 'e275009', '2012-04-03 06:03:00', NULL, NULL),
	(1173, 2460, 5, 'e459841', '2012-04-03 07:43:32', NULL, NULL),
	(1174, 2491, 5, 'e476520', '2012-04-03 08:42:33', NULL, NULL),
	(1175, 2257, 5, 'e476520', '2012-04-03 08:43:18', NULL, NULL),
	(1176, 2389, 5, 'e476520', '2012-04-03 08:43:42', NULL, NULL),
	(1177, 2308, 5, 'e525130', '2012-04-03 08:54:02', NULL, NULL),
	(1178, 2309, 5, 'e525130', '2012-04-03 08:54:34', NULL, NULL),
	(1179, 2443, 3, 'e332375', '2012-04-04 06:22:27', NULL, NULL),
	(1180, 2443, 5, 'e332375', '2012-04-04 06:23:11', NULL, NULL),
	(1181, 2406, 5, 'e324601', '2012-04-04 07:10:17', NULL, NULL),
	(1182, 2307, 3, 'e525130', '2012-04-04 08:52:50', NULL, NULL),
	(1183, 2494, 3, 'e360230', '2012-04-04 09:54:48', NULL, NULL),
	(1184, 2472, 3, 'e536792', '2012-04-04 15:47:00', NULL, NULL),
	(1185, 2497, 3, 'e536792', '2012-04-04 15:47:22', NULL, NULL),
	(1186, 2501, 3, 'e244216', '2012-04-05 07:24:06', NULL, NULL),
	(1187, 2513, 3, 'e228392', '2012-04-05 07:45:39', NULL, NULL),
	(1188, 2481, 3, 'e355141', '2012-04-05 07:58:51', NULL, NULL),
	(1189, 2482, 3, 'e355141', '2012-04-05 07:59:18', NULL, NULL),
	(1190, 2513, 5, 'e228392', '2012-04-10 06:55:24', NULL, NULL),
	(1191, 2515, 3, 'e459841', '2012-04-10 07:10:34', NULL, NULL),
	(1192, 2516, 3, 'e459841', '2012-04-10 07:11:02', NULL, NULL),
	(1193, 2292, 5, 'e332375', '2012-04-10 07:24:19', NULL, NULL),
	(1194, 2499, 3, 'e332375', '2012-04-10 07:24:45', NULL, NULL),
	(1195, 2427, 3, 'e332375', '2012-04-10 07:25:25', NULL, NULL),
	(1196, 2421, 3, 'e332375', '2012-04-10 07:25:50', NULL, NULL),
	(1197, 2428, 3, 'e332375', '2012-04-10 07:26:30', NULL, NULL),
	(1198, 2458, 5, 'e332375', '2012-04-10 07:27:30', NULL, NULL),
	(1199, 2500, 3, 'e332375', '2012-04-10 07:28:15', NULL, NULL),
	(1200, 2501, 5, 'e244216', '2012-04-10 07:43:06', NULL, NULL),
	(1201, 2519, 3, 'e244216', '2012-04-11 07:49:13', NULL, NULL),
	(1202, 2483, 3, 'e355141', '2012-04-11 09:45:11', NULL, NULL),
	(1203, 2515, 5, 'e459841', '2012-04-12 08:00:16', NULL, NULL),
	(1204, 2516, 5, 'e459841', '2012-04-12 08:00:36', NULL, NULL),
	(1205, 2512, 3, 'e447382', '2012-04-12 09:25:59', NULL, NULL),
	(1206, 2473, 5, 'e536792', '2012-04-12 13:48:44', NULL, NULL),
	(1207, 2472, 5, 'e536792', '2012-04-12 13:49:38', NULL, NULL),
	(1208, 2500, 5, 'e332375', '2012-04-13 07:42:56', NULL, NULL),
	(1209, 2495, 5, 'e332375', '2012-04-13 07:43:08', NULL, NULL),
	(1210, 2528, 3, 'e525130', '2012-04-13 08:22:40', NULL, NULL),
	(1211, 2529, 5, 'e525130', '2012-04-13 08:22:57', NULL, NULL),
	(1212, 2528, 3, 'e525130', '2012-04-13 08:23:26', NULL, NULL),
	(1213, 2494, 5, 'e360230', '2012-04-13 09:23:37', NULL, NULL),
	(1214, 2519, 5, 'e244216', '2012-04-13 13:39:51', NULL, NULL),
	(1215, 2534, 3, 'e275009', '2012-04-16 06:03:43', NULL, NULL),
	(1216, 2518, 3, 'e228392', '2012-04-16 06:36:08', NULL, NULL),
	(1217, 2499, 5, 'e332375', '2012-04-16 07:25:13', NULL, NULL),
	(1218, 2434, 5, 'e332375', '2012-04-16 07:25:58', NULL, NULL),
	(1219, 2527, 3, 'e332375', '2012-04-16 07:26:06', NULL, NULL),
	(1220, 2512, 5, 'e447382', '2012-04-16 08:21:00', NULL, NULL),
	(1221, 2532, 3, 'e525130', '2012-04-16 08:49:40', NULL, NULL),
	(1222, 2482, 5, 'e355141', '2012-04-16 09:01:57', NULL, NULL),
	(1223, 2528, 5, 'e525130', '2012-04-18 08:34:26', NULL, NULL),
	(1224, 2547, 3, 'e476520', '2012-04-18 09:11:00', NULL, NULL),
	(1225, 2540, 3, 'e525128', '2012-04-18 14:23:42', NULL, NULL),
	(1226, 2539, 3, 'e525128', '2012-04-18 14:24:35', NULL, NULL),
	(1227, 2542, 3, 'e332375', '2012-04-19 07:19:20', NULL, NULL),
	(1228, 2549, 5, 'e332375', '2012-04-19 07:19:43', NULL, NULL),
	(1229, 2435, 3, 'e332375', '2012-04-19 07:19:53', NULL, NULL),
	(1230, 2534, 5, 'e275009', '2012-04-20 05:59:57', NULL, NULL),
	(1231, 2546, 5, 'e525130', '2012-04-20 08:31:32', NULL, NULL),
	(1232, 2540, 5, 'e525128', '2012-04-20 11:59:22', NULL, NULL),
	(1233, 2539, 5, 'e525128', '2012-04-20 11:59:53', NULL, NULL),
	(1234, 2547, 5, 'e476520', '2012-04-23 08:24:39', NULL, NULL),
	(1235, 2553, 3, 'e476520', '2012-04-23 08:36:08', NULL, NULL),
	(1236, 2552, 3, 'e476520', '2012-04-23 08:37:04', NULL, NULL),
	(1237, 2532, 5, 'e525130', '2012-04-23 08:53:41', NULL, NULL),
	(1238, 2311, 3, 'e525130', '2012-04-23 08:54:00', NULL, NULL),
	(1239, 2535, 3, 'e275009', '2012-04-24 05:59:48', NULL, NULL),
	(1240, 2538, 3, 'e562021', '2012-04-24 06:55:29', NULL, NULL),
	(1241, 2556, 3, 'e525128', '2012-04-24 07:33:25', NULL, NULL),
	(1242, 2554, 3, 'e525128', '2012-04-24 07:59:29', NULL, NULL),
	(1243, 2554, 3, 'e525128', '2012-04-24 07:59:29', NULL, NULL),
	(1244, 2428, 5, 'e332375', '2012-04-24 12:29:41', NULL, NULL),
	(1245, 2559, 3, 'e360232', '2012-04-24 15:20:59', NULL, NULL),
	(1246, 2559, 5, 'e360232', '2012-04-24 15:21:19', NULL, NULL),
	(1247, 2553, 5, 'e476520', '2012-04-25 08:54:48', NULL, NULL),
	(1248, 2552, 5, 'e476520', '2012-04-25 08:55:10', NULL, NULL),
	(1249, 2556, 5, 'e525128', '2012-04-25 09:56:24', NULL, NULL),
	(1250, 2554, 5, 'e525128', '2012-04-25 09:56:45', NULL, NULL),
	(1251, 2497, 5, 'e536792', '2012-04-25 16:30:20', NULL, NULL),
	(1252, 2560, 3, 'e355141', '2012-04-26 07:04:48', NULL, NULL),
	(1253, 2311, 5, 'e525130', '2012-04-27 08:54:12', NULL, NULL),
	(1254, 2307, 5, 'e525130', '2012-04-27 08:55:41', NULL, NULL),
	(1255, 2575, 3, 'e228392', '2012-04-27 09:38:52', NULL, NULL),
	(1256, 2535, 5, 'e275009', '2012-04-27 14:34:13', NULL, NULL),
	(1257, 2431, 5, 'e315193', '2012-04-30 08:16:20', NULL, NULL),
	(1258, 2448, 5, 'e228392', '2012-05-01 09:32:49', NULL, NULL),
	(1259, 2575, 5, 'e228392', '2012-05-01 09:33:04', NULL, NULL),
	(1260, 2436, 3, 'e332375', '2012-05-02 07:18:15', NULL, NULL),
	(1261, 2538, 5, 'e562021', '2012-05-02 07:18:31', NULL, NULL),
	(1262, 2291, 5, 'e332375', '2012-05-02 07:18:40', NULL, NULL),
	(1263, 2421, 5, 'e332375', '2012-05-02 07:18:48', NULL, NULL),
	(1264, 2435, 5, 'e332375', '2012-05-02 07:19:01', NULL, NULL),
	(1265, 2527, 5, 'e332375', '2012-05-02 07:19:10', NULL, NULL),
	(1266, 2543, 3, 'e332375', '2012-05-02 07:19:22', NULL, NULL),
	(1267, 2542, 5, 'e332375', '2012-05-02 07:19:25', NULL, NULL),
	(1268, 2436, 3, 'e332375', '2012-05-02 07:19:39', NULL, NULL),
	(1269, 2436, 3, 'e332375', '2012-05-02 07:20:28', NULL, NULL),
	(1270, 2543, 3, 'e332375', '2012-05-02 07:20:57', NULL, NULL),
	(1271, 2481, 5, 'e355141', '2012-05-02 07:40:58', NULL, NULL),
	(1272, 2483, 5, 'e355141', '2012-05-02 07:41:14', NULL, NULL),
	(1273, 2484, 5, 'e355141', '2012-05-02 07:41:27', NULL, NULL),
	(1274, 2485, 5, 'e355141', '2012-05-02 07:41:36', NULL, NULL),
	(1275, 2561, 3, 'e355141', '2012-05-02 07:41:45', NULL, NULL),
	(1276, 2560, 5, 'e355141', '2012-05-02 07:41:55', NULL, NULL),
	(1277, 2424, 3, 'e332375', '2012-05-03 06:50:29', NULL, NULL),
	(1278, 2436, 5, 'e332375', '2012-05-03 06:53:54', NULL, NULL),
	(1279, 2577, 3, 'e332375', '2012-05-03 06:54:02', NULL, NULL),
	(1280, 2537, 3, 'e275009', '2012-05-03 08:59:33', NULL, NULL),
	(1281, 2537, 5, 'e275009', '2012-05-04 06:15:23', NULL, NULL),
	(1282, 2169, 5, 'e360232', '2012-05-04 08:16:47', NULL, NULL),
	(1283, 2517, 3, 'e228392', '2012-05-04 08:17:50', NULL, NULL),
	(1284, 2580, 3, 'e390270', '2012-05-04 08:44:02', NULL, NULL),
	(1285, 2571, 3, 'e360230', '2012-05-04 09:37:33', NULL, NULL),
	(1286, 2572, 3, 'e360230', '2012-05-04 09:37:43', NULL, NULL),
	(1287, 2564, 3, 'e275009', '2012-05-07 09:29:04', NULL, NULL),
	(1288, 2584, 3, 'e411049', '2012-05-07 09:29:19', NULL, NULL),
	(1289, 2543, 5, 'e332375', '2012-05-10 06:51:31', NULL, NULL),
	(1290, 2565, 3, 'e332375', '2012-05-10 06:51:39', NULL, NULL),
	(1291, 2570, 3, 'e332375', '2012-05-10 06:51:53', NULL, NULL),
	(1292, 2487, 3, 'e476520', '2012-05-10 08:46:32', NULL, NULL),
	(1293, 2427, 5, 'e332375', '2012-05-11 07:19:37', NULL, NULL),
	(1294, 2425, 3, 'e332375', '2012-05-11 07:19:49', NULL, NULL),
	(1295, 2577, 5, 'e332375', '2012-05-11 07:19:59', NULL, NULL),
	(1296, 2591, 3, 'e332375', '2012-05-11 07:20:09', NULL, NULL),
	(1297, 2583, 3, 'e355141', '2012-05-11 07:35:28', NULL, NULL),
	(1298, 2564, 5, 'e275009', '2012-05-14 07:24:34', NULL, NULL),
	(1299, 2592, 3, 'e332375', '2012-05-14 07:29:34', NULL, NULL),
	(1300, 2425, 5, 'e332375', '2012-05-14 07:29:48', NULL, NULL),
	(1301, 2571, 5, 'e360230', '2012-05-14 09:05:33', NULL, NULL),
	(1302, 2572, 5, 'e360230', '2012-05-14 09:06:00', NULL, NULL),
	(1303, 2590, 3, 'e324601', '2012-05-14 09:31:38', NULL, NULL),
	(1304, 2567, 3, 'e332375', '2012-05-15 07:20:57', NULL, NULL),
	(1305, 2597, 3, 'e275009', '2012-05-15 08:14:51', NULL, NULL),
	(1306, 2595, 3, 'e275009', '2012-05-15 08:15:24', NULL, NULL),
	(1307, 2601, 3, 'e355141', '2012-05-15 09:24:32', NULL, NULL),
	(1308, 2563, 3, 'e355141', '2012-05-15 09:24:56', NULL, NULL),
	(1309, 2446, 5, 'e420412', '2012-05-16 12:58:05', NULL, NULL),
	(1310, 2582, 3, 'e355141', '2012-05-17 07:37:20', NULL, NULL),
	(1311, 2584, 5, 'e411049', '2012-05-17 12:06:01', NULL, NULL),
	(1312, 2591, 5, 'e332375', '2012-05-18 07:18:21', NULL, NULL),
	(1313, 2591, 5, 'e332375', '2012-05-18 07:18:34', NULL, NULL),
	(1314, 2612, 3, 'e324601', '2012-05-21 08:53:14', NULL, NULL),
	(1315, 2609, 3, 'e525130', '2012-05-21 09:35:47', NULL, NULL),
	(1316, 2561, 5, 'e355141', '2012-05-21 10:40:57', NULL, NULL),
	(1317, 2567, 5, 'e332375', '2012-05-22 06:49:51', NULL, NULL),
	(1318, 2613, 3, 'e324601', '2012-05-22 08:20:46', NULL, NULL),
	(1319, 2590, 5, 'e324601', '2012-05-22 08:28:41', NULL, NULL),
	(1320, 2622, 3, 'e228392', '2012-05-22 08:44:33', NULL, NULL),
	(1321, 2624, 3, 'e677413', '2012-05-22 14:43:33', NULL, NULL),
	(1322, 2625, 3, 'e677413', '2012-05-22 14:45:00', NULL, NULL),
	(1323, 2611, 3, 'e459841', '2012-05-23 07:19:52', NULL, NULL),
	(1324, 2621, 3, 'e228392', '2012-05-23 07:33:44', NULL, NULL),
	(1325, 2601, 5, 'e355141', '2012-05-23 10:28:13', NULL, NULL),
	(1326, 2603, 3, 'e536792', '2012-05-23 13:55:15', NULL, NULL),
	(1327, 2602, 3, 'e332375', '2012-05-24 06:18:23', NULL, NULL),
	(1328, 2628, 3, 'e459841', '2012-05-24 16:39:42', NULL, NULL),
	(1329, 2611, 5, 'e459841', '2012-05-24 16:40:25', NULL, NULL),
	(1330, 2632, 3, 'e447382', '2012-05-25 08:08:14', NULL, NULL),
	(1331, 2614, 3, 'e525130', '2012-05-25 10:25:18', NULL, NULL),
	(1332, 2597, 5, 'e275009', '2012-05-25 12:01:23', NULL, NULL),
	(1333, 2595, 5, 'e275009', '2012-05-25 12:01:55', NULL, NULL),
	(1334, 2612, 5, 'e324601', '2012-05-25 12:12:01', NULL, NULL),
	(1335, 2613, 5, 'e324601', '2012-05-25 12:12:54', NULL, NULL),
	(1336, 2518, 5, 'e228392', '2012-05-28 06:43:14', NULL, NULL),
	(1337, 2580, 5, 'e228392', '2012-05-28 06:43:30', NULL, NULL),
	(1338, 2622, 5, 'e228392', '2012-05-28 06:43:48', NULL, NULL),
	(1339, 2636, 3, 'e228392', '2012-05-28 07:14:35', NULL, NULL),
	(1340, 2627, 3, 'e390270', '2012-05-28 08:09:00', NULL, NULL),
	(1341, 2628, 5, 'e459841', '2012-05-28 08:40:07', NULL, NULL),
	(1342, 2614, 5, 'e525130', '2012-05-28 11:06:19', NULL, NULL),
	(1343, 2609, 5, 'e525130', '2012-05-28 11:08:31', NULL, NULL),
	(1344, 2563, 5, 'e355141', '2012-05-28 16:33:42', NULL, NULL),
	(1345, 2637, 3, 'e459841', '2012-05-29 07:34:34', NULL, NULL),
	(1346, 2603, 5, 'e536792', '2012-05-30 12:57:49', NULL, NULL);
/*!40000 ALTER TABLE `reservation_actions` ENABLE KEYS */;


-- Dumping structure for table labbooking.reservation_category
DROP TABLE IF EXISTS `reservation_category`;
CREATE TABLE IF NOT EXISTS `reservation_category` (
  `id` int(11) unsigned NOT NULL,
  `category` varchar(20) COLLATE utf8_czech_ci NOT NULL,
  PRIMARY KEY (`id`)
) ENGINE=InnoDB DEFAULT CHARSET=utf8 COLLATE=utf8_czech_ci ROW_FORMAT=COMPACT;

-- Dumping data for table labbooking.reservation_category: ~4 rows (approximately)
DELETE FROM `reservation_category`;
/*!40000 ALTER TABLE `reservation_category` DISABLE KEYS */;
INSERT INTO `reservation_category` (`id`, `category`) VALUES
	(1, 'Definite'),
	(2, 'Conditional'),
	(3, 'Layby'),
	(4, 'Calibration');
/*!40000 ALTER TABLE `reservation_category` ENABLE KEYS */;


-- Dumping structure for table labbooking.reservation_states
DROP TABLE IF EXISTS `reservation_states`;
CREATE TABLE IF NOT EXISTS `reservation_states` (
  `id` int(10) unsigned NOT NULL,
  `title` varchar(50) NOT NULL,
  `info_only` enum('Y','N') NOT NULL,
  `priority` int(2) NOT NULL DEFAULT '0',
  `style_reserved` varchar(100) NOT NULL,
  `style_waiting` varchar(100) NOT NULL,
  `style_weekend` varchar(100) NOT NULL,
  `style_reserved_weekend` varchar(100) CHARACTER SET utf8 COLLATE utf8_czech_ci NOT NULL DEFAULT '-',
  `show` varchar(1) NOT NULL DEFAULT '0',
  PRIMARY KEY (`id`)
) ENGINE=InnoDB DEFAULT CHARSET=utf8 ROW_FORMAT=COMPACT;

-- Dumping data for table labbooking.reservation_states: ~11 rows (approximately)
DELETE FROM `reservation_states`;
/*!40000 ALTER TABLE `reservation_states` DISABLE KEYS */;
INSERT INTO `reservation_states` (`id`, `title`, `info_only`, `priority`, `style_reserved`, `style_waiting`, `style_weekend`, `style_reserved_weekend`, `show`) VALUES
	(0, 'need_approval', 'N', 1, 'background-color: #3366CC;', 'background-color: #FF9E96;', 'background-color: #FF9E96;', 'background-color: #3366CC;', '1'),
	(1, 'reserved', 'Y', 0, 'background-color: #3366CC;', 'background-color: #3366CC;', 'background-color: #3366CC;', 'background-color: #3366CC;', '1'),
	(2, 'Declined', 'N', 1, 'background-color: #3366CC;', 'background-color: #FF9E96;', 'background-color: #FF9E96;', 'background-color: #3366CC;', '0'),
	(3, 'running_test', 'Y', 2, 'background-color: #7FAF1B;', 'background-color: #7FAF1B;', 'background-color: #7FAF1B;', 'background-color: #7FAF1B;', '1'),
	(4, 'test_paused', 'Y', 1, 'background-color: #FD792E;', 'background-color: #FD792E;', 'background-color: #FD792E;', 'background-color: #FD792E;', '1'),
	(5, 'test_stoped', 'Y', 1, 'background-color: #ADAFA4;', 'background-color: #ADAFA4;', 'background-color: #ADAFA4;', 'background-color: #ADAFA4;', '1'),
	(6, 'weekend', 'Y', 99, 'background-color: #E0E0E0;', 'background-color: #E0E0E0;', 'background-color: #E0E0E0;', 'background-color: #3366CC;', '0'),
	(7, 'started_later', 'Y', 1, 'background-color: #EFEB86;', 'background-color: #EFEB86;', 'background-color: #EFEB86;', 'background-color: #EFEB86;', '1'),
	(8, 'overtime', 'Y', 1, 'background-color: #FF0000;', 'background-color: #FF0000;', 'background-color: #FF0000;', 'background-color: #FF0000;', '1'),
	(9, 'layby', 'Y', 1, 'background-color: #6f6f6f;', 'background-color: #6f6f6f;', 'background-color: #6f6f6f;', 'background-color: #6f6f6f;', '1'),
	(10, 'calibration', 'Y', 1, 'background-color: #6262ff;', 'background-color: #6262ff;', 'background-color: #6262ff;', 'background-color: #6262ff;', '1');
/*!40000 ALTER TABLE `reservation_states` ENABLE KEYS */;


-- Dumping structure for table labbooking.reservation_types
DROP TABLE IF EXISTS `reservation_types`;
CREATE TABLE IF NOT EXISTS `reservation_types` (
  `id` int(11) NOT NULL,
  `Type` varchar(20) COLLATE utf8_czech_ci NOT NULL,
  PRIMARY KEY (`id`)
) ENGINE=InnoDB DEFAULT CHARSET=utf8 COLLATE=utf8_czech_ci ROW_FORMAT=COMPACT;

-- Dumping data for table labbooking.reservation_types: ~2 rows (approximately)
DELETE FROM `reservation_types`;
/*!40000 ALTER TABLE `reservation_types` DISABLE KEYS */;
INSERT INTO `reservation_types` (`id`, `Type`) VALUES
	(0, 'Approval not needed'),
	(1, 'Need Approval');
/*!40000 ALTER TABLE `reservation_types` ENABLE KEYS */;


-- Dumping structure for table labbooking.sort
DROP TABLE IF EXISTS `sort`;
CREATE TABLE IF NOT EXISTS `sort` (
  `id` int(10) unsigned NOT NULL AUTO_INCREMENT,
  `name` varchar(255) CHARACTER SET utf8 COLLATE utf8_czech_ci NOT NULL,
  PRIMARY KEY (`id`)
) ENGINE=InnoDB AUTO_INCREMENT=30 DEFAULT CHARSET=utf8 COLLATE=utf8_unicode_ci;

-- Dumping data for table labbooking.sort: ~28 rows (approximately)
DELETE FROM `sort`;
/*!40000 ALTER TABLE `sort` DISABLE KEYS */;
INSERT INTO `sort` (`id`, `name`) VALUES
	(1, 'Oscilloscope'),
	(2, 'Power Source'),
	(3, 'Temp. Chamber'),
	(4, 'Climat. Chamber'),
	(5, 'Datalogger'),
	(6, 'ESD Simulator'),
	(7, 'EMC Simulator'),
	(8, 'Spectrum Analyser'),
	(10, 'Temp. shock chamber'),
	(11, 'Teplomer'),
	(12, 'Kalibrator'),
	(13, 'Dielectric withstand tester'),
	(14, 'Trhacka'),
	(15, 'Wattmetr'),
	(16, 'Infra Red Camera'),
	(17, 'Microscope'),
	(18, 'AirFlowBench'),
	(19, 'Water tests'),
	(20, 'Life tests'),
	(21, 'Homes EU'),
	(22, 'IAQ lab'),
	(23, 'Gas lab'),
	(24, 'HALT/HASS Chamber'),
	(25, 'VN sonda'),
	(26, 'ESD Workbench'),
	(27, 'Water Flow Bench'),
	(28, 'RF Chamber'),
	(29, 'multimeter');
/*!40000 ALTER TABLE `sort` ENABLE KEYS */;


-- Dumping structure for table labbooking.users
DROP TABLE IF EXISTS `users`;
CREATE TABLE IF NOT EXISTS `users` (
  `eid` varchar(7) COLLATE utf8_czech_ci NOT NULL,
  `name` varchar(100) COLLATE utf8_czech_ci NOT NULL DEFAULT 'NO_NAME',
  `phone` varchar(100) COLLATE utf8_czech_ci DEFAULT NULL,
  `email` varchar(40) COLLATE utf8_czech_ci NOT NULL,
  `rights` int(2) NOT NULL DEFAULT '1',
  `comment` varchar(50) COLLATE utf8_czech_ci DEFAULT NULL,
  `active` enum('Y','N') COLLATE utf8_czech_ci NOT NULL DEFAULT 'Y',
  `salary_planner` varchar(8) COLLATE utf8_czech_ci DEFAULT NULL,
  `last_access` datetime DEFAULT NULL,
  `user_report` enum('Y','N') COLLATE utf8_czech_ci NOT NULL DEFAULT 'N',
  `status` varchar(1) COLLATE utf8_czech_ci NOT NULL DEFAULT 'A',
  `delegate_eid` varchar(7) COLLATE utf8_czech_ci DEFAULT NULL,
  `delegate_from` date DEFAULT NULL,
  `delegate_to` date DEFAULT NULL,
  PRIMARY KEY (`eid`),
  KEY `INDEX_email` (`email`),
  KEY `INDEX_name` (`name`),
  KEY `INDEX_rights` (`rights`)
) ENGINE=InnoDB DEFAULT CHARSET=utf8 COLLATE=utf8_czech_ci;

-- Dumping data for table labbooking.users: ~133 rows (approximately)
DELETE FROM `users`;
/*!40000 ALTER TABLE `users` DISABLE KEYS */;
INSERT INTO `users` (`eid`, `name`, `phone`, `email`, `rights`, `comment`, `active`, `salary_planner`, `last_access`, `user_report`, `status`, `delegate_eid`, `delegate_from`, `delegate_to`) VALUES
	('e000000', 'USER,LDAP', '010-84583280*126', 'helena.vildova@honeywell.com', 1, NULL, 'Y', 'e378675', '2011-10-06 16:00:40', 'N', 'A', NULL, NULL, NULL),
	('E020346', 'Dale,Stephen', '(480) 592-3401', 'steve.dale@honeywell.com', 1, 'NULL', 'N', '', '0000-00-00 00:00:00', 'N', 'T', '', '0000-00-00', '0000-00-00'),
	('e198806', 'Krcal,Martin', '+420 54550 2046', 'Martin.Krcal@honeywell.com', 1, NULL, 'Y', 'e232976', '2012-05-28 11:00:53', 'N', 'A', NULL, NULL, NULL),
	('e205003', 'Sanek,Jiri', '+420 545 501 739', 'Jiri.Sanek@Honeywell.com', 1, 'NULL', 'Y', 'e206349', '2012-04-16 09:18:06', 'N', 'A', '', '0000-00-00', '0000-00-00'),
	('e205842', 'Michalek,Dusan', '+420 54550 1744', 'Dusan.Michalek@Honeywell.com', 1, 'NULL', 'Y', 'e398563', '2011-02-10 10:53:42', 'N', 'A', '', '0000-00-00', '0000-00-00'),
	('e206349', 'Chladek,Zdenek', '+420 532 111 750', 'Zdenek.Chladek@Honeywell.com', 1, 'NULL', 'Y', 'e398563', '2012-03-06 12:17:24', 'N', 'A', '', '0000-00-00', '0000-00-00'),
	('e206353', 'Pachola,Zdenek', '+420 545 501 753', 'Zdenek.Pachola@Honeywell.com', 1, 'NULL', 'Y', 'e205842', '0000-00-00 00:00:00', 'N', 'A', '', '0000-00-00', '0000-00-00'),
	('e208518', 'Novotny,Marek', '+420 545 501 756', 'Marek.Novotny@Honeywell.com', 1, 'NULL', 'Y', 'e223661', '2012-05-25 10:28:30', 'N', 'A', '', '0000-00-00', '0000-00-00'),
	('e211952', 'Hanus,Milos', '+420 54550 1755', 'Milos.Hanus@Honeywell.com', 1, 'NULL', 'Y', 'e675543', '0000-00-00 00:00:00', 'N', 'A', '', '0000-00-00', '0000-00-00'),
	('e215421', 'Vasek,Vaclav', '+ 420 545 501 766', 'Vaclav.Vasek@Honeywell.com', 1, 'NULL', 'Y', 'e277570', '2011-08-22 07:39:35', 'N', 'A', '', '0000-00-00', '0000-00-00'),
	('e223661', 'Zelenka,Pavel', '+420 532 11 1722', 'Pavel.Zelenka@Honeywell.com', 1, NULL, 'Y', 'e398563', '2012-03-09 13:47:17', 'N', 'A', NULL, NULL, NULL),
	('e228392', 'Martinik,Ales', '+420 532111768', 'Ales.Martinik@Honeywell.com', 1, 'NULL', 'Y', 'e205842', '2012-05-28 06:43:12', 'N', 'A', '', '0000-00-00', '0000-00-00'),
	('e244207', 'Cechak,Jaromir', '+420 545 501 774', 'Jaromir.Cechak@Honeywell.com', 1, 'NULL', 'Y', 'e232976', '2011-11-25 08:59:23', 'N', 'A', '', '0000-00-00', '0000-00-00'),
	('e244209', 'Tesitel,Jan', '+420 54550 1775', 'Jan.Tesitel@Honeywell.com', 1, 'NULL', 'Y', 'e232976', '2011-05-31 10:41:38', 'N', 'A', '', '0000-00-00', '0000-00-00'),
	('e244214', 'Klepsa,Martin', '(+420) 532 111 779', 'Martin.Klepsa@Honeywell.com', 1, 'NULL', 'Y', 'e223661', '2012-05-29 13:26:04', 'N', 'A', '', '0000-00-00', '0000-00-00'),
	('e244216', 'Hakl,Erik', '+420545501777', 'Erik.Hakl@Honeywell.com', 1, 'NULL', 'Y', 'e277570', '2012-04-13 13:39:51', 'N', 'A', '', '0000-00-00', '0000-00-00'),
	('e275009', 'Hrebicek,Petr', '+420 545 501 785', 'Petr.Hrebicek@Honeywell.com', 1, 'NULL', 'Y', 'e232976', '2012-05-28 11:02:24', 'N', 'A', '', '0000-00-00', '0000-00-00'),
	('e275010', 'Kalina,Pavel', '+420 54550 1786', 'Pavel.Kalina@Honeywell.com', 1, 'NULL', 'Y', 'e232976', '0000-00-00 00:00:00', 'N', 'A', '', '0000-00-00', '0000-00-00'),
	('e277570', 'Vancura,Zbynek', '545 501 705', 'Zbynek.Vancura@Honeywell.com', 1, 'NULL', 'Y', 'e398563', '2011-07-19 21:07:33', 'N', 'A', '', '0000-00-00', '0000-00-00'),
	('e282051', 'Marak,Pavel', '+420 54550 1795     ', 'Pavel.Marak@Honeywell.com', 1, NULL, 'Y', 'e232976', '2011-12-12 08:16:46', 'N', 'A', NULL, NULL, NULL),
	('e287628', 'Zilka,Jan', '+420 532 115 427', 'jan.zilka@honeywell.com', 1, NULL, 'Y', 'e351662', '2011-06-07 09:54:29', 'N', 'A', NULL, NULL, NULL),
	('e288845', 'Hrabalek,Zdenek', '+420 545 501 818', 'Zdenek.Hrabalek@Honeywell.com', 1, 'NULL', 'Y', 'e675543', '2012-04-17 15:59:43', 'N', 'A', '', '0000-00-00', '0000-00-00'),
	('e291393', 'Prajzner,Vaclav', '420532111814', 'Vaclav.Prajzner@Honeywell.com', 1, 'NULL', 'Y', 'e675543', '2011-06-13 10:04:54', 'N', 'A', '', '0000-00-00', '0000-00-00'),
	('e293807', 'Zavodny,Ludek', '+420 54550 1819', 'Ludek.Zavodny@Honeywell.com', 1, 'NULL', 'Y', 'e232976', '2011-05-19 12:51:37', 'N', 'A', '', '0000-00-00', '0000-00-00'),
	('e310561', 'Koplik,Petr', '+420 532 115 747', 'Petr.Koplik@Honeywell.com', 1, 'NULL', 'Y', 'e318919', '2011-02-25 13:15:12', 'N', 'A', '', '0000-00-00', '0000-00-00'),
	('e312280', 'Lastovic,Martin', '+420 532 115 620', 'Martin.Lastovic@Honeywell.com', 1, NULL, 'Y', 'e291396', '2011-11-01 15:16:30', 'N', 'A', NULL, NULL, NULL),
	('e312285', 'Karabec,Vaclav', '+420 532 115 613', 'Vaclav.Karabec@Honeywell.com', 1, NULL, 'Y', 'e291396', '2011-11-08 09:24:18', 'N', 'A', NULL, NULL, NULL),
	('e315193', 'Kadera,Tomas', '+420545501846', 'Tomas.Kadera@Honeywell.com', 1, 'NULL', 'Y', 'e277570', '2012-04-30 08:16:19', 'N', 'A', '', '0000-00-00', '0000-00-00'),
	('e318919', 'Rakoci,Matus', '+420 532 11 5799', 'Matus.Rakoci@Honeywell.com', 1, 'NULL', 'Y', 'e503896', '2011-02-07 14:17:52', 'N', 'A', '', '0000-00-00', '0000-00-00'),
	('e323937', 'Svoboda,Viktor', '+420-53211 1876', 'Viktor.Svoboda@Honeywell.com', 1, 'NULL', 'Y', 'e232976', '2011-11-11 10:17:36', 'N', 'A', '', '0000-00-00', '0000-00-00'),
	('e324265', 'Jancarik,Julius', '+420 545501708', 'Julius.Jancarik@Honeywell.com', 1, 'NULL', 'Y', 'e675543', '2011-01-21 12:21:28', 'N', 'A', '', '0000-00-00', '0000-00-00'),
	('e324443', 'Brabec,Jan', '+420 (0) 5 455021 92', 'Jan.Brabec@Honeywell.com', 1, 'NULL', 'Y', 'e344769', '2011-10-10 10:40:05', 'N', 'A', '', '0000-00-00', '0000-00-00'),
	('e324601', 'Sobotka,Jaroslav', '', 'Jaroslav.Sobotka@Honeywell.com', 1, 'NULL', 'Y', 'e277570', '2012-05-28 08:03:25', 'N', 'A', '', '0000-00-00', '0000-00-00'),
	('e331228', 'Kalab,Michal', '+420 54550 1919', 'Michal.Kalab@Honeywell.com', 1, 'NULL', 'Y', 'e205842', '2012-04-19 10:19:22', 'N', 'A', '', '0000-00-00', '0000-00-00'),
	('e332375', 'Chvatal,Tomas', '+420545501828', 'Tomas.Chvatal@Honeywell.com', 1, 'NULL', 'Y', 'e277570', '2012-05-25 10:01:37', 'N', 'A', '', '0000-00-00', '0000-00-00'),
	('e332376', 'Frint,Jiri', '+420545501625', 'Jiri.Frint@Honeywell.com', 1, 'NULL', 'Y', 'e232976', '0000-00-00 00:00:00', 'N', 'A', '', '0000-00-00', '0000-00-00'),
	('e332564', 'Des,Kamil', '+420 545 501 928', 'Kamil.Des@Honeywell.com', 1, 'NULL', 'Y', 'e675543', '0000-00-00 00:00:00', 'N', 'A', '', '0000-00-00', '0000-00-00'),
	('e334179', 'Kozakova,Dana', '+420 545 501 780', 'Dana.Kozakova@Honeywell.com', 1, 'NULL', 'Y', 'e398563', '2011-10-20 15:26:40', 'N', 'A', '', '0000-00-00', '0000-00-00'),
	('e334629', 'Uhnavy,Tomas', '532 111 926', 'Tomas.Uhnavy@Honeywell.com', 2, 'NULL', 'Y', 'e206349', '2012-05-15 13:25:29', 'N', 'A', '', '0000-00-00', '0000-00-00'),
	('e335886', 'Chalupa,Radim', '+420 545 501 935', 'Radim.Chalupa@Honeywell.com', 1, 'NULL', 'Y', 'e202121', '2012-05-07 09:00:30', 'N', 'A', '', '0000-00-00', '0000-00-00'),
	('e336746', 'BudalTaranath,Prasanna Kumar', '50053', 'Prasanna.BudalTaranath@Honeywell.com', 1, NULL, 'Y', '', '2013-06-26 13:55:17', 'N', 'A', NULL, NULL, NULL),
	('e344762', 'Svejnoha,Petr', '+420 54550 1957', 'Petr.Svejnoha@honeywell.com', 1, NULL, 'Y', 'e344769', '2011-04-22 10:03:58', 'N', 'A', NULL, NULL, NULL),
	('e344769', 'Borastero Villan,Ivan', '+420 54550 1964', 'Ivan.Borastero@honeywell.com', 1, NULL, 'Y', 'e398563', '2011-07-25 10:58:51', 'N', 'A', NULL, NULL, NULL),
	('e348119', 'Kostka,Roman', '+420 532 115 309', 'Roman.Kostka@honeywell.com', 1, NULL, 'Y', 'e288842', '2011-12-13 14:36:20', 'N', 'A', NULL, NULL, NULL),
	('e351243', 'Klima,David', '+420 532 11 5276', 'David.Klima@honeywell.com', 1, NULL, 'Y', 'e378675', '2013-01-18 09:21:13', 'N', 'A', NULL, NULL, NULL),
	('e351646', 'Dobsik,Lubomir', '+420 532 115 523', 'Lubomir.Dobsik@honeywell.com', 1, 'NULL', 'N', 'e315195', '0000-00-00 00:00:00', 'N', 'T', '', '0000-00-00', '0000-00-00'),
	('e351667', 'Kanuch,Marek', '+420 532111996', 'Marek.Kanuch@honeywell.com', 1, 'NULL', 'Y', 'e675543', '2011-08-04 09:52:52', 'N', 'A', '', '0000-00-00', '0000-00-00'),
	('e352249', 'Gavenda,Richard', '+420532115643', 'Richard.Gavenda@Honeywell.com', 1, NULL, 'Y', 'e288842', '2011-10-04 08:00:15', 'N', 'A', NULL, NULL, NULL),
	('e353744', 'Oldrich,Tomas', '+420-545-501-932', 'Tomas.Oldrich@honeywell.com', 1, NULL, 'Y', 'e435370', '2012-03-13 14:24:01', 'N', 'A', NULL, NULL, NULL),
	('e355140', 'Kovanda,Petr', '+420 54550 1768', 'Petr.Kovanda@honeywell.com', 1, 'NULL', 'Y', 'e205842', '2012-05-10 13:47:10', 'N', 'A', '', '0000-00-00', '0000-00-00'),
	('e355141', 'Kraus,Jiri', '00420-54550-1622', 'Jiri.Kraus@honeywell.com', 1, 'NULL', 'Y', 'e232976', '2012-05-30 10:07:35', 'N', 'A', '', '0000-00-00', '0000-00-00'),
	('e355661', 'Hyvnar,Radek', '+420 532 115 130', 'Radek.Hyvnar@honeywell.com', 1, NULL, 'Y', 'e331224', '2011-10-25 14:13:13', 'N', 'A', NULL, NULL, NULL),
	('e360229', 'Kratochvil,Ladislav', '+420 545 501 631', 'Ladislav.Kratochvil@honeywell.com', 1, NULL, 'Y', 'e277570', '2012-01-11 15:36:36', 'N', 'A', NULL, NULL, NULL),
	('e360230', 'Sapak,Jiri', '(+420) 545 501 632', 'Jiri.Sapak@honeywell.com', 1, 'NULL', 'Y', 'e232976', '2012-05-16 09:38:28', 'N', 'A', '', '0000-00-00', '0000-00-00'),
	('e360232', 'Trnka,Martin', '+420545501634', 'Martin.Trnka@honeywell.com', 1, 'NULL', 'Y', 'e205842', '2012-05-21 08:22:10', 'N', 'A', '', '0000-00-00', '0000-00-00'),
	('e360749', 'Kralicek,Libor', '+420 54550 1671', 'libor.kralicek@Honeywell.com', 1, 'NULL', 'Y', 'e205842', '2012-04-30 10:11:45', 'N', 'A', '', '0000-00-00', '0000-00-00'),
	('e366268', 'Sebesta,Jan', '+420 545 501 660', 'Jan.Sebesta@honeywell.com', 1, 'NULL', 'Y', 'e402730', '2012-03-26 15:50:00', 'N', 'A', '', '0000-00-00', '0000-00-00'),
	('e369368', 'Podlucky,Jakub', '+420 545 50 1675', 'Jakub.Podlucky@honeywell.com', 1, 'NULL', 'Y', 'e202121', '0000-00-00 00:00:00', 'N', 'A', '', '0000-00-00', '0000-00-00'),
	('e369405', 'Malinak,Petr', '+420545501679', 'Petr.Malinak@honeywell.com', 1, 'NULL', 'Y', 'e223661', '0000-00-00 00:00:00', 'N', 'A', '', '0000-00-00', '0000-00-00'),
	('E369590', 'Klement,Christos', '+420 532 115 411', 'Christos.Klement@honeywell.com', 1, 'NULL', 'Y', 'e159213', '0000-00-00 00:00:00', 'N', 'A', '', '0000-00-00', '0000-00-00'),
	('e371537', 'Kaduch,Martin', '+420 545 50 2100', 'Martin.Kaduch@honeywell.com', 1, 'NULL', 'N', '', '0000-00-00 00:00:00', 'N', 'T', '', '0000-00-00', '0000-00-00'),
	('e371546', 'Horazny,Tomas', '2108', 'Tomas.Horazny@honeywell.com', 1, 'NULL', 'Y', 'e677413', '2011-05-02 10:45:19', 'N', 'A', '', '0000-00-00', '0000-00-00'),
	('e371552', 'Hampl,Martin', '+420 54550 2105', 'Martin.Hampl@honeywell.com', 1, NULL, 'Y', 'e205842', '2011-12-13 13:49:44', 'N', 'A', NULL, NULL, NULL),
	('e371558', 'Bouzek,Vladimir', '+420545501410', 'Vladimir.Bouzek@Honeywell.com', 1, 'NULL', 'Y', 'e454878', '0000-00-00 00:00:00', 'N', 'A', '', '0000-00-00', '0000-00-00'),
	('e371561', 'Sofka,Frantisek', '+420 53211 2114', 'Frantisek.Sofka@honeywell.com', 1, 'NULL', 'Y', 'e675543', '2012-01-06 08:36:29', 'N', 'A', '', '0000-00-00', '0000-00-00'),
	('e374761', 'Severinova,Klara', '+420 532 115 263', 'klara.severinova@honeywell.com', 1, NULL, 'Y', 'e435370', '2012-03-07 14:35:22', 'N', 'A', NULL, NULL, NULL),
	('e378675', 'Vildova,Helena', '+420 532 11 5259', 'Helena.Vildova@honeywell.com', 1, 'NULL', 'Y', 'e470909', '2011-08-05 13:04:43', 'N', 'A', '', '0000-00-00', '0000-00-00'),
	('e378772', 'Muller,Robert', '+420 532 115 270', 'Robert.Muller@honeywell.com', 1, 'NULL', 'Y', 'e159213', '0000-00-00 00:00:00', 'N', 'A', '', '0000-00-00', '0000-00-00'),
	('e381314', 'Houdek,Karel', '+420 545 502 148', 'Karel.Houdek@honeywell.com', 1, 'NULL', 'Y', 'e675543', '2011-08-22 14:34:58', 'N', 'A', '', '0000-00-00', '0000-00-00'),
	('e381602', 'Skara,Petr', '+420532116310', 'Petr.Skara@honeywell.com', 1, NULL, 'Y', 'e503896', '2011-03-17 15:52:53', 'N', 'A', NULL, NULL, NULL),
	('e381608', 'Vegso,Jozef', '(+420) 532 112 154', 'Josef.Vegso@honeywell.com', 1, 'NULL', 'N', '', '0000-00-00 00:00:00', 'N', 'T', '', '0000-00-00', '0000-00-00'),
	('e384161', 'Tlach,Ondrej', '+420 532 11 5257', 'Ondrej.Tlach@honeywell.com', 1, NULL, 'Y', 'e364244', '2012-10-04 13:18:07', 'N', 'A', NULL, NULL, NULL),
	('e389435', 'Stanek,Vaclav', '+420532116263', 'Vaclav.Stanek@Honeywell.com', 1, 'NULL', 'Y', 'e670728', '0000-00-00 00:00:00', 'N', 'A', '', '0000-00-00', '0000-00-00'),
	('e390270', 'Tlach,Michal', '+420 545 50 2220', 'Michal.Tlach@Honeywell.com', 1, 'NULL', 'Y', 'e205842', '2012-05-28 08:08:20', 'N', 'A', '', '0000-00-00', '0000-00-00'),
	('e390631', 'Urbanec,Libor', '+420 545 502 030', 'Libor.Urbanec@honeywell.com', 1, 'NULL', 'Y', 'e503896', '0000-00-00 00:00:00', 'N', 'A', '', '0000-00-00', '0000-00-00'),
	('e391188', 'Cisar,Josef', '+420725761286', 'Josef.Cisar@Honeywell.com', 1, 'NULL', 'Y', 'e390631', '0000-00-00 00:00:00', 'N', 'A', '', '0000-00-00', '0000-00-00'),
	('e394758', 'Sakson,Jozef', '+420 545 50 2051', 'Jozef.Sakson@Honeywell.com', 1, 'NULL', 'Y', 'e205842', '0000-00-00 00:00:00', 'N', 'A', '', '0000-00-00', '0000-00-00'),
	('e398870', 'Vladik,Ales', '+420 532 115 764', 'Ales.Vladik@Honeywell.com', 1, 'NULL', 'Y', 'e434164', '0000-00-00 00:00:00', 'N', 'A', '', '0000-00-00', '0000-00-00'),
	('e401907', 'Ficner,Ondrej', '545501686', 'Ondrej.Ficner@Honeywell.com', 1, NULL, 'Y', 'e202121', '2011-09-07 15:38:13', 'N', 'A', NULL, NULL, NULL),
	('e402730', 'Escalier,Marco', '+420 532 112 059', 'Marco.Escalier@Honeywell.com', 1, NULL, 'Y', 'e344769', '2012-05-22 14:44:36', 'N', 'A', NULL, NULL, NULL),
	('e402838', 'Huk,Pavel', '+420 53211 2094', 'Pavel.Huk@Honeywell.com', 1, 'NULL', 'N', 'e205842', '2011-08-01 09:03:17', 'N', 'T', '', '0000-00-00', '0000-00-00'),
	('e402848', 'Nygryn,Petr', '+420 532 11 6239', 'Petr.Nygryn@Honeywell.com', 1, 'NULL', 'Y', 'e677415', '0000-00-00 00:00:00', 'N', 'A', '', '0000-00-00', '0000-00-00'),
	('e402873', 'Jankuj,Milan', '+420 532 11 6238', 'Milan.Jankuj@Honeywell.com', 1, NULL, 'Y', 'e677415', '2012-05-03 09:38:03', 'N', 'A', NULL, NULL, NULL),
	('e407132', 'Lojan,Ondrej', '+420 545 501 664', 'Ondrej.Lojan@Honeywell.com', 1, NULL, 'Y', 'e205842', '2012-03-28 12:22:10', 'N', 'A', NULL, NULL, NULL),
	('e407719', 'Canda,Pavel', '', 'Pavel.Canda@Honeywell.com', 1, 'NULL', 'N', 'e277570', '2011-07-19 10:48:16', 'N', 'T', '', '0000-00-00', '0000-00-00'),
	('e410697', 'Sevela,Pavel', '+420 532 11 1681', 'Pavel.Sevela@Honeywell.com', 1, 'NULL', 'N', 'e206349', '2011-04-08 07:38:05', 'N', 'T', '', '0000-00-00', '0000-00-00'),
	('e410704', 'Tkany,Jan', '+420 532 11 5899', 'Jan.Tkany@Honeywell.com', 1, NULL, 'Y', 'e318919', '2011-02-21 15:38:01', 'N', 'A', NULL, NULL, NULL),
	('e410970', 'Haltmar,Bretislav', '(+420) 532 111 830', 'Bretislav.Haltmar@Honeywell.com', 1, NULL, 'Y', 'e223661', '2012-03-08 09:43:56', 'N', 'A', NULL, NULL, NULL),
	('e411049', 'Riha,Jan', '+420 54550 1833', 'Jan.Riha@Honeywell.com', 1, NULL, 'Y', 'e205842', '2012-05-17 12:06:01', 'N', 'A', NULL, NULL, NULL),
	('e415843', 'Holoubek,Lubomir', '+420532112312', 'Lubomir.Holoubek@Honeywell.com', 1, 'NULL', 'Y', 'e390631', '0000-00-00 00:00:00', 'N', 'A', '', '0000-00-00', '0000-00-00'),
	('e420412', 'Dedecek,Jiri', '+420545501970', 'Jiri.Dedecek@Honeywell.com', 1, NULL, 'Y', 'e677266', '2012-05-18 09:18:30', 'N', 'A', NULL, NULL, NULL),
	('e420560', 'Toul,Jiri', '2124', 'Jiri.Toul@Honeywell.com', 1, 'NULL', 'N', '', '0000-00-00 00:00:00', 'N', 'T', '', '0000-00-00', '0000-00-00'),
	('e425703', 'Sustek,Ladislav', '+420532115256', 'Ladislav.Sustek@Honeywell.com', 2, NULL, 'Y', 'e378675', '2013-07-18 07:56:47', 'N', 'A', NULL, NULL, NULL),
	('e425882', 'Halacka,Milan', '+420 53211 6236', 'Milan.Halacka@Honeywell.com', 1, 'NULL', 'Y', 'e677415', '2012-03-16 16:41:42', 'N', 'A', '', '0000-00-00', '0000-00-00'),
	('e435684', 'Manasek,Tomas', '+420 532 116 332', 'Tomas.Manasek@Honeywell.com', 1, NULL, 'Y', 'e435687', '2011-04-04 11:10:29', 'N', 'A', NULL, NULL, NULL),
	('e435685', 'Crha,Jan', '+420532111984', 'Jan.Crha@Honeywell.com', 1, 'NULL', 'Y', 'e232976', '0000-00-00 00:00:00', 'N', 'A', '', '0000-00-00', '0000-00-00'),
	('E435690', 'Sustek,Martin', '+420545501987', 'Martin.Sustek@Honeywell.com', 1, 'NULL', 'N', 'e324604', '0000-00-00 00:00:00', 'N', 'T', '', '0000-00-00', '0000-00-00'),
	('e436143', 'Kozak,Zdenek', '+420532111985', 'Zdenek.Kozak@Honeywell.com', 1, 'NULL', 'Y', 'e677413', '2011-04-11 09:37:36', 'N', 'A', '', '0000-00-00', '0000-00-00'),
	('e436340', 'Holik,Milan', '', 'Milan.Holik@Honeywell.com', 2, 'NULL', 'Y', 'e334629', '2012-02-22 12:20:38', 'N', 'A', '', '0000-00-00', '0000-00-00'),
	('e444788', 'Zlamal,Pavel', '+420532111761', 'Pavel.Zlamal@Honeywell.com', 1, 'NULL', 'Y', 'e675543', '2011-06-23 08:31:36', 'N', 'A', '', '0000-00-00', '0000-00-00'),
	('e445699', 'Simunek,Lubomir', '+420 532 11 5898', 'Lubomir.Simunek@Honeywell.com', 1, NULL, 'Y', 'e318919', '2012-04-12 09:05:28', 'N', 'A', NULL, NULL, NULL),
	('e447382', 'Lekes,Pavel', '+420545501648', 'Pavel.Lekes@Honeywell.com', 1, NULL, 'Y', 'e402730', '2012-05-30 01:20:07', 'N', 'A', NULL, NULL, NULL),
	('e449001', 'Zaoralkova,Linda', '+420545502205', 'Linda.Zaoralkova@Honeywell.com', 1, NULL, 'Y', 'e402730', '2012-03-05 07:48:07', 'N', 'A', NULL, NULL, NULL),
	('e450729', 'Weidner,Kurt', '(+49) 6261 81 420', 'Kurt.Weidner@Honeywell.com', 1, NULL, 'Y', '', '2012-03-09 15:29:19', 'N', 'A', NULL, NULL, NULL),
	('e454705', 'Viskup,Michal', '+420 54550 1258', 'Michal.Viskup@Honeywell.com', 1, NULL, 'Y', 'e205842', '2011-12-07 14:56:52', 'N', 'A', NULL, NULL, NULL),
	('e454790', 'Netopil,Jaroslav', '545502232', 'Jaroslav.Netopil@Honeywell.com', 1, 'NULL', 'Y', 'e205842', '0000-00-00 00:00:00', 'N', 'A', '', '0000-00-00', '0000-00-00'),
	('e457581', 'Chmelina,Petr', '+420 532 115 370', 'Petr.Chmelina@Honeywell.com', 1, NULL, 'Y', 'e495591', '2012-04-26 16:46:52', 'N', 'A', NULL, NULL, NULL),
	('E458393', 'Behal,Martin', '+420532112049', 'Martin.Behal@Honeywell.com', 1, 'NULL', 'Y', 'e324604', '0000-00-00 00:00:00', 'N', 'A', '', '0000-00-00', '0000-00-00'),
	('e459841', 'Vasicek,Radek', '+420 532 112 257', 'Radek.Vasicek@Honeywell.com', 1, 'NULL', 'Y', 'e205842', '2012-05-29 07:34:34', 'N', 'A', '', '0000-00-00', '0000-00-00'),
	('e463932', 'Hrenak,Daniel', '+420 532 115 283', 'Daniel.Hrenak@Honeywell.com', 1, 'NULL', 'Y', 'e398870', '2011-04-13 14:17:51', 'N', 'A', '', '0000-00-00', '0000-00-00'),
	('e465972', 'Flek,Tomas', '', 'Tomas.Flek@Honeywell.com', 1, 'NULL', 'N', 'e277570', '0000-00-00 00:00:00', 'N', 'T', '', '0000-00-00', '0000-00-00'),
	('e466085', 'Belhac,Jakub', '', 'Jakub.Belhac@Honeywell.com', 1, 'NULL', 'Y', 'e223661', '2012-05-24 16:00:27', 'N', 'A', '', '0000-00-00', '0000-00-00'),
	('e466124', 'Kubicek,Jan', '(+420) 53211 5385', 'Jan.Kubicek@Honeywell.com', 1, NULL, 'Y', 'e439986', '2011-08-26 11:16:52', 'N', 'A', NULL, NULL, NULL),
	('e466422', 'Soukup,Ludek', '+420 545 501 706', 'Ludek.Soukup@Honeywell.com', 1, 'NULL', 'Y', 'e277570', '2011-11-28 10:19:25', 'N', 'A', '', '0000-00-00', '0000-00-00'),
	('e470736', 'Olsa,Jiri', '+420 545 502 160', 'Jiri.Olsa@Honeywell.com', 1, 'NULL', 'Y', 'e205842', '2012-03-05 14:02:15', 'N', 'A', '', '0000-00-00', '0000-00-00'),
	('e475546', 'Malec,Milos', '+420 532 112 223', 'Milos.Malec@Honeywell.com', 1, 'NULL', 'N', 'e277570', '0000-00-00 00:00:00', 'N', 'T', '', '0000-00-00', '0000-00-00'),
	('e476520', 'Kamenicek,Robert', '', 'Robert.Kamenicek@Honeywell.com', 1, 'NULL', 'Y', 'e277570', '2012-05-30 10:57:25', 'N', 'A', '', '0000-00-00', '0000-00-00'),
	('e485657', 'Kosina,Jiri', '', '', 1, 'NULL', 'Y', '', '0000-00-00 00:00:00', 'N', 'A', '', '0000-00-00', '0000-00-00'),
	('e487910', 'Musil,Vaclav', '+420 53211 1620', 'Vaclav.Musil@Honeywell.com', 1, 'NULL', 'Y', 'e232976', '0000-00-00 00:00:00', 'N', 'A', '', '0000-00-00', '0000-00-00'),
	('e490164', 'Cervinkova,Marketa', '+420545501720', 'Marketa.Cervinkova@Honeywell.com', 1, NULL, 'Y', 'e344769', '2012-03-23 11:07:31', 'N', 'A', NULL, NULL, NULL),
	('e490736', 'Becvar,Daniel', '+420 54550 2237', 'Daniel.Becvar@Honeywell.com', 1, NULL, 'Y', 'e232976', '2011-09-14 08:52:53', 'N', 'A', NULL, NULL, NULL),
	('e493531', 'Krkoska,Milan', '+420 54550 2084', 'Milan.Krkoska@Honeywell.com', 1, 'NULL', 'Y', 'e232976', '2012-04-16 09:25:56', 'N', 'A', '', '0000-00-00', '0000-00-00'),
	('e493535', 'Habr,Martin', '+420532112073', 'Martin.Habr@Honeywell.com', 1, 'NULL', 'Y', 'e223661', '0000-00-00 00:00:00', 'N', 'A', '', '0000-00-00', '0000-00-00'),
	('e494059', 'Kapusta,Peter', '+420532116255', 'Peter.Kapusta@Honeywell.com', 1, NULL, 'Y', 'e374476', '2012-02-09 11:32:23', 'N', 'A', NULL, NULL, NULL),
	('e495735', 'Chytil,Jiri', '', 'Jiri.Chytil@Honeywell.com', 1, 'NULL', 'Y', 'e277570', '0000-00-00 00:00:00', 'N', 'A', '', '0000-00-00', '0000-00-00'),
	('e497520', 'Mikulastik,Jiri', '', 'Jiri.Mikulastik@Honeywell.com', 1, NULL, 'Y', 'e277570', '2012-05-09 08:21:17', 'N', 'A', NULL, NULL, NULL),
	('e500504', 'Matula,Libor', '+420 545 502 139', 'Libor.Matula@Honeywell.com', 1, NULL, 'Y', 'e277570', '2011-08-26 10:49:13', 'N', 'A', NULL, NULL, NULL),
	('e504738', 'Kosikova,Jana', '+420 545 502 076', 'Jana.Kosikova@Honeywell.com', 1, 'NULL', 'N', 'e344769', '2011-02-10 09:00:47', 'N', 'T', '', '0000-00-00', '0000-00-00'),
	('e516068', 'Zubcak,Tomas', '+420 532116389', 'Tomas.Zubcak@Honeywell.com', 1, NULL, 'Y', 'e378675', '2013-07-08 12:00:59', 'N', 'A', NULL, NULL, NULL),
	('e525128', 'Priskin,Jiri', '+420 54550 2003', 'Jiri.Priskin@Honeywell.com', 1, NULL, 'Y', 'e277570', '2012-04-25 09:56:24', 'N', 'A', NULL, NULL, NULL),
	('e525130', 'Kristek,Pavel', '', 'Pavel.Kristek@Honeywell.com', 1, NULL, 'Y', 'e277570', '2012-05-28 11:05:56', 'N', 'A', NULL, NULL, NULL),
	('e530002', 'Oslejsek,Jan', '+420 54550 2053', 'Jan.Oslejsek@Honeywell.com', 1, NULL, 'Y', 'e344769', '2012-04-17 14:15:22', 'N', 'A', NULL, NULL, NULL),
	('e530565', 'Novak,Pavel', '', 'Pavel.Novak@Honeywell.com', 1, NULL, 'Y', 'e277570', '2011-10-04 14:34:46', 'N', 'A', NULL, NULL, NULL),
	('e532734', 'Burkert,Viktor', '2087', 'Viktor.Burkert@Honeywell.com', 1, NULL, 'N', 'e402730', '2012-03-19 10:01:36', 'N', 'T', NULL, NULL, NULL),
	('e533175', 'Raninec,Michal', '', 'Michal.Raninec@Honeywell.com', 1, NULL, 'Y', 'e277570', '2011-11-28 12:49:07', 'N', 'A', NULL, NULL, NULL),
	('e535710', 'Knapo,Peter', '+420 545 502 131', 'Peter.Knapo@Honeywell.com', 1, NULL, 'Y', 'e344769', '2011-12-12 16:15:44', 'N', 'A', NULL, NULL, NULL),
	('e536792', 'Slovacek,Frantisek', '', 'Frantisek.Slovacek@Honeywell.com', 2, NULL, 'Y', 'e334629', '2012-05-30 11:49:16', 'N', 'A', NULL, NULL, NULL),
	('e536805', 'Mihai,Cosmin', '+420 532 115363', 'Cosmin.Mihai@Honeywell.com', 1, NULL, 'Y', 'e371927', '2011-04-26 15:26:59', 'N', 'A', NULL, NULL, NULL),
	('e538212', 'Cerny,Jakub', '532 111 603', 'Jakub.Cerny@Honeywell.com', 1, NULL, 'Y', 'e402730', '2012-03-09 13:34:17', 'N', 'A', NULL, NULL, NULL),
	('e540148', 'Kalvoda,Pavel', '+420 545 502 107', 'Pavel.Kalvoda@Honeywell.com', 1, NULL, 'Y', 'e677218', '2012-05-22 13:51:49', 'N', 'A', NULL, NULL, NULL),
	('e544561', 'Losak,Tomas', '+420532111769', 'Tomas.Losak@Honeywell.com', 1, NULL, 'Y', 'e232976', '2012-05-25 13:53:15', 'N', 'A', NULL, NULL, NULL),
	('e548723', 'Vitek,Juraj', '', 'Juraj.Vitek@Honeywell.com', 1, NULL, 'Y', 'e277570', '2011-07-07 08:50:45', 'N', 'A', NULL, NULL, NULL),
	('e555209', 'Cseri,Peter', '+420 532 115 221', 'Peter.Cseri@Honeywell.com', 1, NULL, 'Y', 'e401760', '2011-10-13 08:26:48', 'N', 'A', NULL, NULL, NULL),
	('e555540', 'Turon,Michal', '+420532116396', 'Michal.Turon@Honeywell.com', 2, NULL, 'Y', 'e378675', '2013-02-20 08:42:40', 'N', 'A', NULL, NULL, NULL),
	('e562021', 'Kusala,Petr', '+420 532 111 608', 'Petr.Kusala@Honeywell.com', 1, NULL, 'Y', 'e223661', '2012-05-21 12:37:20', 'N', 'A', NULL, NULL, NULL),
	('e563257', 'Macourek,Karel', '+420545501709', 'Karel.Macourek@Honeywell.com', 1, NULL, 'Y', 'e344769', '2012-04-17 13:33:50', 'N', 'A', NULL, NULL, NULL),
	('e568602', 'Dubovy,Lubos', '+420545502223', 'Lubos.Dubovy@Honeywell.com', 1, NULL, 'Y', 'e277570', '2012-02-13 13:24:37', 'N', 'A', NULL, NULL, NULL),
	('e570380', 'Pec,Martin', '+420545501701', 'Martin.Pec@Honeywell.com', 1, NULL, 'Y', 'e277570', '2012-02-24 08:27:12', 'N', 'A', NULL, NULL, NULL),
	('e592884', 'Krishna,Ananth', '', 'Ananth.Krishna@Honeywell.com', 1, NULL, 'Y', '', '2013-06-25 11:37:46', 'N', 'A', NULL, NULL, NULL),
	('e668474', 'Tarasco,Pier Paolo', '+41 (0)21 6953073', 'Pierpaolo.Tarasco@Honeywell.com', 1, NULL, 'Y', '', '2011-02-18 15:44:47', 'N', 'A', NULL, NULL, NULL),
	('e668970', 'Hilbers,Ralf', '49626181359', 'ralf.hilbers@honeywell.com', 1, NULL, 'Y', '', '2012-03-12 10:46:40', 'N', 'A', NULL, NULL, NULL),
	('e677219', 'Kucera,David', '+420 54550 1712', 'David.Kucera@Honeywell.com', 1, NULL, 'Y', 'e277570', '2011-11-16 09:39:58', 'N', 'A', NULL, NULL, NULL),
	('e677413', 'Rab,Frantisek', '+420 54550 1726', 'Frantisek.Rab@honeywell.com', 1, 'NULL', 'Y', 'e675543', '2012-05-22 14:35:41', 'N', 'A', '', '0000-00-00', '0000-00-00'),
	('e819996', 'Hala,Karel', '', 'Karel.Hala@Honeywell.com', 1, NULL, 'Y', 'e378675', '2013-07-08 14:53:29', 'N', 'A', NULL, NULL, NULL);
/*!40000 ALTER TABLE `users` ENABLE KEYS */;
/*!40101 SET SQL_MODE=IFNULL(@OLD_SQL_MODE, '') */;
/*!40014 SET FOREIGN_KEY_CHECKS=IF(@OLD_FOREIGN_KEY_CHECKS IS NULL, 1, @OLD_FOREIGN_KEY_CHECKS) */;
/*!40101 SET CHARACTER_SET_CLIENT=@OLD_CHARACTER_SET_CLIENT */;
